rank,source,deck_id,deck_name,leader_title,leader_type,meta_score,deck_price,views,likes,age_days,url
1,riot-bologna,riot-bologna-1-alanzq1,Bologna #1 - Alanzq1,"Ezreal, Prodigal Explorer",Legend,31.7734,464.75,34438.0,,88.08,https://riftbound.leagueoflegends.com/en-us/news/organizedplay/the-best-decks-out-of-bologna/
2,riot-bologna,riot-bologna-3-krowz,Bologna #3 - krowz,"Irelia, Blade Dancer",Legend,29.8793,424.76,,,210.35,https://riftbound.leagueoflegends.com/en-us/news/organizedplay/the-best-decks-out-of-bologna/
3,riot-bologna,riot-bologna-5-prismaticismism,Bologna #5 - Prismaticismism,"Draven, Glorious Executioner",Legend,29.4932,670.52,13320.0,,87.20,https://riftbound.leagueoflegends.com/en-us/news/organizedplay/the-best-decks-out-of-bologna/
4,riot-bologna,riot-bologna-6-randyyy,Bologna #6 - Randyyy,"Draven, Glorious Executioner",Legend,29.0170,512.17,,,210.35,https://riftbound.leagueoflegends.com/en-us/news/organizedplay/the-best-decks-out-of-bologna/
5,riot-bologna,riot-bologna-8-themanlandrft,Bologna #8 - TheManLandRFT,"Ezreal, Prodigal Explorer",Legend,27.9810,614.68,,,210.35,https://riftbound.leagueoflegends.com/en-us/news/organizedplay/the-best-decks-out-of-bologna/
6,mobalytics-tournament,ezreal-prodigal-explorer-s2-regional-open-chengdu-top-4-tingting,"Ezreal, Prodigal Explorer: S2 Regional Open Chengdu Top 4 (Omegаone.霆霆)","Ezreal, Prodigal Explorer",Legend,26.9894,480.86,485.0,5,19.00,https://mobalytics.gg/riftbound/decks/ezreal-prodigal-explorer-s2-regional-open-chengdu-top-4-tingting
7,mobalytics-tournament,draven-glorious-executioner-s2-regional-open-chengdu-top-8-dongwan-xingmao,"Draven, Glorious Executioner: S2 Regional Open Chengdu Top 8 (东莞星猫)","Draven, Glorious Executioner",Legend,26.5965,524.09,,,104.83,https://mobalytics.gg/riftbound/decks/draven-glorious-executioner-s2-regional-open-chengdu-top-8-dongwan-xingmao
8,mobalytics-tournament,irelia-blade-dancer-s2-regional-open-fuzhou-top-4-chiyue-xingxiu,"Irelia, Blade Dancer: S2 Regional Open Fuzhou Top 4 (赤月星宿)","Irelia, Blade Dancer",Legend,26.3061,376.51,8100.0,2,24.00,https://mobalytics.gg/riftbound/decks/irelia-blade-dancer-s2-regional-open-fuzhou-top-4-chiyue-xingxiu
9,piltoverarchive,578cb09d-58d8-49c1-a1d2-ca978d155bd2,1st Place Runes League Zesty Draven Gianluca Di Clemente(Dicle),"Draven, Glorious Executioner",Legend,25.8745,533.72,48300.0,12,25.00,https://piltoverarchive.com/decks/view/578cb09d-58d8-49c1-a1d2-ca978d155bd2
10,riot-bologna,riot-bologna-7-m4rcus99,Bologna #7 - M4rcus99,"Draven, Glorious Executioner",Legend,25.3871,362.96,,,210.35,https://riftbound.leagueoflegends.com/en-us/news/organizedplay/the-best-decks-out-of-bologna/
11,mobalytics-tournament,irelia-blade-dancer-s2-regional-open-fuzhou-top-8-trails,"Irelia, Blade Dancer: S2 Regional Open Fuzhou Top 8 (Trails)","Irelia, Blade Dancer",Legend,25.3112,376.70,,,111.11,https://mobalytics.gg/riftbound/decks/irelia-blade-dancer-s2-regional-open-fuzhou-top-8-trails
12,mobalytics-tournament,irelia-blade-dancer-s2-regional-open-chengdu-top-8-jianyi,"Irelia, Blade Dancer: S2 Regional Open Chengdu Top 8 (LineKа·健一)","Irelia, Blade Dancer",Legend,25.1967,372.44,,,104.83,https://mobalytics.gg/riftbound/decks/irelia-blade-dancer-s2-regional-open-chengdu-top-8-jianyi
13,riot-bologna,riot-bologna-4-ghosterdriver,Bologna #4 - Ghosterdriver,"Viktor, Herald of the Arcane",Legend,25.0986,125.01,,,210.35,https://riftbound.leagueoflegends.com/en-us/news/organizedplay/the-best-decks-out-of-bologna/
14,piltoverarchive,71708c76-5b3b-4e5c-8cef-14ad53ecbd6e,Irelia 2025 12 17,"Irelia, Blade Dancer",Legend,25.0571,549.69,125200.0,19,60.00,https://piltoverarchive.com/decks/view/71708c76-5b3b-4e5c-8cef-14ad53ecbd6e
15,riftboundgg,irelia-5th-at-lille-regional-qualifier,Irelia 5th at Lille Regional Qualifier,Irelia - Blade Dancer,Legend,24.5314,522.55,15208.0,,31.29,https://riftbound.gg/decks/irelia-5th-at-lille-regional-qualifier/
16,piltoverarchive,fe49ab73-0579-4854-8fc9-f71245547ee3,Best-Of Ezreal - 29th Place - Fuzhou Regional Open,"Ezreal, Prodigal Explorer",Legend,24.4935,510.55,12900.0,4,25.00,https://piltoverarchive.com/decks/view/fe49ab73-0579-4854-8fc9-f71245547ee3
17,piltoverarchive,f6a8a08e-44ac-4cc4-883a-8bb996eaeb3c,Winter League Bologna - 01/10/26 - 1st Place - Giаnlucа Di Clemente,"Draven, Glorious Executioner",Legend,24.4526,533.69,3800.0,0,30.00,https://piltoverarchive.com/decks/view/f6a8a08e-44ac-4cc4-883a-8bb996eaeb3c
18,piltoverarchive,a5152c8c-f221-4bf9-8660-229b2660541e,miracle draven,"Draven, Glorious Executioner",Legend,24.4205,529.43,3500.0,0,30.00,https://piltoverarchive.com/decks/view/a5152c8c-f221-4bf9-8660-229b2660541e
19,piltoverarchive,cec2752e-5980-4033-bca3-1f89c9dc8018,Chinese Miracle Draven,"Draven, Glorious Executioner",Legend,24.4043,524.06,2200.0,0,23.00,https://piltoverarchive.com/decks/view/cec2752e-5980-4033-bca3-1f89c9dc8018
20,riftboundgg,detonate-draven-wins-pro-play-summit-pittsburgh,Detonate Draven wins Pro-Play Summit: Pittsburgh,Draven - Glorious Executioner,Legend,24.3290,665.91,13959.0,,64.09,https://riftbound.gg/decks/detonate-draven-wins-pro-play-summit-pittsburgh/
21,piltoverarchive,297f54a8-ed84-4056-b2a2-5d029af6e9c8,Purple draven control,"Draven, Glorious Executioner",Legend,24.2713,557.54,2000.0,0,29.00,https://piltoverarchive.com/decks/view/297f54a8-ed84-4056-b2a2-5d029af6e9c8
22,riftboundgg,miracle-draven-runner-up-in-vegas,Miracle Draven Runner Up in Vegas,Draven - Glorious Executioner,Legend,24.2525,671.85,25867.0,,80.44,https://riftbound.gg/decks/miracle-draven-runner-up-in-vegas/
23,piltoverarchive,711f1760-6ee2-4341-9f13-7d8dc54a9d4f,Guangzhou 1st,"Irelia, Blade Dancer",Legend,24.2362,595.87,12500.0,1,23.00,https://piltoverarchive.com/decks/view/711f1760-6ee2-4341-9f13-7d8dc54a9d4f
24,piltoverarchive,9763100c-1bd9-4d08-9677-84da1dc1c514,Shanghai 1st,"Irelia, Blade Dancer",Legend,24.1891,547.90,4400.0,1,30.00,https://piltoverarchive.com/decks/view/9763100c-1bd9-4d08-9677-84da1dc1c514
25,mobalytics-tournament,draven-glorious-executioner-s2-regional-open-chengdu-1st-dongwan-xiongmao,"Draven, Glorious Executioner: S2 Regional Open Chengdu 1st (東莞熊貓)","Draven, Glorious Executioner",Legend,24.1330,282.18,478.0,3,20.00,https://mobalytics.gg/riftbound/decks/draven-glorious-executioner-s2-regional-open-chengdu-1st-dongwan-xiongmao
26,piltoverarchive,016b20da-97f9-40d7-be19-36f430c68b47,Draven Italy Winter League winner,"Draven, Glorious Executioner",Legend,24.0823,533.66,1300.0,0,30.00,https://piltoverarchive.com/decks/view/016b20da-97f9-40d7-be19-36f430c68b47
27,piltoverarchive,7d2dae17-c7a6-4ba9-9dda-b20e2bcd84a4,Ratzreal,"Ezreal, Prodigal Explorer",Legend,24.0738,494.48,812.0,15,18.00,https://piltoverarchive.com/decks/view/7d2dae17-c7a6-4ba9-9dda-b20e2bcd84a4
28,piltoverarchive,7e5524b7-bc8e-4796-82d3-ff1a2797a644,[set 2] Draven,"Draven, Glorious Executioner",Legend,24.0594,507.12,1400.0,0,29.00,https://piltoverarchive.com/decks/view/7e5524b7-bc8e-4796-82d3-ff1a2797a644
29,piltoverarchive,840ad65e-d916-4835-bed5-f2d6a453645a,ezreal well,"Ezreal, Prodigal Explorer",Legend,24.0110,414.29,6400.0,2,30.00,https://piltoverarchive.com/decks/view/840ad65e-d916-4835-bed5-f2d6a453645a
30,piltoverarchive,b3109795-1241-46de-aecc-b89fb7c6a530,irelia 2nd place Chinese streamer cup - 80 person,"Irelia, Blade Dancer",Legend,24.0023,529.11,18100.0,0,60.00,https://piltoverarchive.com/decks/view/b3109795-1241-46de-aecc-b89fb7c6a530
31,piltoverarchive,45e3ca5d-9c52-452d-8f5b-4bae72a01d72,Ezreal Test,"Ezreal, Prodigal Explorer",Legend,23.9902,407.81,7400.0,0,30.00,https://piltoverarchive.com/decks/view/45e3ca5d-9c52-452d-8f5b-4bae72a01d72
32,piltoverarchive,66b108fa-8e0d-424b-a06b-02b12c610c17,Irelia miracle v1,"Irelia, Blade Dancer",Legend,23.9804,791.75,1600.0,0,30.00,https://piltoverarchive.com/decks/view/66b108fa-8e0d-424b-a06b-02b12c610c17
33,piltoverarchive,0bc37541-b4da-4c40-a645-a67fa92de5b1,Turbo Draven,"Draven, Glorious Executioner",Legend,23.9483,485.33,1600.0,0,15.00,https://piltoverarchive.com/decks/view/0bc37541-b4da-4c40-a645-a67fa92de5b1
34,piltoverarchive,8ba497b9-4bf2-4985-9833-77a5db5384bc,[set 2] irelia,"Irelia, Blade Dancer",Legend,23.8938,603.55,1800.0,0,30.00,https://piltoverarchive.com/decks/view/8ba497b9-4bf2-4985-9833-77a5db5384bc
35,piltoverarchive,eda849be-b4a7-4dcb-bd2b-93c60929797c,EZ GO 6.3,"Ezreal, Prodigal Explorer",Legend,23.8870,472.23,4500.0,0,30.00,https://piltoverarchive.com/decks/view/eda849be-b4a7-4dcb-bd2b-93c60929797c
36,piltoverarchive,e59e3214-040c-45c7-ac92-4be5fc4e4844,Protect the Queen!,"Irelia, Blade Dancer",Legend,23.8453,554.35,1600.0,1,30.00,https://piltoverarchive.com/decks/view/e59e3214-040c-45c7-ac92-4be5fc4e4844
37,piltoverarchive,6212914b-ea68-4812-b2f6-180e69f66c26,Zognolo - Runes &amp; Rift Invitational,"Ezreal, Prodigal Explorer",Legend,23.8393,483.11,3800.0,0,30.00,https://piltoverarchive.com/decks/view/6212914b-ea68-4812-b2f6-180e69f66c26
38,riftboundgg,draven-wins-bologna,Draven wins Bologna,Draven - Glorious Executioner,Legend,23.8053,621.27,47504.0,,128.63,https://riftbound.gg/decks/draven-wins-bologna/
39,piltoverarchive,fa15f0c9-74c5-4cf6-b30a-707243302ac9,Irelia SFD Playtesting,"Irelia, Blade Dancer",Legend,23.7901,530.79,1200.0,0,25.00,https://piltoverarchive.com/decks/view/fa15f0c9-74c5-4cf6-b30a-707243302ac9
40,piltoverarchive,c0febe8d-11a1-4ef1-9df8-375d1e41d139,1st place group A (Ascension League Season 2 - Stage 3) - 19/01/2026,"Irelia, Blade Dancer",Legend,23.7844,439.53,1600.0,0,26.00,https://piltoverarchive.com/decks/view/c0febe8d-11a1-4ef1-9df8-375d1e41d139
41,piltoverarchive,73fade1b-af17-4518-8294-52a60fbed184,[set 2] ezreal,"Ezreal, Prodigal Explorer",Legend,23.7818,501.25,2400.0,0,26.00,https://piltoverarchive.com/decks/view/73fade1b-af17-4518-8294-52a60fbed184
42,piltoverarchive,9d5f202d-e981-4db6-855c-b6da09c7ca47,Riftlab Irelia,"Irelia, Blade Dancer",Legend,23.7746,417.58,2100.0,0,30.00,https://piltoverarchive.com/decks/view/9d5f202d-e981-4db6-855c-b6da09c7ca47
43,piltoverarchive,3d9eedb6-5f54-4b43-9402-02a064f65e00,Irelia 3-0 URF Ascention,"Irelia, Blade Dancer",Legend,23.7439,630.03,1100.0,0,30.00,https://piltoverarchive.com/decks/view/3d9eedb6-5f54-4b43-9402-02a064f65e00
44,riftboundgg,best-irelia-from-bologna,Best Irelia from Bologna,Irelia - Blade Dancer,Legend,23.7317,475.26,39579.0,,88.11,https://riftbound.gg/decks/best-irelia-from-bologna/
45,piltoverarchive,bebbabef-57c7-4ff1-98f2-edfb2081dc7d,Yuuto&#x27;s Ezreal,"Ezreal, Prodigal Explorer",Legend,23.7239,529.91,2400.0,0,30.00,https://piltoverarchive.com/decks/view/bebbabef-57c7-4ff1-98f2-edfb2081dc7d
46,piltoverarchive,c9210441-7101-4c83-84ad-f27c2bec28d8,[SFD] Blue Ezreal,"Ezreal, Prodigal Explorer",Legend,23.7234,423.72,18600.0,1,60.00,https://piltoverarchive.com/decks/view/c9210441-7101-4c83-84ad-f27c2bec28d8
47,piltoverarchive,4f22f2c1-a794-49e7-975a-4adaa59de085,Irelia,"Irelia, Blade Dancer",Legend,23.6930,435.69,1400.0,0,28.00,https://piltoverarchive.com/decks/view/4f22f2c1-a794-49e7-975a-4adaa59de085
48,piltoverarchive,b78657ca-809a-410a-b7e0-47ab7f1e8501,SF Windrider,"Irelia, Blade Dancer",Legend,23.6891,542.94,5700.0,0,60.00,https://piltoverarchive.com/decks/view/b78657ca-809a-410a-b7e0-47ab7f1e8501
49,piltoverarchive,501a30fd-fc9f-497d-89e8-9c5c2806a6b1,Irelia broken,"Irelia, Blade Dancer",Legend,23.6169,763.58,2500.0,0,60.00,https://piltoverarchive.com/decks/view/501a30fd-fc9f-497d-89e8-9c5c2806a6b1
50,piltoverarchive,f8fe9ae4-afa3-4be1-9990-d73cf6e43271,【City Challenge】Tianjin Station - #3,"Irelia, Blade Dancer",Legend,23.5759,450.50,5200.0,0,60.00,https://piltoverarchive.com/decks/view/f8fe9ae4-afa3-4be1-9990-d73cf6e43271
51,riftboundgg,best-irelia-from-vegas,Best Irelia from Vegas,Irelia - Blade Dancer,Legend,23.5654,402.27,29637.0,,80.08,https://riftbound.gg/decks/best-irelia-from-vegas/
52,riftboundgg,irelia-top-4-nanjing-regional,Irelia Top 4 Nanjing Regional,Irelia - Blade Dancer,Legend,23.5429,516.66,31003.0,,102.02,https://riftbound.gg/decks/irelia-top-4-nanjing-regional/
53,piltoverarchive,ed1f93b5-3ead-4c1c-a200-5b2d1f28ca71,2nd Place - Dalian Regional Open,"Ezreal, Prodigal Explorer",Legend,23.5333,516.06,418.0,2,11.00,https://piltoverarchive.com/decks/view/ed1f93b5-3ead-4c1c-a200-5b2d1f28ca71
54,piltoverarchive,7ece3d08-5ca3-45cc-8c6c-46dd43d19c3b,Irelia 2nd - CowCowCup (80 players),"Irelia, Blade Dancer",Legend,23.5317,529.12,3400.0,0,60.00,https://piltoverarchive.com/decks/view/7ece3d08-5ca3-45cc-8c6c-46dd43d19c3b
55,piltoverarchive,3a58f954-514d-4d2b-8896-c3457526000a,4th place group B (Ascension League Season 2 - Stage 3) - 19/01/2026,"Ezreal, Prodigal Explorer",Legend,23.5159,514.15,1100.0,0,26.00,https://piltoverarchive.com/decks/view/3a58f954-514d-4d2b-8896-c3457526000a
56,piltoverarchive,b83fda70-0519-4dec-9f81-0dc9aae4ae78,"Irelia, the kaisa killer","Irelia, Blade Dancer",Legend,23.4745,438.06,3800.0,0,60.00,https://piltoverarchive.com/decks/view/b83fda70-0519-4dec-9f81-0dc9aae4ae78
57,piltoverarchive,4216734f-0652-4ce7-9b34-b69d02a3b112,Runes and Rift Weekly - Jan 14th - 4th Place - NATUREAL,"Irelia, Blade Dancer",Legend,23.4736,445.50,764.0,0,29.00,https://piltoverarchive.com/decks/view/4216734f-0652-4ce7-9b34-b69d02a3b112
58,piltoverarchive,77cde3b1-b99a-4f7f-89e0-ba5e2aeb6ca1,rat ezreal,"Ezreal, Prodigal Explorer",Legend,23.4668,470.74,1200.0,0,28.00,https://piltoverarchive.com/decks/view/77cde3b1-b99a-4f7f-89e0-ba5e2aeb6ca1
59,riftboundgg,ezreal-runner-up-in-dinan-regional,Ezreal Runner Up in Dinan Regional,Ezreal - Prodigal Explorer,Legend,23.4602,651.90,47988.0,,109.11,https://riftbound.gg/decks/ezreal-runner-up-in-dinan-regional/
60,piltoverarchive,ef82c2ec-6dd4-4f0b-87b0-5f49bc80e6a5,34th Winter League Bologna - Bubo,"Irelia, Blade Dancer",Legend,23.4601,453.00,756.0,0,30.00,https://piltoverarchive.com/decks/view/ef82c2ec-6dd4-4f0b-87b0-5f49bc80e6a5
61,piltoverarchive,0083f5bc-f8f3-471e-b910-425e0fd30dc8,PRESIDENT_IRELIA,"Irelia, Blade Dancer",Legend,23.4305,510.29,2300.0,1,60.00,https://piltoverarchive.com/decks/view/0083f5bc-f8f3-471e-b910-425e0fd30dc8
62,piltoverarchive,e9416e03-5da6-4417-81ac-1d1f862cf502,4th place group A (Ascension League Season 2 - Stage 3) - 19/01/2026,"Ezreal, Prodigal Explorer",Legend,23.4249,470.49,957.0,0,26.00,https://piltoverarchive.com/decks/view/e9416e03-5da6-4417-81ac-1d1f862cf502
63,piltoverarchive,6beed063-ac76-4272-b908-7a40cec403de,2nd Dalian Regional Ezreal,"Ezreal, Prodigal Explorer",Legend,23.4091,579.40,326.0,1,13.00,https://piltoverarchive.com/decks/view/6beed063-ac76-4272-b908-7a40cec403de
64,piltoverarchive,2a0a23f2-2105-4690-b8d1-7cac37204c82,Tempo Ez yuuto,"Ezreal, Prodigal Explorer",Legend,23.4047,398.84,1400.0,0,30.00,https://piltoverarchive.com/decks/view/2a0a23f2-2105-4690-b8d1-7cac37204c82
65,mobalytics-tournament,kai-sa-daughter-of-the-void-scgcon-vegas-top8-tingfengw,"Kai'Sa, Daughter of the Void: SCG Vegas Riftbound 10K Constructed Top 8 (Tingfeng W.)","Kai'Sa, Daughter of the Void",Legend,23.3950,374.42,2500.0,0,90.00,https://mobalytics.gg/riftbound/decks/kai-sa-daughter-of-the-void-scgcon-vegas-top8-tingfengw
66,piltoverarchive,f00d12c2-556a-498b-b3ac-50ea0f05e07f,Control Ezreal (WIP),"Ezreal, Prodigal Explorer",Legend,23.3821,454.34,5400.0,0,60.00,https://piltoverarchive.com/decks/view/f00d12c2-556a-498b-b3ac-50ea0f05e07f
67,riftboundgg,irelia-top-4-fuzhou-regional,Irelia Top 4 Fuzhou Regional,Irelia - Blade Dancer,Legend,23.3817,472.29,45475.0,,121.09,https://riftbound.gg/decks/irelia-top-4-fuzhou-regional/
68,piltoverarchive,bbcb5068-04bb-4e39-a1c9-9f5017345409,real ez,"Ezreal, Prodigal Explorer",Legend,23.3730,533.65,4000.0,0,60.00,https://piltoverarchive.com/decks/view/bbcb5068-04bb-4e39-a1c9-9f5017345409
69,piltoverarchive,7651a687-5dbe-49bd-a58d-e185f9840e35,real ez v2,"Ezreal, Prodigal Explorer",Legend,23.3651,559.16,3600.0,0,60.00,https://piltoverarchive.com/decks/view/7651a687-5dbe-49bd-a58d-e185f9840e35
70,piltoverarchive,03326520-f02a-4401-a102-d5b34528bc1e,Irelia - Early Spiritforge v1.1,"Irelia, Blade Dancer",Legend,23.3649,543.22,1800.0,0,60.00,https://piltoverarchive.com/decks/view/03326520-f02a-4401-a102-d5b34528bc1e
71,riftboundgg,irelia-wins-guangzhou-city-challenge-2812,Irelia wins Guangzhou City Challenge 28/12,Irelia - Blade Dancer,Legend,23.3571,691.58,23209.0,,128.46,https://riftbound.gg/decks/irelia-wins-guangzhou-city-challenge-2812/
72,piltoverarchive,eb775671-b5ca-4b05-ba86-5d0baa117def,Irelia Q Yasuo E,"Irelia, Blade Dancer",Legend,23.3498,586.63,1500.0,0,60.00,https://piltoverarchive.com/decks/view/eb775671-b5ca-4b05-ba86-5d0baa117def
73,piltoverarchive,8e86faa7-3a7c-4a0c-9f7d-c00443d15ab9,Irelia draws + smacks,"Irelia, Blade Dancer",Legend,23.3177,491.09,1800.0,0,60.00,https://piltoverarchive.com/decks/view/8e86faa7-3a7c-4a0c-9f7d-c00443d15ab9
74,piltoverarchive,42677dbb-f375-474f-ae97-c6eb3fc8f5f7,Guangzhou City Challenge 28th December - 2nd Place -  萧爷要食竹,"Irelia, Blade Dancer",Legend,23.2834,428.30,2000.0,0,60.00,https://piltoverarchive.com/decks/view/42677dbb-f375-474f-ae97-c6eb3fc8f5f7
75,riftboundgg,ezreal-top-4-chengdu-regional,Ezreal Top 4 Chengdu Regional,Ezreal - Prodigal Explorer,Legend,23.2218,553.42,31644.0,,116.10,https://riftbound.gg/decks/ezreal-top-4-chengdu-regional/
76,piltoverarchive,27e3b5f8-8c62-4419-9fcb-bb144fbc57cf,Mogly Games - Irelia v1.0,"Irelia, Blade Dancer",Legend,23.2005,464.88,1300.0,0,60.00,https://piltoverarchive.com/decks/view/27e3b5f8-8c62-4419-9fcb-bb144fbc57cf
77,piltoverarchive,ef87dada-acbf-43be-b92c-eaab084d84ab,True Display of... Skill?,"Ezreal, Prodigal Explorer",Legend,23.1969,435.48,3000.0,0,60.00,https://piltoverarchive.com/decks/view/ef87dada-acbf-43be-b92c-eaab084d84ab
78,piltoverarchive,9ceed321-8395-43d7-a8fb-4a903f9faac7,Irelia day 1,"Irelia, Blade Dancer",Legend,23.1946,589.27,3000.0,0,90.00,https://piltoverarchive.com/decks/view/9ceed321-8395-43d7-a8fb-4a903f9faac7
79,piltoverarchive,d8caf43c-d862-4f6b-bfa4-130e837063f7,【City Challenge】Guangzhou Station - #23,"Ezreal, Prodigal Explorer",Legend,23.1449,424.81,2600.0,0,60.00,https://piltoverarchive.com/decks/view/d8caf43c-d862-4f6b-bfa4-130e837063f7
80,riftboundgg,ezreal-top-4-jinan-city-challenge,Ezreal Top 4 Jinan City Challenge,Ezreal - Prodigal Explorer,Legend,23.1209,647.35,23623.0,,128.48,https://riftbound.gg/decks/ezreal-top-4-jinan-city-challenge/
81,piltoverarchive,1c976876-73c4-4171-8f65-d1805d5002e7,EZ Downwell Anomaly,"Ezreal, Prodigal Explorer",Legend,22.9496,496.97,1000.0,0,60.00,https://piltoverarchive.com/decks/view/1c976876-73c4-4171-8f65-d1805d5002e7
82,piltoverarchive,77f54511-11ac-42ab-ad30-fbe1da108f6a,ezreal,"Ezreal, Prodigal Explorer",Legend,22.9368,505.27,3300.0,0,90.00,https://piltoverarchive.com/decks/view/77f54511-11ac-42ab-ad30-fbe1da108f6a
83,piltoverarchive,bddda4b9-c718-4faa-8178-59c7f80a586c,&lt;3 IRELA &lt;3 future tier ZERO,"Irelia, Blade Dancer",Legend,22.7379,328.50,10300.0,0,10.00,https://piltoverarchive.com/decks/view/bddda4b9-c718-4faa-8178-59c7f80a586c
84,piltoverarchive,8fcca87b-fbe6-4997-8d7a-1237b1d7de1a,3rd place group B (Ascension League Season 2 - Stage 2) - 13/01/2026,"Irelia, Blade Dancer",Legend,22.7061,353.27,6500.0,0,30.00,https://piltoverarchive.com/decks/view/8fcca87b-fbe6-4997-8d7a-1237b1d7de1a
85,piltoverarchive,23f4439a-3bf6-4e57-940d-12c57adb2ebb,One Woman Army,"Irelia, Blade Dancer",Legend,22.6305,347.37,5200.0,0,23.00,https://piltoverarchive.com/decks/view/23f4439a-3bf6-4e57-940d-12c57adb2ebb
86,piltoverarchive,5937312d-8a14-4911-b95b-ab7de6b1503f,Irelia Deck Brew,"Irelia, Blade Dancer",Legend,22.1284,463.20,2600.0,0,6.00,https://piltoverarchive.com/decks/view/5937312d-8a14-4911-b95b-ab7de6b1503f
87,mobalytics-tournament,fiora-grand-duelist-s2-regional-open-fuzhou-2nd-shao-xia-snnnnnn,"Fiora, Grand Duelist: S2 Regional Open Fuzhou 2nd (EDG.BTM.少侠SNnnnn - 派派总监版)","Fiora, Grand Duelist",Legend,22.1064,236.99,35200.0,31,24.00,https://mobalytics.gg/riftbound/decks/fiora-grand-duelist-s2-regional-open-fuzhou-2nd-shao-xia-snnnnnn
88,mobalytics-tournament,draven-glorious-executioner-s2-regional-open-fuzhou-top-4-tiantang-zhizao,"Draven, Glorious Executioner: S2 Regional Open Fuzhou Top 4 (天堂制造)","Draven, Glorious Executioner",Legend,21.9008,273.93,,,111.11,https://mobalytics.gg/riftbound/decks/draven-glorious-executioner-s2-regional-open-fuzhou-top-4-tiantang-zhizao
89,piltoverarchive,b63cece4-f159-445b-814b-265f10667329,Irelia deck,"Irelia, Blade Dancer",Legend,21.8891,337.48,2000.0,1,30.00,https://piltoverarchive.com/decks/view/b63cece4-f159-445b-814b-265f10667329
90,piltoverarchive,262f2eed-73c2-446f-9254-1f7afbd531fb,Irelia aggro,"Irelia, Blade Dancer",Legend,21.7955,353.17,1900.0,0,60.00,https://piltoverarchive.com/decks/view/262f2eed-73c2-446f-9254-1f7afbd531fb
91,piltoverarchive,f5ff2eae-5a9f-4598-a791-d5c17d11010c,Irelia - Huizhou City Challenge,"Irelia, Blade Dancer",Legend,21.7903,337.83,1600.0,0,30.00,https://piltoverarchive.com/decks/view/f5ff2eae-5a9f-4598-a791-d5c17d11010c
92,mobalytics-tournament,fiora-grand-duelist-s2-regional-open-chengdu-2nd-shandianjia-keji,"Fiora, Grand Duelist: S2 Regional Open Chengdu 2nd (闪电家丶克己)","Fiora, Grand Duelist",Legend,21.7559,204.15,,,104.83,https://mobalytics.gg/riftbound/decks/fiora-grand-duelist-s2-regional-open-chengdu-2nd-shandianjia-keji
93,piltoverarchive,c9db9d7d-a372-4e4a-b2f8-b2f62caed8c2,Purple Ezreal Tempo,"Ezreal, Prodigal Explorer",Legend,21.7302,325.59,3300.0,0,60.00,https://piltoverarchive.com/decks/view/c9db9d7d-a372-4e4a-b2f8-b2f62caed8c2
94,piltoverarchive,b9f70226-597e-4f84-92d7-3350a6470b2b,The League of Draven! V2,"Draven, Glorious Executioner",Legend,21.6588,399.29,1500.0,0,30.00,https://piltoverarchive.com/decks/view/b9f70226-597e-4f84-92d7-3350a6470b2b
95,mobalytics-tournament,draven-glorious-executioner-s2-regional-open-fuzhou-1st-aipotu,"Draven, Glorious Executioner: S2 Regional Open Fuzhou 1st (Aipotu)","Draven, Glorious Executioner",Legend,21.6413,199.85,,,111.12,https://mobalytics.gg/riftbound/decks/draven-glorious-executioner-s2-regional-open-fuzhou-1st-aipotu
96,mobalytics-tournament,master-yi-wuju-bladesman-houston-regional-qualifier-2nd-blargh1111,"Master Yi, Wuju Bladesman: Houston Regional Qualifier 2nd (Blargh1111)","Master Yi, Wuju Bladesman",Legend,21.4785,164.87,,,126.10,https://mobalytics.gg/riftbound/decks/master-yi-wuju-bladesman-houston-regional-qualifier-2nd-blargh1111
97,riftboundgg,draven-wins-new-zealand-10k-open,Draven wins New Zealand 10K Open,Draven - Glorious Executioner,Legend,21.4781,370.61,17362.0,,0.76,https://riftbound.gg/decks/draven-wins-new-zealand-10k-open/
98,piltoverarchive,3fdf0470-2168-484b-98ca-522c362bbd69,RiftLounge - Runes &amp; Rift Invitational,"Irelia, Blade Dancer",Legend,21.3934,328.43,1100.0,0,30.00,https://piltoverarchive.com/decks/view/3fdf0470-2168-484b-98ca-522c362bbd69
99,piltoverarchive,0a0dfb11-739e-43f8-92f8-19d0afb51681,860 Miracle Draven 2.1 SFD,"Draven, Glorious Executioner",Legend,21.0993,379.14,1200.0,0,30.00,https://piltoverarchive.com/decks/view/0a0dfb11-739e-43f8-92f8-19d0afb51681
100,piltoverarchive,c9ea56df-2a1c-4a6f-95b6-abce7e1b754a,THE President Irelia,"Irelia, Blade Dancer",Legend,20.9387,297.12,2800.0,1,25.00,https://piltoverarchive.com/decks/view/c9ea56df-2a1c-4a6f-95b6-abce7e1b754a
101,piltoverarchive,a14e8bb0-b9b7-4bf9-b7e7-739f3d31f5ca,*2.0-UPDATED*,"Irelia, Blade Dancer",Legend,20.8758,380.67,16600.0,6,3.00,https://piltoverarchive.com/decks/view/a14e8bb0-b9b7-4bf9-b7e7-739f3d31f5ca
102,piltoverarchive,89e934a2-ed6a-4fb4-b861-1e9d3c5b33fd,Mono Purple Ezreal v2,"Ezreal, Prodigal Explorer",Legend,20.8687,612.83,2200.0,0,4.00,https://piltoverarchive.com/decks/view/89e934a2-ed6a-4fb4-b861-1e9d3c5b33fd
103,piltoverarchive,abec6396-db72-4605-9e7b-630afab8c807,Best Aggro Irelia Deck,"Irelia, Blade Dancer",Legend,20.8362,322.28,1400.0,0,60.00,https://piltoverarchive.com/decks/view/abec6396-db72-4605-9e7b-630afab8c807
104,mobalytics-tournament,draven-glorious-executioner-s2-regional-open-chengdu-top-8-hei-tianshi,"Draven, Glorious Executioner: S2 Regional Open Chengdu Top 8 (LineKа·黑天使)","Draven, Glorious Executioner",Legend,20.8204,271.10,,,104.83,https://mobalytics.gg/riftbound/decks/draven-glorious-executioner-s2-regional-open-chengdu-top-8-hei-tianshi
105,piltoverarchive,320aeafc-3676-4697-8a64-f8f9eefa0c0e,BEST DRAVEN DECK SO FAR (FULLY TESTED),"Draven, Glorious Executioner",Legend,20.7851,353.39,18800.0,0,60.00,https://piltoverarchive.com/decks/view/320aeafc-3676-4697-8a64-f8f9eefa0c0e
106,piltoverarchive,11566f06-1b2b-44cf-8687-1db133025ece,[TESTED] cyberbb&#x27;s Irelia - GOTTA GO FAST,"Irelia, Blade Dancer",Legend,20.7696,291.54,23300.0,2,60.00,https://piltoverarchive.com/decks/view/11566f06-1b2b-44cf-8687-1db133025ece
107,piltoverarchive,b1870c9b-4590-4e00-8fe0-6bfb33c2a576,fully tested perfect draven. you are welcome who needs more reveals,"Draven, Glorious Executioner",Legend,20.7615,389.67,2500.0,0,90.00,https://piltoverarchive.com/decks/view/b1870c9b-4590-4e00-8fe0-6bfb33c2a576
108,mobalytics-tournament,draven-glorious-executioner-s2-regional-open-fuzhou-top-8-bu-qi,"Draven, Glorious Executioner: S2 Regional Open Fuzhou Top 8 (布启)","Draven, Glorious Executioner",Legend,20.6897,266.53,,,111.11,https://mobalytics.gg/riftbound/decks/draven-glorious-executioner-s2-regional-open-fuzhou-top-8-bu-qi
109,piltoverarchive,747e1747-5b65-405e-a795-34fe806c717e,【City Challenge】Guangzhou Station - #57,"Ezreal, Prodigal Explorer",Legend,20.6820,289.27,4100.0,0,60.00,https://piltoverarchive.com/decks/view/747e1747-5b65-405e-a795-34fe806c717e
110,piltoverarchive,3058d82b-9035-48f3-a81e-6d981615349c,Dancing Through Battlefields,"Irelia, Blade Dancer",Legend,20.6811,312.16,2300.0,0,60.00,https://piltoverarchive.com/decks/view/3058d82b-9035-48f3-a81e-6d981615349c
111,piltoverarchive,d5fe7cc3-d907-472c-9ccb-871f73e9a016,aleks woody - Runes &amp; Rift Invitational,"Irelia, Blade Dancer",Legend,20.6804,297.67,1900.0,0,30.00,https://piltoverarchive.com/decks/view/d5fe7cc3-d907-472c-9ccb-871f73e9a016
112,mobalytics-tournament,draven-glorious-executioner-s2-regional-open-fuzhou-top-8-haidao-pasiqi,"Draven, Glorious Executioner: S2 Regional Open Fuzhou Top 8 (海盗帕奇斯)","Draven, Glorious Executioner",Legend,20.6480,265.08,,,111.11,https://mobalytics.gg/riftbound/decks/draven-glorious-executioner-s2-regional-open-fuzhou-top-8-haidao-pasiqi
113,riftboundgg,midrange-draven-wins-vegas,Midrange Draven wins Vegas,Draven - Glorious Executioner,Legend,20.6421,356.93,25802.0,,80.46,https://riftbound.gg/decks/midrange-draven-wins-vegas/
114,riftboundgg,draven-wins-chengdu-regional,Draven wins Chengdu regional,Draven - Glorious Executioner,Legend,20.6170,366.98,50547.0,,116.10,https://riftbound.gg/decks/draven-wins-chengdu-regional/
115,mobalytics-tournament,annie-dark-child-1st-houston-regional-qualifier-dhawally,"Annie, Dark Child: Houston Regional Qualifier 1st (Dhawally)","Annie, Dark Child",Legend,20.6059,293.28,97500.0,4,27.00,https://mobalytics.gg/riftbound/decks/annie-dark-child-1st-houston-regional-qualifier-dhawally
116,piltoverarchive,7b8f28e0-bd0c-4d6e-a3bc-e9b774319e70,Kai&#x27;Sa- Mono Blue Spellslinger [Midrange],"Kai'Sa, Daughter of the Void",Legend,20.6059,524.62,14700.0,5,180.00,https://piltoverarchive.com/decks/view/7b8f28e0-bd0c-4d6e-a3bc-e9b774319e70
117,piltoverarchive,c3ac063e-818b-47b0-8feb-8e8719890ffc,Consistent Viktor Deck - Intellectual Adz YouTube,"Viktor, Herald of the Arcane",Legend,20.4944,144.30,18900.0,4,30.00,https://piltoverarchive.com/decks/view/c3ac063e-818b-47b0-8feb-8e8719890ffc
118,riftboundgg,kaisa-daughter-of-the-void-deck-xugsh,Kai'Sa Daughter of the Void Deck,Kai'Sa - Daughter of the Void,Legend,20.4197,835.34,42994.0,,296.14,https://riftbound.gg/decks/kaisa-daughter-of-the-void-deck-xugsh/
119,piltoverarchive,57ab7dcb-8541-4306-be80-b35ef22d04be,4th Place - Nanjing Regional Open,"Irelia, Blade Dancer",Legend,20.3484,420.89,151.0,1,5.00,https://piltoverarchive.com/decks/view/57ab7dcb-8541-4306-be80-b35ef22d04be
120,piltoverarchive,96aded0d-d72b-43d7-a5a2-51280be3bf44,Draven 1st - CowCowCup (80 players),"Draven, Glorious Executioner",Legend,20.3198,328.32,26500.0,3,60.00,https://piltoverarchive.com/decks/view/96aded0d-d72b-43d7-a5a2-51280be3bf44
121,piltoverarchive,f9f02d54-0961-441f-932e-9c6a921fc056,Ezreal Test Deck v5,"Ezreal, Prodigal Explorer",Legend,20.2662,494.13,2400.0,0,3.00,https://piltoverarchive.com/decks/view/f9f02d54-0961-441f-932e-9c6a921fc056
122,piltoverarchive,c27b1140-b095-4b80-8e5a-882d74c98981,Irelia Playtest,"Irelia, Blade Dancer",Legend,20.2605,299.30,2000.0,0,60.00,https://piltoverarchive.com/decks/view/c27b1140-b095-4b80-8e5a-882d74c98981
123,riot-bologna,riot-bologna-9-fisica,Bologna #9 - fisica,"Kai'Sa, Daughter of the Void",Legend,20.2600,201.03,,,210.35,https://riftbound.leagueoflegends.com/en-us/news/organizedplay/the-best-decks-out-of-bologna/
124,piltoverarchive,e65b326c-b4ed-40b1-9917-14ee3312e61d,Midrange Irelia,"Irelia, Blade Dancer",Legend,20.2475,307.13,2900.0,0,90.00,https://piltoverarchive.com/decks/view/e65b326c-b4ed-40b1-9917-14ee3312e61d
125,mobalytics-tournament,sett-the-boss-scgcon-vegas-top4-savjz,"Sett, The Boss: SCG Vegas Riftbound 10K Constructed Top 4 (Savjz)","Sett, The Boss",Legend,20.2432,321.31,4200.0,0,90.00,https://mobalytics.gg/riftbound/decks/sett-the-boss-scgcon-vegas-top4-savjz
126,riftboundgg,kaisa-daughter-of-the-void-deck-copy-tptpb,Kai'Sa Daughter of the Void Deck - copy,Kai'Sa - Daughter of the Void,Legend,20.2154,631.38,21081.0,,293.21,https://riftbound.gg/decks/kaisa-daughter-of-the-void-deck-copy-tptpb/
127,riftboundgg,kaisa-daughter-of-the-void-deck-o8teh,Kai'Sa Daughter of the Void Deck,Kai'Sa - Daughter of the Void,Legend,20.1779,522.67,26708.0,,285.38,https://riftbound.gg/decks/kaisa-daughter-of-the-void-deck-o8teh/
128,mobalytics-tournament,kai-sa-daughter-of-the-void-pro-play-summit-orlando-saturday-10k-2nd-jonathan-rodriguez,"Kai'Sa, Daughter of the Void: Pro-Play Summit Orlando Saturday 10K 2nd (Jonathan Rodriguez)","Kai'Sa, Daughter of the Void",Legend,20.1646,188.48,4300.0,0,60.00,https://mobalytics.gg/riftbound/decks/kai-sa-daughter-of-the-void-pro-play-summit-orlando-saturday-10k-2nd-jonathan-rodriguez
129,piltoverarchive,1c4f269e-f883-4f93-94be-68d05bcfe189,Viktor Set 1,"Viktor, Herald of the Arcane",Legend,20.0782,160.38,7100.0,0,30.00,https://piltoverarchive.com/decks/view/1c4f269e-f883-4f93-94be-68d05bcfe189
130,riftboundgg,kaisa-daughter-of-the-void-deck-l7fz6,Kai'Sa Daughter of the Void Deck,Kai'Sa - Daughter of the Void,Legend,20.0602,416.62,23019.0,,283.44,https://riftbound.gg/decks/kaisa-daughter-of-the-void-deck-l7fz6/
131,piltoverarchive,acf7191a-cf47-4adb-9675-7b51db8edf0e,Viktor 1st Place Skirmish FlowGeek&#x27;s,"Viktor, Herald of the Arcane",Legend,20.0600,138.55,2400.0,0,12.00,https://piltoverarchive.com/decks/view/acf7191a-cf47-4adb-9675-7b51db8edf0e
132,piltoverarchive,2359ea9a-23d2-4a96-92c2-d9a16646564e,League of Draven,"Draven, Glorious Executioner",Legend,20.0421,346.89,2400.0,0,60.00,https://piltoverarchive.com/decks/view/2359ea9a-23d2-4a96-92c2-d9a16646564e
133,piltoverarchive,e20eec00-2338-43b5-98b4-a3ade83484b0,Day 1 Irelia,"Irelia, Blade Dancer",Legend,20.0192,290.84,2100.0,0,60.00,https://piltoverarchive.com/decks/view/e20eec00-2338-43b5-98b4-a3ade83484b0
134,piltoverarchive,a4faa560-1bac-40b2-9579-7ceab9456a6a,"[guide][thoughts] Dec 2025 1st Place 32-man Skirmish Viktor (Seals, Combat Tricks)","Viktor, Herald of the Arcane",Legend,20.0179,143.67,35700.0,4,60.00,https://piltoverarchive.com/decks/view/a4faa560-1bac-40b2-9579-7ceab9456a6a
135,riftboundgg,miss-fortune-bounty-hunter-deck-0avex,Miss Fortune Bounty Hunter Deck,Kai'Sa - Daughter of the Void,Legend,20.0115,397.75,34188.0,,307.98,https://riftbound.gg/decks/miss-fortune-bounty-hunter-deck-0avex/
136,piltoverarchive,ef9c503c-8e7a-434e-9a5c-3722da28df30,"MINIONS, TONIGHT WE STEAL THE MOON!","Viktor, Herald of the Arcane",Legend,19.9387,131.47,3900.0,0,23.00,https://piltoverarchive.com/decks/view/ef9c503c-8e7a-434e-9a5c-3722da28df30
137,mobalytics-tournament,kai-sa-daughter-of-the-void-scgcon-vegas-top4-ryan-miles,"Kai'Sa, Daughter of the Void: SCG Vegas Riftbound 10K Constructed Top 4 (Ryan Miles)","Kai'Sa, Daughter of the Void",Legend,19.9168,211.44,14300.0,0,90.00,https://mobalytics.gg/riftbound/decks/kai-sa-daughter-of-the-void-scgcon-vegas-top4-ryan-miles
138,mobalytics-tournament,draven-glorious-executioner-s2-regional-open-chengdu-top-8-bufan-moer,"Draven, Glorious Executioner: S2 Regional Open Chengdu Top 8 (不凡.摩尔)","Draven, Glorious Executioner",Legend,19.8433,237.85,,,104.83,https://mobalytics.gg/riftbound/decks/draven-glorious-executioner-s2-regional-open-chengdu-top-8-bufan-moer
139,riftboundgg,kaisa-daughter-of-the-void-deck-copy,Kai'Sa Daughter of the Void Deck - copy,Kai'Sa - Daughter of the Void,Legend,19.8363,384.44,25235.0,,283.05,https://riftbound.gg/decks/kaisa-daughter-of-the-void-deck-copy/
140,piltoverarchive,b480df49-e6fc-4f44-8f85-be9868552d04,Miracle Annie,"Annie, Dark Child",Legend,19.7706,589.17,3500.0,1,30.00,https://piltoverarchive.com/decks/view/b480df49-e6fc-4f44-8f85-be9868552d04
141,mobalytics-tournament,annie-dark-child-houston-regional-qualifier-top4-zent,"Annie, Dark Child: Houston Regional Qualifier Top 4 (Zent)","Annie, Dark Child",Legend,19.7471,352.34,,,153.76,https://mobalytics.gg/riftbound/decks/annie-dark-child-houston-regional-qualifier-top4-zent
142,riot-bologna,riot-bologna-2-sebiqqqqqqqqqqqq,Bologna #2 - SEBIQQQQQQQQQQQQ,"Miss Fortune, Bounty Hunter",Legend,19.6908,191.45,,,210.35,https://riftbound.leagueoflegends.com/en-us/news/organizedplay/the-best-decks-out-of-bologna/
143,piltoverarchive,3478e228-9989-465e-ad5e-839e44a325bb,1st place group B (Ascension League Season 2 - Stage 1) - 05/01/2026,"Ezreal, Prodigal Explorer",Legend,19.6454,217.70,21900.0,8,30.00,https://piltoverarchive.com/decks/view/3478e228-9989-465e-ad5e-839e44a325bb
144,piltoverarchive,f04e110b-59a3-4fb0-a208-1c4e5e24e399,Ezreal Tempo 8.0. Thoughts after testing update,"Ezreal, Prodigal Explorer",Legend,19.6100,280.26,32500.0,3,4.00,https://piltoverarchive.com/decks/view/f04e110b-59a3-4fb0-a208-1c4e5e24e399
145,mobalytics-tournament,draven-glorious-executioner-s2-regional-open-chengdu-top-4-lingye,"Draven, Glorious Executioner: S2 Regional Open Chengdu Top 4 (PT-澪夜)","Draven, Glorious Executioner",Legend,19.5973,198.52,,,104.83,https://mobalytics.gg/riftbound/decks/draven-glorious-executioner-s2-regional-open-chengdu-top-4-lingye
146,piltoverarchive,30c6ae0f-fe2f-4e54-9e9e-96702863c70e,1st Place Viktor Hook Skirmish,"Viktor, Herald of the Arcane",Legend,19.5542,186.40,29900.0,1,90.00,https://piltoverarchive.com/decks/view/30c6ae0f-fe2f-4e54-9e9e-96702863c70e
147,piltoverarchive,8af67706-4230-4c29-aeb4-8983a862947f,1st place group A (Ascension League Season 2 - Stage 2) - 13/01/2026,"Draven, Glorious Executioner",Legend,19.5448,311.65,1900.0,0,30.00,https://piltoverarchive.com/decks/view/8af67706-4230-4c29-aeb4-8983a862947f
148,piltoverarchive,6f8e5cfd-7789-4da9-a4f1-1caa0c7c2908,Declan B. - SCGCON Vegas Riftbound 10k - Top 32,"Viktor, Herald of the Arcane",Legend,19.5175,238.50,17300.0,0,90.00,https://piltoverarchive.com/decks/view/6f8e5cfd-7789-4da9-a4f1-1caa0c7c2908
149,piltoverarchive,f483fa14-7fda-4a88-ae23-fd52f0e23e99,Viktor (1st - Nexus Night #5),"Viktor, Herald of the Arcane",Legend,19.4825,157.16,1300.0,0,30.00,https://piltoverarchive.com/decks/view/f483fa14-7fda-4a88-ae23-fd52f0e23e99
150,piltoverarchive,ecadcb22-0323-40dc-b8f6-43d004b1cff9,Viktor Competitive,"Viktor, Herald of the Arcane",Legend,19.4751,144.84,7400.0,0,60.00,https://piltoverarchive.com/decks/view/ecadcb22-0323-40dc-b8f6-43d004b1cff9
151,piltoverarchive,6d28e64f-55bf-42ff-8711-44c5f70194d9,Viktor - 1st Shanghai City Challenge,"Viktor, Herald of the Arcane",Legend,19.4517,147.72,33600.0,0,90.00,https://piltoverarchive.com/decks/view/6d28e64f-55bf-42ff-8711-44c5f70194d9
152,piltoverarchive,c8d9048e-997f-459f-b95b-e363c59dc344,Old Viktor,"Viktor, Herald of the Arcane",Legend,19.4363,157.73,779.0,0,23.00,https://piltoverarchive.com/decks/view/c8d9048e-997f-459f-b95b-e363c59dc344
153,riftboundgg,best-of-viktor-from-bologna,Best of Viktor From Bologna,Viktor - Herald of the Arcane,Legend,19.4119,121.02,37714.0,,88.05,https://riftbound.gg/decks/best-of-viktor-from-bologna/
154,piltoverarchive,bed17b55-7e60-4d1d-a95e-93348d1d15fb,Viktor Sacrifice,"Viktor, Herald of the Arcane",Legend,19.3559,144.49,818.0,0,26.00,https://piltoverarchive.com/decks/view/bed17b55-7e60-4d1d-a95e-93348d1d15fb
155,piltoverarchive,47a87870-6073-41c0-b642-152c52e2cd4b,Skirmish 2,"Viktor, Herald of the Arcane",Legend,19.3545,145.49,996.0,0,30.00,https://piltoverarchive.com/decks/view/47a87870-6073-41c0-b642-152c52e2cd4b
156,piltoverarchive,b65c8806-6a1c-49a0-97a2-ebfccd55fe44,Viktor Strats,"Viktor, Herald of the Arcane",Legend,19.3461,146.35,4600.0,0,60.00,https://piltoverarchive.com/decks/view/b65c8806-6a1c-49a0-97a2-ebfccd55fe44
157,piltoverarchive,e2b07712-db40-48bc-8641-1c173b96d651,VIKTOR JAVI,"Viktor, Herald of the Arcane",Legend,19.3353,154.61,868.0,0,30.00,https://piltoverarchive.com/decks/view/e2b07712-db40-48bc-8641-1c173b96d651
158,piltoverarchive,b14e5d29-127f-48d4-9e77-e92c932fa83d,Big Vik Energy,"Viktor, Herald of the Arcane",Legend,19.3231,184.07,2900.0,0,60.00,https://piltoverarchive.com/decks/view/b14e5d29-127f-48d4-9e77-e92c932fa83d
159,piltoverarchive,76ff9d49-ad66-4800-ab91-4053b4bf6bec,Draven Test,"Draven, Glorious Executioner",Legend,19.2974,320.55,1900.0,0,60.00,https://piltoverarchive.com/decks/view/76ff9d49-ad66-4800-ab91-4053b4bf6bec
160,riftboundgg,viktor-top-32-nanjing-regional,Viktor Top 32 Nanjing Regional,Viktor - Herald of the Arcane,Legend,19.2946,128.39,42794.0,,102.01,https://riftbound.gg/decks/viktor-top-32-nanjing-regional/
161,piltoverarchive,7c5e02bd-5d55-4f59-9b68-782f86235d77,1st Place Nexus Night - Viktor,"Viktor, Herald of the Arcane",Legend,19.2927,146.50,3800.0,0,60.00,https://piltoverarchive.com/decks/view/7c5e02bd-5d55-4f59-9b68-782f86235d77
162,piltoverarchive,b11829d2-ba87-4cd2-b947-93c6b7447c21,1st Place Summoner Skirmish Viktor,"Viktor, Herald of the Arcane",Legend,19.2806,134.31,4200.0,0,60.00,https://piltoverarchive.com/decks/view/b11829d2-ba87-4cd2-b947-93c6b7447c21
163,piltoverarchive,c6da97e7-90ee-4fea-aa28-021dda5d5bbf,Top 32 (26th Place) Viktor - PPG Orlando - Battle Tested,"Viktor, Herald of the Arcane",Legend,19.2437,124.09,4200.0,0,60.00,https://piltoverarchive.com/decks/view/c6da97e7-90ee-4fea-aa28-021dda5d5bbf
164,mobalytics-tournament,kai-sa-daughter-of-the-void-scgcon-vegas-top8-vincentp,"Kai'Sa, Daughter of the Void: SCG Vegas Riftbound 10K Constructed Top 8 (Vincent P.)","Kai'Sa, Daughter of the Void",Legend,19.2239,221.18,67700.0,1,90.00,https://mobalytics.gg/riftbound/decks/kai-sa-daughter-of-the-void-scgcon-vegas-top8-vincentp
165,piltoverarchive,a2936c14-19fe-4e33-8cf1-787ff2df3bf5,1st place group A (Ascension League Season 2 - Stage 1) - 05/01/2026,"Draven, Glorious Executioner",Legend,19.2173,271.50,15000.0,2,30.00,https://piltoverarchive.com/decks/view/a2936c14-19fe-4e33-8cf1-787ff2df3bf5
166,riftboundgg,drrickmarshall-3rd-maxtapera-tournament,DrRickMarshall: 3rd - MaxTapera Tournament,Viktor - Herald of the Arcane,Legend,19.2018,527.41,3332968.0,,289.22,https://riftbound.gg/decks/drrickmarshall-3rd-maxtapera-tournament/
167,piltoverarchive,7ea18d14-e8bb-4045-90d8-39ad5a316f8b,Set 1 Blue Vik,"Viktor, Herald of the Arcane",Legend,19.1846,116.72,740.0,0,28.00,https://piltoverarchive.com/decks/view/7ea18d14-e8bb-4045-90d8-39ad5a316f8b
168,piltoverarchive,f4fc7336-dc69-4c62-806c-5d80d73930ed,Ezreal Tempo/Control V2.2,"Ezreal, Prodigal Explorer",Legend,19.1431,225.03,3400.0,0,24.00,https://piltoverarchive.com/decks/view/f4fc7336-dc69-4c62-806c-5d80d73930ed
169,mobalytics-tournament,kai-sa-daugher-of-the-void-ccs-10k-weekend-top4-joey-paladino,"Kai'Sa, Daughter of the Void: CCS Riftbound $10,000 Weekend Top 4 (Joey Paladino)","Kai'Sa, Daughter of the Void",Legend,19.1294,187.44,,,150.21,https://mobalytics.gg/riftbound/decks/kai-sa-daugher-of-the-void-ccs-10k-weekend-top4-joey-paladino
170,piltoverarchive,0026fffc-cef5-4603-8e54-4a90e5d2c1ea,1st Place Shenzhen Draven Week 1,"Draven, Glorious Executioner",Legend,19.1054,290.92,16300.0,0,60.00,https://piltoverarchive.com/decks/view/0026fffc-cef5-4603-8e54-4a90e5d2c1ea
171,piltoverarchive,99e5f317-df23-48e2-b8d9-315fa69ec152,The Rifting Turtle&#x27;s Viktor 1st place Deck list.,"Viktor, Herald of the Arcane",Legend,19.0531,147.37,6300.0,0,90.00,https://piltoverarchive.com/decks/view/99e5f317-df23-48e2-b8d9-315fa69ec152
172,piltoverarchive,8fcbcc44-f27c-4683-a3b6-1b1142fd7a6a,Summoner Skirmish Nov Decklist - Viktor- Jason Ho,"Viktor, Herald of the Arcane",Legend,19.0482,147.03,6200.0,0,90.00,https://piltoverarchive.com/decks/view/8fcbcc44-f27c-4683-a3b6-1b1142fd7a6a
173,piltoverarchive,3181d19e-4520-4700-9d1f-fec2e707a12d,Viktor - Skirmish Top cut,"Viktor, Herald of the Arcane",Legend,19.0477,145.98,1600.0,0,60.00,https://piltoverarchive.com/decks/view/3181d19e-4520-4700-9d1f-fec2e707a12d
174,riftboundgg,viktor-top-32-chengdu-regional,Viktor top 32 Chengdu Regional,Viktor - Herald of the Arcane,Legend,19.0310,146.67,18813.0,,116.09,https://riftbound.gg/decks/viktor-top-32-chengdu-regional/
175,piltoverarchive,2775c588-67b9-4059-b6b5-d2e35d357e59,Draven - by OfficialNPC,"Draven, Glorious Executioner",Legend,19.0269,293.81,9300.0,0,60.00,https://piltoverarchive.com/decks/view/2775c588-67b9-4059-b6b5-d2e35d357e59
176,piltoverarchive,fee3ca58-95b2-4fbf-ac00-39a259f118de,1st place group A (Ascension League - Stage 4) - 13/10/2025,"Viktor, Herald of the Arcane",Legend,19.0050,193.03,10600.0,0,120.00,https://piltoverarchive.com/decks/view/fee3ca58-95b2-4fbf-ac00-39a259f118de
177,mobalytics-tournament,master-yi-wuju-bladesman-ccs-10k-weekend-2nd-dblunalovee,"Master Yi, Wuju Bladesman: CCS Riftbound $10,000 Weekend 2nd (db_lunalovee)","Master Yi, Wuju Bladesman",Legend,18.9859,105.67,,,150.21,https://mobalytics.gg/riftbound/decks/master-yi-wuju-bladesman-ccs-10k-weekend-2nd-dblunalovee
178,piltoverarchive,1ce49edf-29a6-4e73-a320-91cb4a8e8d40,Viktor - 38th Place Chinese National Open,"Viktor, Herald of the Arcane",Legend,18.8782,121.56,4400.0,0,90.00,https://piltoverarchive.com/decks/view/1ce49edf-29a6-4e73-a320-91cb4a8e8d40
179,piltoverarchive,a81f8f65-6509-46ad-90de-4490b20c8b15,Dark Ezreal - MattorigusPlays,"Ezreal, Prodigal Explorer",Legend,18.8703,242.59,1500.0,0,60.00,https://piltoverarchive.com/decks/view/a81f8f65-6509-46ad-90de-4490b20c8b15
180,riftboundgg,kaisa-daughter-of-the-void-deck-46iim,Kai'Sa Daughter of the Void Deck,Kai'Sa - Daughter of the Void,Legend,18.8516,343.95,24946.0,,280.02,https://riftbound.gg/decks/kaisa-daughter-of-the-void-deck-46iim/
181,piltoverarchive,500e6b5a-5277-47e8-9983-3a0d5915d8c3,Viktor,"Viktor, Herald of the Arcane",Legend,18.8493,119.54,1100.0,0,60.00,https://piltoverarchive.com/decks/view/500e6b5a-5277-47e8-9983-3a0d5915d8c3
182,piltoverarchive,bc7d56aa-f889-4c45-8dad-c1d7f3751716,Downie,"Annie, Dark Child",Legend,18.8457,538.00,1300.0,0,60.00,https://piltoverarchive.com/decks/view/bc7d56aa-f889-4c45-8dad-c1d7f3751716
183,mobalytics-tournament,annie-dark-child-ccs-10k-weekend-top8-rishi-chaudhary,"Annie, Dark Child: CCS Riftbound $10,000 Weekend Top 8 (Rishi Chaudhary)","Annie, Dark Child",Legend,18.8202,356.31,,,150.21,https://mobalytics.gg/riftbound/decks/annie-dark-child-ccs-10k-weekend-top8-rishi-chaudhary
184,mobalytics-tournament,annie-dark-child-scgcon-vegas-top4-chris-iaali,"Annie, Dark Child: SCG Vegas Riftbound 10K Constructed Top 4 (Chris Iaali)","Annie, Dark Child",Legend,18.7973,302.81,5000.0,0,90.00,https://mobalytics.gg/riftbound/decks/annie-dark-child-scgcon-vegas-top4-chris-iaali
185,mobalytics-tournament,annie-dark-child-ccs-10k-weekend-top8-noveggies,"Annie, Dark Child: CCS Riftbound $10,000 Weekend Top 8 (NoVeggies)","Annie, Dark Child",Legend,18.7851,354.40,3400.0,0,90.00,https://mobalytics.gg/riftbound/decks/annie-dark-child-ccs-10k-weekend-top8-noveggies
186,mobalytics-tournament,annie-dark-child-houston-regional-qualifier-top-8-noveggies,"Annie, Dark Child: Houston Regional Qualifier Top 8 (NoVeggies)","Annie, Dark Child",Legend,18.7522,352.62,2700.0,0,90.00,https://mobalytics.gg/riftbound/decks/annie-dark-child-houston-regional-qualifier-top-8-noveggies
187,piltoverarchive,d4343c3c-3f32-4e34-ab2e-abb621712820,Mono PURPLE ANNIE,"Annie, Dark Child",Legend,18.7504,498.64,1500.0,0,30.00,https://piltoverarchive.com/decks/view/d4343c3c-3f32-4e34-ab2e-abb621712820
188,riot-bologna,riot-bologna-10-xtacio,Bologna #10 - xTacio,"Sivir, Battle Mistress",Legend,18.7154,239.49,,,210.35,https://riftbound.leagueoflegends.com/en-us/news/organizedplay/the-best-decks-out-of-bologna/
189,riftboundgg,void-7th-maxtapera-tournament,Void: 7th - MaxTapera Tournament,Viktor - Herald of the Arcane,Legend,18.7005,180.48,3333527.0,,318.00,https://riftbound.gg/decks/void-7th-maxtapera-tournament/
190,riftboundgg,viktor-tl,Viktor TL,Viktor - Herald of the Arcane,Legend,18.6959,228.90,28404.0,,206.60,https://riftbound.gg/decks/viktor-tl/
191,piltoverarchive,ee6f7da3-5d02-447f-9c03-bfe09028f50e,3rd wuxi city challenge annie,"Annie, Dark Child",Legend,18.6516,501.28,1000.0,0,30.00,https://piltoverarchive.com/decks/view/ee6f7da3-5d02-447f-9c03-bfe09028f50e
192,mobalytics-tournament,annie-dark-child-ccs-10k-weekend-top4-dizzee,"Annie, Dark Child: CCS Riftbound $10,000 Weekend Top 4 (Dizzee)","Annie, Dark Child",Legend,18.6455,295.24,2000.0,0,90.00,https://mobalytics.gg/riftbound/decks/annie-dark-child-ccs-10k-weekend-top4-dizzee
193,riftboundgg,viktor-city-challenge-winner,Viktor City Challenge Winner,Viktor - Herald of the Arcane,Legend,18.6303,199.78,12620.0,,182.58,https://riftbound.gg/decks/viktor-city-challenge-winner/
194,mobalytics-tournament,annie-dark-child-pro-play-summit-orlando-saturday-10k-top-4-taylor-mauck,"Annie, Dark Child: Pro-Play Summit Orlando Saturday 10K Top 4 (Taylor Mauck)","Annie, Dark Child",Legend,18.6047,293.22,7500.0,0,60.00,https://mobalytics.gg/riftbound/decks/annie-dark-child-pro-play-summit-orlando-saturday-10k-top-4-taylor-mauck
195,riot-bologna,riot-bologna-53-vendorty,Bologna #53 - Vendorty,"Fiora, Grand Duelist",Legend,18.5848,309.47,,,210.35,https://riftbound.leagueoflegends.com/en-us/news/organizedplay/the-best-decks-out-of-bologna/
196,piltoverarchive,a73ac6bc-159a-4b1f-9d54-0d36702a6391,Downwell well well....,"Annie, Dark Child",Legend,18.5317,475.30,12300.0,1,60.00,https://piltoverarchive.com/decks/view/a73ac6bc-159a-4b1f-9d54-0d36702a6391
197,piltoverarchive,b5bbf1e5-c318-4b14-9f72-f558d592080d,Treasure Ezreal,"Ezreal, Prodigal Explorer",Legend,18.5315,217.34,10500.0,0,60.00,https://piltoverarchive.com/decks/view/b5bbf1e5-c318-4b14-9f72-f558d592080d
198,riftboundgg,viktor-pod-2,Viktor Pod 2,Viktor - Herald of the Arcane,Legend,18.5161,321.93,22906.0,,287.26,https://riftbound.gg/decks/viktor-pod-2/
199,riftboundgg,viktor-herald-of-the-arcane-deck-irvcu,Viktor Herald of the Arcane Deck,Viktor - Herald of the Arcane,Legend,18.5096,296.98,15612.0,,262.68,https://riftbound.gg/decks/viktor-herald-of-the-arcane-deck-irvcu/
200,riftboundgg,viktor-herald-of-the-arcane-deck-copy-5,Viktor Herald of the Arcane Deck - copy 5,Viktor - Herald of the Arcane,Legend,18.4810,256.20,32989.0,,278.21,https://riftbound.gg/decks/viktor-herald-of-the-arcane-deck-copy-5/
201,riftboundgg,viktor-starter-deck,Viktor Starter Deck,Viktor - Herald of the Arcane,Legend,18.4694,132.88,842712.0,,301.43,https://riftbound.gg/decks/viktor-starter-deck/
202,piltoverarchive,6107c543-37d6-4167-9d09-caa5d18ecf83,1st place group B (Ascension League Season 2 - Stage 3) - 19/01/2026,"Draven, Glorious Executioner",Legend,18.4601,271.49,1600.0,0,26.00,https://piltoverarchive.com/decks/view/6107c543-37d6-4167-9d09-caa5d18ecf83
203,piltoverarchive,4a25b0a0-b978-4c98-9648-d479ec0837da,Fiora hook gaming,"Fiora, Grand Duelist",Legend,18.4562,217.24,1500.0,11,10.00,https://piltoverarchive.com/decks/view/4a25b0a0-b978-4c98-9648-d479ec0837da
204,riftboundgg,viktor-herald-of-the-arcane-deck-copy-3,Viktor Herald of the Arcane Deck - copy 3,Viktor - Herald of the Arcane,Legend,18.4417,235.05,30926.0,,275.58,https://riftbound.gg/decks/viktor-herald-of-the-arcane-deck-copy-3/
205,piltoverarchive,c62fbd29-0b97-4054-86f9-05724a990e62,Skill Shot Ezreal - MattorigusPlays,"Ezreal, Prodigal Explorer",Legend,18.4092,208.74,17200.0,2,60.00,https://piltoverarchive.com/decks/view/c62fbd29-0b97-4054-86f9-05724a990e62
206,riftboundgg,viktor-runes-rift-4th-place,Viktor Runes & Rift 4th Place,Viktor - Herald of the Arcane,Legend,18.3977,125.83,14233.0,,189.50,https://riftbound.gg/decks/viktor-runes-rift-4th-place/
207,riftboundgg,best-fiora-from-lille-rq,Best Fiora from Lille RQ,Fiora - Grand Duelist,Legend,18.3783,240.69,13055.0,,30.38,https://riftbound.gg/decks/best-fiora-from-lille-rq/
208,piltoverarchive,7132f675-719d-48d3-8c88-03f66a11f9be,Annie Full Lock Control,"Annie, Dark Child",Legend,18.3731,462.16,2700.0,0,30.00,https://piltoverarchive.com/decks/view/7132f675-719d-48d3-8c88-03f66a11f9be
209,riftboundgg,viktor-herald-of-the-arcane-deck-71lps,Viktor Herald of the Arcane Deck,Viktor - Herald of the Arcane,Legend,18.3504,244.62,13720.0,,279.46,https://riftbound.gg/decks/viktor-herald-of-the-arcane-deck-71lps/
210,piltoverarchive,fd0b8aa1-f276-492c-888d-e2f27293267c,Willow&#x27;s Viktor Swarm [Mono Swarm],"Viktor, Herald of the Arcane",Legend,18.3386,124.36,48100.0,21,300.00,https://piltoverarchive.com/decks/view/fd0b8aa1-f276-492c-888d-e2f27293267c
211,piltoverarchive,e278026d-c908-437a-a877-24832f50f5e5,Dalian Regional Top 4 RandyTCG Miracle Sivir,"Sivir, Battle Mistress",Legend,18.3372,510.90,657.0,4,12.00,https://piltoverarchive.com/decks/view/e278026d-c908-437a-a877-24832f50f5e5
212,piltoverarchive,8832de27-05a8-4558-a93c-e591fc077c3c,Annie Spiritforged V4.5,"Annie, Dark Child",Legend,18.2986,467.99,1400.0,0,27.00,https://piltoverarchive.com/decks/view/8832de27-05a8-4558-a93c-e591fc077c3c
213,piltoverarchive,bd89f1b4-9548-4a96-82b3-10da1b9824f9,[Set 2] Fiora,"Fiora, Grand Duelist",Legend,18.2829,230.63,7200.0,0,25.00,https://piltoverarchive.com/decks/view/bd89f1b4-9548-4a96-82b3-10da1b9824f9
214,riftboundgg,ezreal-wins-city-league-guangzhou-copy-60rhk,Ezreal wins City League: Guangzhou - copy,Ezreal - Prodigal Explorer,Legend,18.2587,553.39,188.0,,1.54,https://riftbound.gg/decks/ezreal-wins-city-league-guangzhou-copy-60rhk/
215,riftboundgg,viktor-herald-of-the-arcane-deck-8mneh,Viktor Herald of the Arcane Deck,Viktor - Herald of the Arcane,Legend,18.2430,189.30,18821.0,,287.95,https://riftbound.gg/decks/viktor-herald-of-the-arcane-deck-8mneh/
216,riftboundgg,lux-lady-of-luminosity-deck-ki1z4,Lux Lady of Luminosity Deck,Viktor - Herald of the Arcane,Legend,18.2176,120.51,53812.0,,269.81,https://riftbound.gg/decks/lux-lady-of-luminosity-deck-ki1z4/
217,piltoverarchive,c63e0533-11e2-4ddc-8dbe-be451b029809,4th place group A (Ascension League Season 2 - Stage 2) - 13/01/2026,"Fiora, Grand Duelist",Legend,18.1747,236.91,7200.0,0,30.00,https://piltoverarchive.com/decks/view/c63e0533-11e2-4ddc-8dbe-be451b029809
218,piltoverarchive,2d96ce37-efd3-4e5b-b4b4-5bcd7828e0ca,Suzhou City Challenge 2nd (bo3 - 125 players),"Draven, Glorious Executioner",Legend,18.1344,262.65,8800.0,0,60.00,https://piltoverarchive.com/decks/view/2d96ce37-efd3-4e5b-b4b4-5bcd7828e0ca
219,mobalytics-tournament,sett-the-boss-pro-play-summit-orlando-saturday-10k-top-4-collin-kaiser,"Sett, The Boss: Pro-Play Summit Orlando Saturday 10K Top 4 (Collin Kaiser)","Sett, The Boss",Legend,18.1204,164.48,9600.0,0,30.00,https://mobalytics.gg/riftbound/decks/sett-the-boss-pro-play-summit-orlando-saturday-10k-top-4-collin-kaiser
220,piltoverarchive,71532da9-0069-447b-8bd2-694d4aacf1cb,Winter League Bologna - 01/10/26 - 2nd Place - G. Zorzi,"Draven, Glorious Executioner",Legend,18.1103,270.05,824.0,0,30.00,https://piltoverarchive.com/decks/view/71532da9-0069-447b-8bd2-694d4aacf1cb
221,riftboundgg,irelia-wins-vilemaws-cup-copy-7twsh,Irelia wins Vilemaw's Cup - copy,Irelia - Blade Dancer,Legend,18.0781,502.55,90.0,,1.54,https://riftbound.gg/decks/irelia-wins-vilemaws-cup-copy-7twsh/
222,riftboundgg,annie-dark-child-deck-kxrfi,Annie Dark Child Deck,Annie - Dark Child,Legend,18.0505,559.04,27815.0,,301.81,https://riftbound.gg/decks/annie-dark-child-deck-kxrfi/
223,piltoverarchive,10a37c8b-43f8-4198-80c4-2b7d5d88678e,Annie Set 2 (Optimized),"Annie, Dark Child",Legend,18.0142,426.37,4400.0,2,30.00,https://piltoverarchive.com/decks/view/10a37c8b-43f8-4198-80c4-2b7d5d88678e
224,riftboundgg,ezreal-prodigal-explorer-deck-6ju3i,Ezreal - Prodigal Explorer Deck,Ezreal - Prodigal Explorer,Legend,18.0028,537.93,144.0,,1.34,https://riftbound.gg/decks/ezreal-prodigal-explorer-deck-6ju3i/
225,riftboundgg,irelia-wins-s3-shanghai-city-challenge-copy-daedc,Irelia Wins S3 Shanghai City Challenge - copy,Irelia - Blade Dancer,Legend,18.0027,546.06,166.0,,0.59,https://riftbound.gg/decks/irelia-wins-s3-shanghai-city-challenge-copy-daedc/
226,mobalytics-tournament,annie-dark-child-s2-regional-open-fuzhou-top-8-zhang-bolun,"Annie, Dark Child: S2 Regional Open Fuzhou Top 8 (Ai.EDG.张伯伦)","Annie, Dark Child",Legend,18.0024,313.19,2200.0,0,24.00,https://mobalytics.gg/riftbound/decks/annie-dark-child-s2-regional-open-fuzhou-top-8-zhang-bolun
227,riftboundgg,sivir-top-4-dinan-regional,Sivir Top 4 Dinan Regional,Sivir - Battle Mistress,Legend,17.9998,570.90,48298.0,,109.11,https://riftbound.gg/decks/sivir-top-4-dinan-regional/
228,riftboundgg,miss-fortune-bounty-hunter-deck-4i1s5,Miss Fortune Bounty Hunter Deck,Volibear - Relentless Storm,Legend,17.9820,575.51,14974.0,,306.36,https://riftbound.gg/decks/miss-fortune-bounty-hunter-deck-4i1s5/
229,riftboundgg,ezreal-prodigal-explorer-deck-t5aik,Ezreal - Prodigal Explorer Deck,Ezreal - Prodigal Explorer,Legend,17.9599,762.53,88.0,,1.39,https://riftbound.gg/decks/ezreal-prodigal-explorer-deck-t5aik/
230,piltoverarchive,db345e51-00ad-4b55-a469-f9380c276607,OUI_OUI_BAGUETTE,"Fiora, Grand Duelist",Legend,17.9449,224.30,3100.0,0,26.00,https://piltoverarchive.com/decks/view/db345e51-00ad-4b55-a469-f9380c276607
231,riftboundgg,draven-top-32-sydney-regional,Draven Top 32 Sydney Regional,Draven - Glorious Executioner,Legend,17.8755,426.36,1190.0,,1.29,https://riftbound.gg/decks/draven-top-32-sydney-regional/
232,mobalytics-tournament,miss-fortune-bounty-hunter-pro-play-summit-orlando-10k-saturday-1st-ali-aintrazi,"Miss Fortune, Bounty Hunter: Pro-Play Summit Orlando Saturday 10K 1st (Ali Aintrazi)","Miss Fortune, Bounty Hunter",Legend,17.8503,177.88,20700.0,2,60.00,https://mobalytics.gg/riftbound/decks/miss-fortune-bounty-hunter-pro-play-summit-orlando-10k-saturday-1st-ali-aintrazi
233,riftboundgg,annie-deck-v01,Annie Deck v0.1,Annie - Dark Child,Legend,17.8030,521.34,39795.0,,291.14,https://riftbound.gg/decks/annie-deck-v01/
234,mobalytics-tournament,kai-sa-daughter-of-the-void-houston-regional-qualifier-top-8-georgeg,"Kai'Sa, Daughter of the Void: Houston Regional Qualifier Top 8 (georgeg)","Kai'Sa, Daughter of the Void",Legend,17.7875,177.46,,,153.77,https://mobalytics.gg/riftbound/decks/kai-sa-daughter-of-the-void-houston-regional-qualifier-top-8-georgeg
235,piltoverarchive,7c86304d-a578-4444-b248-17c9a5d61dd6,(Go 2nd Aggro/Midrange Fiora),"Fiora, Grand Duelist",Legend,17.7792,495.72,3900.0,0,60.00,https://piltoverarchive.com/decks/view/7c86304d-a578-4444-b248-17c9a5d61dd6
236,piltoverarchive,67b478bd-23b3-4258-8e0e-2d01df6372aa,Annie Spiritforged V4,"Annie, Dark Child",Legend,17.7782,429.45,2300.0,0,30.00,https://piltoverarchive.com/decks/view/67b478bd-23b3-4258-8e0e-2d01df6372aa
237,piltoverarchive,cf8a3696-324b-4f01-832a-de2e9a11bdaa,League of DRAVEN,"Draven, Glorious Executioner",Legend,17.7703,262.30,2500.0,0,60.00,https://piltoverarchive.com/decks/view/cf8a3696-324b-4f01-832a-de2e9a11bdaa
238,piltoverarchive,5762c271-2c4b-4488-b9a6-505283f9156e,Winter League Bologna - 01/10/26 - Top128 - tаsck,"Fiora, Grand Duelist",Legend,17.7702,231.74,2300.0,0,30.00,https://piltoverarchive.com/decks/view/5762c271-2c4b-4488-b9a6-505283f9156e
239,piltoverarchive,c4326414-5628-466a-9ab0-de143faf2689,Fiora is broken,"Fiora, Grand Duelist",Legend,17.7663,223.94,11600.0,2,60.00,https://piltoverarchive.com/decks/view/c4326414-5628-466a-9ab0-de143faf2689
240,piltoverarchive,890c1bfc-9d9f-4196-a999-dc3c54fbed9b,ChallengerTCG Miracle Draven,"Draven, Glorious Executioner",Legend,17.7626,563.77,46.0,0,1.00,https://piltoverarchive.com/decks/view/890c1bfc-9d9f-4196-a999-dc3c54fbed9b
241,piltoverarchive,d0210f2c-a07b-4d9c-ae8c-4c9ba5da89ce,SK&#x27;s Draven,"Draven, Glorious Executioner",Legend,17.7567,256.37,4400.0,0,60.00,https://piltoverarchive.com/decks/view/d0210f2c-a07b-4d9c-ae8c-4c9ba5da89ce
242,piltoverarchive,6b45c0fa-9ab4-4534-8c9d-cc4d9dba980a,1st Fiora Jinan City Challenge,"Fiora, Grand Duelist",Legend,17.7508,207.12,4300.0,0,30.00,https://piltoverarchive.com/decks/view/6b45c0fa-9ab4-4534-8c9d-cc4d9dba980a
243,riftboundgg,kaisa-daughter-of-the-void-deck-7a625,Kai'Sa Daughter of the Void Deck,Kai'Sa - Daughter of the Void,Legend,17.7386,297.71,52632.0,,279.16,https://riftbound.gg/decks/kaisa-daughter-of-the-void-deck-7a625/
244,mobalytics-tournament,annie-dark-child-scgcon-vegas-top4-robertm,"Annie, Dark Child: SCG Vegas Riftbound 10K Constructed Top 4 (Robert M.)","Annie, Dark Child",Legend,17.7204,251.13,18500.0,0,90.00,https://mobalytics.gg/riftbound/decks/annie-dark-child-scgcon-vegas-top4-robertm
245,piltoverarchive,8bd27e46-5c12-4af7-a3ab-5b7f881636d2,1st Fuzhou Regional Qualifier Draven,"Draven, Glorious Executioner",Legend,17.6915,201.32,20900.0,13,24.00,https://piltoverarchive.com/decks/view/8bd27e46-5c12-4af7-a3ab-5b7f881636d2
246,mobalytics-tournament,annie-dark-child-houston-regional-qualifier-4th,"Annie, Dark Child: Houston Regional Qualifier Top 4 (Prymor)","Annie, Dark Child",Legend,17.6789,249.23,,,153.76,https://mobalytics.gg/riftbound/decks/annie-dark-child-houston-regional-qualifier-4th
247,riftboundgg,best-fiora-from-bologna,Best Fiora From Bologna,Fiora - Grand Duelist,Legend,17.6441,349.17,18572.0,,1.20,https://riftbound.gg/decks/best-fiora-from-bologna/
248,piltoverarchive,13befcc1-91d8-48ae-9883-cd500022e3fe,【City Challenge】Tianjin Station - #1,"Draven, Glorious Executioner",Legend,17.6425,243.15,11800.0,0,60.00,https://piltoverarchive.com/decks/view/13befcc1-91d8-48ae-9883-cd500022e3fe
249,piltoverarchive,abb5bbed-3876-4d38-93cf-69b4b22145ca,YXE Summoner Skirmish 1 – 8th Place – Emu Otori,"Viktor, Herald of the Arcane",Legend,17.6261,94.54,983.0,0,90.00,https://piltoverarchive.com/decks/view/abb5bbed-3876-4d38-93cf-69b4b22145ca
250,riftboundgg,ezreal-prodigal-explorer-deck-9ne4n,Ezreal - Prodigal Explorer Deck,Ezreal - Prodigal Explorer,Legend,17.5854,482.85,49.0,,1.44,https://riftbound.gg/decks/ezreal-prodigal-explorer-deck-9ne4n/
251,riftboundgg,fiora-top-8-dalian-regional,Fiora Top 8 Dalian Regional,Fiora - Grand Duelist,Legend,17.5618,264.70,53226.0,,104.45,https://riftbound.gg/decks/fiora-top-8-dalian-regional/
252,riftboundgg,annie-dark-child-deck-cu1qa,Annie Dark Child Deck,Annie - Dark Child,Legend,17.5370,506.52,19976.0,,277.26,https://riftbound.gg/decks/annie-dark-child-deck-cu1qa/
253,riftboundgg,irelia-blade-dancer-deck-5nde8,Irelia - Blade Dancer Deck,Irelia - Blade Dancer,Legend,17.5035,694.64,133.0,,0.24,https://riftbound.gg/decks/irelia-blade-dancer-deck-5nde8/
254,piltoverarchive,4caee392-1648-4f05-ae66-1ab429d4317e,2nd Place Houston Regional Qualifier ChallengerTCG Aurora Yi,"Master Yi, Wuju Bladesman",Legend,17.4859,164.63,36400.0,2,60.00,https://piltoverarchive.com/decks/view/4caee392-1648-4f05-ae66-1ab429d4317e
255,piltoverarchive,b732ca52-1f6e-48c5-b0f5-6a0e544fe61b,Fiora Become Mighty,"Fiora, Grand Duelist",Legend,17.4810,234.00,681.0,0,23.00,https://piltoverarchive.com/decks/view/b732ca52-1f6e-48c5-b0f5-6a0e544fe61b
256,riftboundgg,fiora-runner-up-fuzhou-regional,Fiora Runner Up Fuzhou Regional,Fiora - Grand Duelist,Legend,17.4504,303.40,54286.0,,121.09,https://riftbound.gg/decks/fiora-runner-up-fuzhou-regional/
257,piltoverarchive,9c409d71-f8ae-401d-80cf-dc501ed2b40a,SCG 10k Top 8 Challenger TCG Alex Blandin Aurora Yi,"Master Yi, Wuju Bladesman",Legend,17.4300,165.61,5100.0,0,30.00,https://piltoverarchive.com/decks/view/9c409d71-f8ae-401d-80cf-dc501ed2b40a
258,riftboundgg,ezreal-prodigal-explorer-deck-sw7ce,Ezreal - Prodigal Explorer Deck,Ezreal - Prodigal Explorer,Legend,17.4153,944.77,54.0,,0.74,https://riftbound.gg/decks/ezreal-prodigal-explorer-deck-sw7ce/
259,riftboundgg,fiora-runner-up-in-chengdu-regional,Fiora Runner Up in Chengdu Regional,Fiora - Grand Duelist,Legend,17.4148,266.13,48107.0,,116.10,https://riftbound.gg/decks/fiora-runner-up-in-chengdu-regional/
260,piltoverarchive,41113f04-6ab6-4305-aa4d-030759213cc1,Fiora mid-range,"Fiora, Grand Duelist",Legend,17.4143,339.64,2000.0,0,60.00,https://piltoverarchive.com/decks/view/41113f04-6ab6-4305-aa4d-030759213cc1
261,riftboundgg,edg-rico-1997-irelia-copy-2-4wjn0,EDG Rico 1997 Irelia - copy 2,Irelia - Blade Dancer,Legend,17.3613,450.61,14.0,,1.66,https://riftbound.gg/decks/edg-rico-1997-irelia-copy-2-4wjn0/
262,piltoverarchive,65d819fb-f59e-40bf-b236-0985be1ada64,Draven 3.0,"Draven, Glorious Executioner",Legend,17.3573,224.39,4800.0,0,30.00,https://piltoverarchive.com/decks/view/65d819fb-f59e-40bf-b236-0985be1ada64
263,mobalytics-tournament,master-yi-wuju-bladesman-houston-regional-qualifier-top-8-clyde,"Master Yi, Wuju Bladesman: Houston Regional Qualifier Top 8 (Clyde)","Master Yi, Wuju Bladesman",Legend,17.3369,112.10,,,153.77,https://mobalytics.gg/riftbound/decks/master-yi-wuju-bladesman-houston-regional-qualifier-top-8-clyde
264,riftboundgg,irelia-wins-sydney-regional-qualifier-copy-zay2e,Irelia wins Sydney Regional Qualifier - copy,Irelia - Blade Dancer,Legend,17.3361,438.39,20.0,,0.15,https://riftbound.gg/decks/irelia-wins-sydney-regional-qualifier-copy-zay2e/
265,riftboundgg,kaisa-daughter-of-the-void-deck-copy-3-qoayq,Kai'Sa Daughter of the Void Deck - copy 3,Kai'Sa - Daughter of the Void,Legend,17.3292,283.94,81361.0,,304.88,https://riftbound.gg/decks/kaisa-daughter-of-the-void-deck-copy-3-qoayq/
266,piltoverarchive,b67e79ca-1606-4a08-8cb8-a1622df77f2c,2nd Place - Darisu - Runes &amp; Rift Invitational,"Draven, Glorious Executioner",Legend,17.3228,232.50,2100.0,0,30.00,https://piltoverarchive.com/decks/view/b67e79ca-1606-4a08-8cb8-a1622df77f2c
267,riftboundgg,kaisa-daughter-of-the-void-deck-copy-4-9nkvo,Kai'Sa Daughter of the Void Deck - copy 4,Kai'Sa - Daughter of the Void,Legend,17.3139,291.23,18095.0,,323.05,https://riftbound.gg/decks/kaisa-daughter-of-the-void-deck-copy-4-9nkvo/
268,piltoverarchive,8d7143bf-a82f-47df-b701-ba0cca7e4fe9,【City Challenge】Chengdu Station - #6,"Fiora, Grand Duelist",Legend,17.3044,229.21,2600.0,0,60.00,https://piltoverarchive.com/decks/view/8d7143bf-a82f-47df-b701-ba0cca7e4fe9
269,riftboundgg,irelia-blade-dancer-deck-z6htz,Irelia - Blade Dancer Deck,Irelia - Blade Dancer,Legend,17.3009,553.48,9.0,,1.72,https://riftbound.gg/decks/irelia-blade-dancer-deck-z6htz/
270,piltoverarchive,ad77f633-7624-43d0-896c-992265ff6706,fiora,"Fiora, Grand Duelist",Legend,17.2653,221.19,2400.0,0,60.00,https://piltoverarchive.com/decks/view/ad77f633-7624-43d0-896c-992265ff6706
271,piltoverarchive,3d1040dd-8948-4cd8-9b54-8319cbf09b2c,Spiritforged Viktor - Anti-Meta Spellslinger,"Viktor, Herald of the Arcane",Legend,17.2623,166.19,1100.0,2,4.00,https://piltoverarchive.com/decks/view/3d1040dd-8948-4cd8-9b54-8319cbf09b2c
272,riftboundgg,irelia-blade-dancer-deck-litkw,Irelia - Blade Dancer Deck,Irelia - Blade Dancer,Legend,17.2491,474.73,114.0,,0.15,https://riftbound.gg/decks/irelia-blade-dancer-deck-litkw/
273,riftboundgg,irelia-5th-at-sydney-regional-qualifier-copy-wfpty,Irelia 5th at Sydney Regional Qualifier - copy,Irelia - Blade Dancer,Legend,17.2335,474.70,13.0,,1.48,https://riftbound.gg/decks/irelia-5th-at-sydney-regional-qualifier-copy-wfpty/
274,riftboundgg,irelia-blade-dancer-lunar-revel-bundle-2026-deck-9pr8c,Irelia - Blade Dancer (Lunar Revel Bundle 2026) Deck,Irelia - Blade Dancer (Lunar Revel Bundle 2026),Legend,17.2015,647.10,13.0,,1.25,https://riftbound.gg/decks/irelia-blade-dancer-lunar-revel-bundle-2026-deck-9pr8c/
275,piltoverarchive,974f104a-41f4-4bdb-93ad-1da26fe7f17f,Fiora Second Place List,"Fiora, Grand Duelist",Legend,17.1996,245.38,1600.0,0,60.00,https://piltoverarchive.com/decks/view/974f104a-41f4-4bdb-93ad-1da26fe7f17f
276,piltoverarchive,c8113579-4adf-4aba-be92-71e011d46fed,2nd Chengdu Regional Fiora,"Fiora, Grand Duelist",Legend,17.1807,203.70,569.0,2,20.00,https://piltoverarchive.com/decks/view/c8113579-4adf-4aba-be92-71e011d46fed
277,riftboundgg,irelia-blade-dancer-deck-b2ozc,Irelia - Blade Dancer Deck,Irelia - Blade Dancer,Legend,17.1795,484.24,12.0,,1.43,https://riftbound.gg/decks/irelia-blade-dancer-deck-b2ozc/
278,riftboundgg,fiora-wins-jinan-city-challenge,Fiora wins Jinan City Challenge,Fiora - Grand Duelist,Legend,17.1603,270.15,23692.0,,128.52,https://riftbound.gg/decks/fiora-wins-jinan-city-challenge/
279,riftboundgg,ezreal-prodigal-explorer-deck-copy-p55xx,Ezreal - Prodigal Explorer Deck - copy,Ezreal - Prodigal Explorer,Legend,17.1602,455.92,19.0,,1.40,https://riftbound.gg/decks/ezreal-prodigal-explorer-deck-copy-p55xx/
280,piltoverarchive,e6c6bb7b-9085-4ba4-a7bb-460979eadb66,Sk Draven,"Draven, Glorious Executioner",Legend,17.1491,240.55,2700.0,0,60.00,https://piltoverarchive.com/decks/view/e6c6bb7b-9085-4ba4-a7bb-460979eadb66
281,riftboundgg,kaisa-daughter-of-the-void-deck-j1hxj,Kai'Sa Daughter of the Void Deck,Kai'Sa - Daughter of the Void,Legend,17.1373,280.04,13718.0,,265.10,https://riftbound.gg/decks/kaisa-daughter-of-the-void-deck-j1hxj/
282,piltoverarchive,ceee314d-d7ca-45ac-afd7-f306f8bb4488,Miracle MF,"Miss Fortune, Bounty Hunter",Legend,17.1105,519.50,1100.0,0,27.00,https://piltoverarchive.com/decks/view/ceee314d-d7ca-45ac-afd7-f306f8bb4488
283,riftboundgg,kaisa-ttd-5k-winner,Kai'Sa TTD 5k Winner,Kai'Sa - Daughter of the Void,Legend,17.1074,261.13,21793.0,,167.80,https://riftbound.gg/decks/kaisa-ttd-5k-winner/
284,riftboundgg,azir-wins-riftbound-tcgarena-2k-cash-showdown-2,Azir Wins Riftbound TCGArena $2K Cash Showdown 2,Azir - Emperor of the Sands,Legend,17.1073,228.78,14475.0,,16.69,https://riftbound.gg/decks/azir-wins-riftbound-tcgarena-2k-cash-showdown-2/
285,riftboundgg,kaisa-daughter-of-the-void-deck-zcxdl,Kai'Sa Daughter of the Void Deck,Kai'Sa - Daughter of the Void,Legend,17.1041,282.16,19273.0,,310.24,https://riftbound.gg/decks/kaisa-daughter-of-the-void-deck-zcxdl/
286,riftboundgg,ezreal-unl-0uku4,Ezreal UNL,Ezreal - Prodigal Explorer,Legend,17.0910,975.02,11.0,,1.19,https://riftbound.gg/decks/ezreal-unl-0uku4/
287,piltoverarchive,bbe669c6-9695-47ac-bec2-2411b6e1d04c,Brehamm&#x27;s Viktor - Heimer DECK [Recruit Spam],"Viktor, Herald of the Arcane",Legend,17.0511,91.94,9700.0,5,240.00,https://piltoverarchive.com/decks/view/bbe669c6-9695-47ac-bec2-2411b6e1d04c
288,riftboundgg,irelia-blade-dancer-deck-barron-side,Irelia - Blade Dancer Deck Barron side,Irelia - Blade Dancer,Legend,17.0359,475.97,12.0,,1.21,https://riftbound.gg/decks/irelia-blade-dancer-deck-barron-side/
289,riftboundgg,kaisa-daughter-of-the-void-deck-5ttju,Kai'Sa Daughter of the Void Deck,Kai'Sa - Daughter of the Void,Legend,17.0028,272.85,64190.0,,301.80,https://riftbound.gg/decks/kaisa-daughter-of-the-void-deck-5ttju/
290,riftboundgg,irelia-blade-dancer-deck-jvndy,Irelia - Blade Dancer Deck,Irelia - Blade Dancer,Legend,17.0017,897.45,13.0,,0.75,https://riftbound.gg/decks/irelia-blade-dancer-deck-jvndy/
291,riftboundgg,rage-kaisa,Rage Kai'Sa,Kai'Sa - Daughter of the Void,Legend,16.9850,273.78,24287.0,,279.77,https://riftbound.gg/decks/rage-kaisa/
292,piltoverarchive,a7053310-2742-4eed-aebd-20c734c7178d,Spiritforged Miss Fortune,"Miss Fortune, Bounty Hunter",Legend,16.9569,389.55,2800.0,0,30.00,https://piltoverarchive.com/decks/view/a7053310-2742-4eed-aebd-20c734c7178d
293,riftboundgg,irelia-blade-dancer-deck-ek1yb,Irelia - Blade Dancer Deck,Irelia - Blade Dancer,Legend,16.9389,406.55,12.0,,1.17,https://riftbound.gg/decks/irelia-blade-dancer-deck-ek1yb/
294,riftboundgg,china-national-champ-kaisa,China National Champ Kai'sa,Kai'Sa - Daughter of the Void,Legend,16.9256,255.20,67442.0,,197.51,https://riftbound.gg/decks/china-national-champ-kaisa/
295,piltoverarchive,70bc0a36-8ddb-4061-95f7-9fdcd3bd8958,Yi SF Aurora,"Master Yi, Wuju Bladesman",Legend,16.9151,142.28,2500.0,0,15.00,https://piltoverarchive.com/decks/view/70bc0a36-8ddb-4061-95f7-9fdcd3bd8958
296,riftboundgg,irelia-blade-dancer-deck-ufnh0,Irelia - Blade Dancer Deck,Irelia - Blade Dancer,Legend,16.9069,463.81,6.0,,1.43,https://riftbound.gg/decks/irelia-blade-dancer-deck-ufnh0/
297,piltoverarchive,7be43177-f166-40e9-9f05-2d736e19951c,Riftlab Trials Two - Top 4 Annie,"Annie, Dark Child",Legend,16.9059,417.39,17400.0,0,120.00,https://piltoverarchive.com/decks/view/7be43177-f166-40e9-9f05-2d736e19951c
298,riftboundgg,irelia-blade-dancer-deck-63u4w,Irelia - Blade Dancer Deck,Irelia - Blade Dancer,Legend,16.8855,714.09,36.0,,0.07,https://riftbound.gg/decks/irelia-blade-dancer-deck-63u4w/
299,riftboundgg,kaisa-scg-vegas-2nd,Kai'Sa SCG Vegas 2nd,Kai'Sa - Daughter of the Void,Legend,16.8800,254.33,23726.0,,175.12,https://riftbound.gg/decks/kaisa-scg-vegas-2nd/
300,piltoverarchive,9791e701-0e76-46f6-b9c3-699219f76ab4,Sivir Reanimator theroycraft v4,"Sivir, Battle Mistress",Legend,16.8733,343.95,4100.0,0,60.00,https://piltoverarchive.com/decks/view/9791e701-0e76-46f6-b9c3-699219f76ab4
301,riftboundgg,freakz-1st-riftbound-meta-weekly-aug-10th-copy-hpt1e,Freakz: 1st - Riftbound Meta Weekly (Aug 10th) - copy,Viktor - Herald of the Arcane,Legend,16.8541,88.58,89877.0,,274.31,https://riftbound.gg/decks/freakz-1st-riftbound-meta-weekly-aug-10th-copy-hpt1e/
302,piltoverarchive,576ca34e-fcbd-4a79-853e-74df31251adc,Top 8 - Riftlab Contenders: London - IMABUNNEH&#x27;s Master Yi,"Master Yi, Wuju Bladesman",Legend,16.8500,163.95,4600.0,0,60.00,https://piltoverarchive.com/decks/view/576ca34e-fcbd-4a79-853e-74df31251adc
303,piltoverarchive,4bb56823-f576-405f-930f-d0a2434edc48,[Set 2] Savjz Sett,"Sett, The Boss",Legend,16.8496,253.82,2600.0,0,30.00,https://piltoverarchive.com/decks/view/4bb56823-f576-405f-930f-d0a2434edc48
304,riot-bologna,riot-bologna-50-rocklho,Bologna #50 - Rocklho,"Azir, Emperor of the Sands",Legend,16.8367,204.25,58367.0,,102.02,https://riftbound.leagueoflegends.com/en-us/news/organizedplay/the-best-decks-out-of-bologna/
305,riftboundgg,kaisa-top-8-nanjing-regional,Kai'Sa Top 8 Nanjing Regional,Kai'Sa - Daughter of the Void,Legend,16.8337,229.46,37484.0,,102.02,https://riftbound.gg/decks/kaisa-top-8-nanjing-regional/
306,riftboundgg,irelia-blade-dancer-deck-4znnz,Irelia - Blade Dancer Deck,Irelia - Blade Dancer,Legend,16.8210,576.13,10.0,,0.87,https://riftbound.gg/decks/irelia-blade-dancer-deck-4znnz/
307,riftboundgg,kaisa-daughter-of-the-void-deck-ourb6,Kai'Sa Daughter of the Void Deck,Kai'Sa - Daughter of the Void,Legend,16.7971,261.68,75949.0,,274.16,https://riftbound.gg/decks/kaisa-daughter-of-the-void-deck-ourb6/
308,mobalytics-tournament,master-yi-wuju-bladesman-ccs-10k-weekend-top8-jonathan-ball,"Master Yi, Wuju Bladesman: CCS Riftbound $10,000 Weekend Top 8 (Jonathan Ball)","Master Yi, Wuju Bladesman",Legend,16.7877,102.12,,,150.21,https://mobalytics.gg/riftbound/decks/master-yi-wuju-bladesman-ccs-10k-weekend-top8-jonathan-ball
309,piltoverarchive,beb75cc7-fd85-4788-9e1d-692b324b57cf,Draven Control,"Draven, Glorious Executioner",Legend,16.7613,230.29,3200.0,0,7.00,https://piltoverarchive.com/decks/view/beb75cc7-fd85-4788-9e1d-692b324b57cf
310,riftboundgg,irelia-blade-dancer-deck-n4vie,Irelia - Blade Dancer Deck,Irelia - Blade Dancer,Legend,16.7497,624.65,7.0,,0.91,https://riftbound.gg/decks/irelia-blade-dancer-deck-n4vie/
311,riftboundgg,annie-dark-child-deck-vr7ro,Annie Dark Child Deck,Annie - Dark Child,Legend,16.7439,453.32,31293.0,,277.34,https://riftbound.gg/decks/annie-dark-child-deck-vr7ro/
312,piltoverarchive,8cff1b31-280f-4966-b822-d38574cfd469,Dont drop the axe,"Draven, Glorious Executioner",Legend,16.7266,227.09,2600.0,0,60.00,https://piltoverarchive.com/decks/view/8cff1b31-280f-4966-b822-d38574cfd469
313,riftboundgg,5-8th-guangzhou-regionals-tournament-aug-2025-8c5ur,乐在飙亲-阿保: 5-8th- Guangzhou Regionals Tournament (Aug 2025),Viktor - Herald of the Arcane,Legend,16.7243,81.64,4108302.0,,268.04,https://riftbound.gg/decks/5-8th-guangzhou-regionals-tournament-aug-2025-8c5ur/
314,piltoverarchive,cbd5b903-28cf-4802-bffe-653f7ac005e4,"Sivir, Resilient &amp; Sneaky (WIP)","Sivir, Battle Mistress",Legend,16.7199,283.63,15700.0,4,30.00,https://piltoverarchive.com/decks/view/cbd5b903-28cf-4802-bffe-653f7ac005e4
315,riftboundgg,master-yi-top-32-dinan-regional-84t84,Master Yi top 32 Dinan Regional,Master Yi - Wuju Bladesman,Legend,16.7108,165.81,30382.0,,109.10,https://riftbound.gg/decks/master-yi-top-32-dinan-regional-84t84/
316,riftboundgg,freakz-1st-riftbound-meta-weekly-aug-10th,Freakz: 1st - Riftbound Meta Weekly (Aug 10th),Viktor - Herald of the Arcane,Legend,16.7009,80.47,15690229.0,,281.21,https://riftbound.gg/decks/freakz-1st-riftbound-meta-weekly-aug-10th/
317,riftboundgg,irelia-blade-dancer-deck-zagw5,Irelia - Blade Dancer Deck,Irelia - Blade Dancer,Legend,16.7004,449.20,11.0,,0.75,https://riftbound.gg/decks/irelia-blade-dancer-deck-zagw5/
318,mobalytics-tournament,kai-sa-daughter-of-the-void-ccs-10k-weekend-top8-stan,"Kai'Sa, Daughter of the Void: CCS Riftbound $10,000 Weekend Top 8 (Stan)","Kai'Sa, Daughter of the Void",Legend,16.6991,147.48,,,150.21,https://mobalytics.gg/riftbound/decks/kai-sa-daughter-of-the-void-ccs-10k-weekend-top8-stan
319,riftboundgg,azir-wins-lille-regional-qualifier,Azir Wins Lille Regional Qualifier,Azir - Emperor of the Sands,Legend,16.6954,207.54,16110.0,,0.19,https://riftbound.gg/decks/azir-wins-lille-regional-qualifier/
320,riftboundgg,ezreal-prodigal-explorer-deck-k61g1,Ezreal - Prodigal Explorer Deck,Ezreal - Prodigal Explorer,Legend,16.6610,631.57,22.0,,0.32,https://riftbound.gg/decks/ezreal-prodigal-explorer-deck-k61g1/
321,riot-bologna,riot-bologna-27-copeanrchy,Bologna #27 - COPE Anªrchy,"Annie, Dark Child",Legend,16.6598,266.03,,,210.35,https://riftbound.leagueoflegends.com/en-us/news/organizedplay/the-best-decks-out-of-bologna/
322,piltoverarchive,333099db-ece6-4fbb-9277-1218dbc66509,1st Place - Runes and Rift,"Draven, Glorious Executioner",Legend,16.6538,226.68,2100.0,0,60.00,https://piltoverarchive.com/decks/view/333099db-ece6-4fbb-9277-1218dbc66509
323,riftboundgg,draven-wins-runes-rift-invitational,Draven wins Runes & Rift Invitational,Draven - Glorious Executioner,Legend,16.6512,231.80,23799.0,,128.62,https://riftbound.gg/decks/draven-wins-runes-rift-invitational/
324,riftboundgg,irelia-blade-dancer-deck-2bhq6,Irelia - Blade Dancer Deck,Irelia - Blade Dancer,Legend,16.6423,537.62,10.0,,0.62,https://riftbound.gg/decks/irelia-blade-dancer-deck-2bhq6/
325,piltoverarchive,73e76230-b0e4-4f39-bfce-e78fdc078902,China National Open Top 32,"Sett, The Boss",Legend,16.6282,321.67,20900.0,1,90.00,https://piltoverarchive.com/decks/view/73e76230-b0e4-4f39-bfce-e78fdc078902
326,piltoverarchive,435cbf1e-d778-45b7-811e-99b48917a198,Sample Size 1: Green Azir beats Draven,"Azir, Emperor of the Sands",Legend,16.5890,230.08,7800.0,2,30.00,https://piltoverarchive.com/decks/view/435cbf1e-d778-45b7-811e-99b48917a198
327,riftboundgg,annie-runner-up-in-shenyang-city-challenge,Annie Runner Up in Shenyang City Challenge,Annie - Dark Child,Legend,16.5827,398.26,26152.0,,128.53,https://riftbound.gg/decks/annie-runner-up-in-shenyang-city-challenge/
328,piltoverarchive,d0faf065-1c05-4dce-820d-f3baf53327ae,Viktor - 1st City Challenge Shanghai National Open,"Viktor, Herald of the Arcane",Legend,16.5743,76.32,11600.0,0,90.00,https://piltoverarchive.com/decks/view/d0faf065-1c05-4dce-820d-f3baf53327ae
329,piltoverarchive,fd63b23b-5e1b-4ac5-a914-42793ed82c0f,Orange is a Fair and Balanced Color :) (Aggro/Midrange Sett),"Sett, The Boss",Legend,16.4837,411.15,1900.0,0,60.00,https://piltoverarchive.com/decks/view/fd63b23b-5e1b-4ac5-a914-42793ed82c0f
330,piltoverarchive,30880f9c-23ef-4f6d-887a-30b7bc2220d7,Agustin H. - TTD Riftbound 5K - 1st,"Kai'Sa, Daughter of the Void",Legend,16.4815,227.11,6200.0,0,90.00,https://piltoverarchive.com/decks/view/30880f9c-23ef-4f6d-887a-30b7bc2220d7
331,piltoverarchive,3f86175b-5493-44c5-8882-a3bd6b2c362f,Shanghai National Open - 5th Place,"Master Yi, Wuju Bladesman",Legend,16.4613,171.67,3900.0,0,90.00,https://piltoverarchive.com/decks/view/3f86175b-5493-44c5-8882-a3bd6b2c362f
332,piltoverarchive,cede5d5c-12e9-4e47-9f68-f8b1611f5793,1st Place - Riftlab Contenders: London - Yehosra&#x27;s Sett,"Sett, The Boss",Legend,16.4553,293.38,12100.0,1,90.00,https://piltoverarchive.com/decks/view/cede5d5c-12e9-4e47-9f68-f8b1611f5793
333,riftboundgg,kaisa-daughter-of-the-void-deck-1elhj,Kai'Sa Daughter of the Void Deck,Kai'Sa - Daughter of the Void,Legend,16.4425,250.02,55049.0,,267.78,https://riftbound.gg/decks/kaisa-daughter-of-the-void-deck-1elhj/
334,riftboundgg,kaisa-deck-6-shanghai-national-open-tournament,Kai'Sa Deck 6 Shanghai National Open Tournament,Kai'Sa - Daughter of the Void,Legend,16.4407,245.51,16323.0,,197.40,https://riftbound.gg/decks/kaisa-deck-6-shanghai-national-open-tournament/
335,riftboundgg,best-origins-viktor,Best Origins Viktor,Viktor - Herald of the Arcane,Legend,16.4168,78.06,35943.0,,149.61,https://riftbound.gg/decks/best-origins-viktor/
336,piltoverarchive,7c00b374-2ce0-487e-8a46-cf8e14c3b1ac,Antyn V. - SCGCON Vegas Riftbound 10k - Top 16,"Master Yi, Wuju Bladesman",Legend,16.4064,171.53,3100.0,0,90.00,https://piltoverarchive.com/decks/view/7c00b374-2ce0-487e-8a46-cf8e14c3b1ac
337,piltoverarchive,1f861cec-1150-4860-9baf-7443de2f4c42,Viktor Summoner Skirmish 1st Place,"Viktor, Herald of the Arcane",Legend,16.4023,76.66,1300.0,0,60.00,https://piltoverarchive.com/decks/view/1f861cec-1150-4860-9baf-7443de2f4c42
338,riftboundgg,best-origins-yi,Best Origins Yi,Master Yi - Wuju Bladesman,Legend,16.3895,181.28,29625.0,,149.53,https://riftbound.gg/decks/best-origins-yi/
339,piltoverarchive,ec50474e-dfbd-42e8-a98c-a26cc103c2a4,Go Second Spirit Sett,"Sett, The Boss",Legend,16.3879,265.23,2800.0,0,60.00,https://piltoverarchive.com/decks/view/ec50474e-dfbd-42e8-a98c-a26cc103c2a4
340,riftboundgg,annie-tl,Annie TL,Annie - Dark Child,Legend,16.3669,414.55,28337.0,,206.54,https://riftbound.gg/decks/annie-tl/
341,piltoverarchive,6ab9773b-15c1-477e-9c36-2b8a8b9b9b7e,2nd Place - Riftlab Contenders: London - Igor&#x27;s Master Yi,"Master Yi, Wuju Bladesman",Legend,16.3626,152.25,5100.0,0,90.00,https://piltoverarchive.com/decks/view/6ab9773b-15c1-477e-9c36-2b8a8b9b9b7e
342,piltoverarchive,03d134a0-d261-4c37-842e-4c9eee796369,Jibbs Kaisa Deck - Houston,"Kai'Sa, Daughter of the Void",Legend,16.3576,221.94,1800.0,0,60.00,https://piltoverarchive.com/decks/view/03d134a0-d261-4c37-842e-4c9eee796369
343,riftboundgg,draven-b-raven,DRAVEN B RAVE'N,Draven - Glorious Executioner,Legend,16.3446,505.91,5.0,,0.22,https://riftbound.gg/decks/draven-b-raven/
344,piltoverarchive,97b26bb0-b135-4400-b5f3-35fd0ad4dd03,Undefeated 1st place Summoner Skirmish SFL,"Annie, Dark Child",Legend,16.3128,352.66,8900.0,0,60.00,https://piltoverarchive.com/decks/view/97b26bb0-b135-4400-b5f3-35fd0ad4dd03
345,piltoverarchive,57a558b7-149b-4915-808b-f1930ced8c67,3rd place (Ascension League - Top Cut) - 09/11/2025,"Sett, The Boss",Legend,16.3083,262.42,8900.0,0,90.00,https://piltoverarchive.com/decks/view/57a558b7-149b-4915-808b-f1930ced8c67
346,riot-bologna,riot-bologna-35-bubo,Bologna #35 - Bubo,"Jax, Grandmaster at Arms",Legend,16.3053,274.59,13531.0,,87.46,https://riftbound.leagueoflegends.com/en-us/news/organizedplay/the-best-decks-out-of-bologna/
347,riftboundgg,ezreal-lock-aggro,Ezreal Lock aggro,Ezreal - Prodigal Explorer,Legend,16.2938,747.53,10.0,,0.03,https://riftbound.gg/decks/ezreal-lock-aggro/
348,riftboundgg,viktor-on-a-budget,Viktor on a budget,Viktor - Herald of the Arcane,Legend,16.2906,72.04,15694.0,,85.43,https://riftbound.gg/decks/viktor-on-a-budget/
349,piltoverarchive,d0aaa85a-9b79-4195-8fe8-112e878d0946,MF Aurora Spiritforged,"Miss Fortune, Bounty Hunter",Legend,16.2896,376.60,780.0,0,30.00,https://piltoverarchive.com/decks/view/d0aaa85a-9b79-4195-8fe8-112e878d0946
350,piltoverarchive,8d4802e4-e10c-4701-954d-842854dc61be,2nd - Zatu Games Riftbound Riot! - Joshua Freeman-Birch,"Sett, The Boss",Legend,16.2808,295.43,1600.0,0,60.00,https://piltoverarchive.com/decks/view/8d4802e4-e10c-4701-954d-842854dc61be
351,piltoverarchive,605eabfd-9a7b-4671-af5c-a81c4dbf8c12,Azir v.2,"Azir, Emperor of the Sands",Legend,16.2651,374.26,1900.0,0,30.00,https://piltoverarchive.com/decks/view/605eabfd-9a7b-4671-af5c-a81c4dbf8c12
352,riftboundgg,kirilejungler-5-8th-riftbound-france-cup-season-0-1-aug-10th,KiriLeJungler: 5-8th - Riftbound France Cup Season 0 #1 (Aug 10th),Kai'Sa - Daughter of the Void,Legend,16.2553,250.14,17395.0,,283.28,https://riftbound.gg/decks/kirilejungler-5-8th-riftbound-france-cup-season-0-1-aug-10th/
353,riftboundgg,ezreal-prodigal-explorer-deck-ay46t,Ezreal - Prodigal Explorer Deck,Ezreal - Prodigal Explorer,Legend,16.2457,713.13,6.0,,0.36,https://riftbound.gg/decks/ezreal-prodigal-explorer-deck-ay46t/
354,piltoverarchive,8d70d204-1367-4911-8463-93610e3bf978,Sett Hybrid,"Sett, The Boss",Legend,16.2382,292.23,1400.0,0,60.00,https://piltoverarchive.com/decks/view/8d70d204-1367-4911-8463-93610e3bf978
355,piltoverarchive,b3f515f7-d098-4a8a-a86f-496f054160ee,Sett ready fiora,"Sett, The Boss",Legend,16.2229,326.99,1100.0,0,60.00,https://piltoverarchive.com/decks/view/b3f515f7-d098-4a8a-a86f-496f054160ee
356,piltoverarchive,86d25e6d-86db-4ab4-9d4b-1d1ea84e7b99,ChallengerTCG Irelia,"Irelia, Blade Dancer",Legend,16.2225,348.00,50.0,0,1.00,https://piltoverarchive.com/decks/view/86d25e6d-86db-4ab4-9d4b-1d1ea84e7b99
357,piltoverarchive,37b67428-24c8-4b57-bbce-2f1ff53b6062,Azir BH 6 Might,"Azir, Emperor of the Sands",Legend,16.2135,228.10,3200.0,0,30.00,https://piltoverarchive.com/decks/view/37b67428-24c8-4b57-bbce-2f1ff53b6062
358,piltoverarchive,be019612-f7e1-4d9d-8f08-ca67052ff133,Master Yi Aurora - 2nd Place 02-11 City Challenge at the National Open,"Master Yi, Wuju Bladesman",Legend,16.1990,153.52,2000.0,0,90.00,https://piltoverarchive.com/decks/view/be019612-f7e1-4d9d-8f08-ca67052ff133
359,piltoverarchive,475eb0e4-3c7f-4707-a107-936cf460b7c0,Season 1Regional Open-Hangzhou Division - #1,"Master Yi, Wuju Bladesman",Legend,16.1800,152.17,18800.0,0,90.00,https://piltoverarchive.com/decks/view/475eb0e4-3c7f-4707-a107-936cf460b7c0
360,riftboundgg,annie-dark-child-deck,Annie Dark Child Deck,Annie - Dark Child,Legend,16.1548,420.31,29431.0,,287.39,https://riftbound.gg/decks/annie-dark-child-deck/
361,piltoverarchive,3c9b676a-eaa1-4241-a183-e2c7475adde3,Azir Baited Hook 4 Cost,"Azir, Emperor of the Sands",Legend,16.1487,245.09,1900.0,0,26.00,https://piltoverarchive.com/decks/view/3c9b676a-eaa1-4241-a183-e2c7475adde3
362,riftboundgg,kaisa-wins-dalian-regional,Kai'sa Wins Dalian Regional,Kai'Sa - Daughter of the Void,Legend,16.1253,206.98,53426.0,,109.11,https://riftbound.gg/decks/kaisa-wins-dalian-regional/
363,piltoverarchive,ccdfbc84-6a9e-4eec-8f8c-6ab5d55f94db,Fiora Top8 - CowCowCup (80 players),"Fiora, Grand Duelist",Legend,16.1237,174.78,5900.0,0,60.00,https://piltoverarchive.com/decks/view/ccdfbc84-6a9e-4eec-8f8c-6ab5d55f94db
364,riftboundgg,draven-glorious-executioner-deck-t9qdx,Draven - Glorious Executioner Deck,Draven - Glorious Executioner,Legend,16.1140,431.57,10.0,,1.44,https://riftbound.gg/decks/draven-glorious-executioner-deck-t9qdx/
365,piltoverarchive,05737b60-e1b3-4a38-ab26-b1fb301a9868,Newrof - Runes &amp; Rift Invitational,"Sivir, Battle Mistress",Legend,16.1046,277.15,5300.0,1,30.00,https://piltoverarchive.com/decks/view/05737b60-e1b3-4a38-ab26-b1fb301a9868
366,piltoverarchive,9853512d-2c9f-4c30-8f50-24e8ae7cad3b,【City Challenge】 Dongguan Station - #1,"Sett, The Boss",Legend,16.0873,318.18,2400.0,0,90.00,https://piltoverarchive.com/decks/view/9853512d-2c9f-4c30-8f50-24e8ae7cad3b
367,piltoverarchive,6303145f-a664-4c0d-87e2-86d48081373f,Victor Artistocrats,"Viktor, Herald of the Arcane",Legend,16.0813,75.07,2400.0,0,90.00,https://piltoverarchive.com/decks/view/6303145f-a664-4c0d-87e2-86d48081373f
368,riftboundgg,vendorty-1st-riftlab-trial-i-aug-9th-wt4ne,Vendorty: 1st - Riftlab Trial I (Aug 9th),Sett - The Boss,Legend,16.0750,240.44,16590124.0,,283.33,https://riftbound.gg/decks/vendorty-1st-riftlab-trial-i-aug-9th-wt4ne/
369,piltoverarchive,30f7487b-4f1d-46a3-96a3-15af80fad438,Rune &amp; Rift Open 7 Winner Sivir Midrange,"Sivir, Battle Mistress",Legend,16.0672,282.80,14700.0,5,60.00,https://piltoverarchive.com/decks/view/30f7487b-4f1d-46a3-96a3-15af80fad438
370,piltoverarchive,d89e110e-6e2a-450d-971f-67e1bcda95bb,Tempo Azir,"Azir, Emperor of the Sands",Legend,16.0616,144.25,8300.0,3,30.00,https://piltoverarchive.com/decks/view/d89e110e-6e2a-450d-971f-67e1bcda95bb
371,riftboundgg,master-yi-wuju-bladesman-deck-bko66,Master Yi Wuju Bladesman Deck,Master Yi - Wuju Bladesman,Legend,16.0486,224.86,135578.0,,276.08,https://riftbound.gg/decks/master-yi-wuju-bladesman-deck-bko66/
372,riftboundgg,cheap-viktor,Cheap Viktor,Viktor - Herald of the Arcane,Legend,16.0445,76.33,61507.0,,195.19,https://riftbound.gg/decks/cheap-viktor/
373,riftboundgg,ezreal-prodigal-explorer-deck-cqfnh,Ezreal - Prodigal Explorer Deck,Ezreal - Prodigal Explorer,Legend,16.0294,639.32,5.0,,0.17,https://riftbound.gg/decks/ezreal-prodigal-explorer-deck-cqfnh/
374,piltoverarchive,fac23cc3-66cc-4078-b7cb-bb3953b162a7,Sett - 5-8th - Hangzhou Regionals Tournament (Sep 2025),"Sett, The Boss",Legend,16.0261,222.79,8600.0,0,90.00,https://piltoverarchive.com/decks/view/fac23cc3-66cc-4078-b7cb-bb3953b162a7
375,riftboundgg,kuvira-2nd-luxury-riftbound-cs-1k-aug-16th,Kuvira: 2nd - Luxury Riftbound CS 1K (Aug 16th),Sett - The Boss,Legend,16.0216,240.69,7224989.0,,274.39,https://riftbound.gg/decks/kuvira-2nd-luxury-riftbound-cs-1k-aug-16th/
376,riftboundgg,master-yi-deck-5-shanghai-national-open-tournament,Master Yi Deck 5 Shanghai National Open Tournament,Master Yi - Wuju Bladesman,Legend,16.0182,188.24,16388.0,,197.44,https://riftbound.gg/decks/master-yi-deck-5-shanghai-national-open-tournament/
377,riftboundgg,kaisa-wins-zhongshan-city-challenge,Kai'Sa Wins Zhongshan City Challenge,Kai'Sa - Daughter of the Void,Legend,16.0101,213.17,29856.0,,128.52,https://riftbound.gg/decks/kaisa-wins-zhongshan-city-challenge/
378,piltoverarchive,f60d9793-66cc-4b73-a7c5-3f67ab2c4a98,Sett - Nexus Night - Riftbound Meta,"Sett, The Boss",Legend,15.9859,288.36,1900.0,0,90.00,https://piltoverarchive.com/decks/view/f60d9793-66cc-4b73-a7c5-3f67ab2c4a98
379,piltoverarchive,473dbc57-4b53-4f8e-9367-b84c00d9c9bd,4th place group B (Ascension League - Stage 6) - 27/10/2025,"Sett, The Boss",Legend,15.9822,223.60,12000.0,0,120.00,https://piltoverarchive.com/decks/view/473dbc57-4b53-4f8e-9367-b84c00d9c9bd
380,riftboundgg,viktor-herald-of-the-arcane-deck-e4v92,Viktor Herald of the Arcane Deck,Viktor - Herald of the Arcane,Legend,15.9623,80.45,26594.0,,277.52,https://riftbound.gg/decks/viktor-herald-of-the-arcane-deck-e4v92/
381,riftboundgg,tog-5-8th-luxury-riftbound-cs-1k-aug-16th,tog: 5-8th - Luxury Riftbound CS 1K (Aug 16th),Sett - The Boss,Legend,15.9520,235.07,4457900.0,,274.38,https://riftbound.gg/decks/tog-5-8th-luxury-riftbound-cs-1k-aug-16th/
382,riftboundgg,miss-fortune-bounty-hunter-deck-5nfq1,Miss Fortune Bounty Hunter Deck,Miss Fortune - Bounty Hunter,Legend,15.9489,425.01,115720.0,,270.20,https://riftbound.gg/decks/miss-fortune-bounty-hunter-deck-5nfq1/
383,riftboundgg,best-viktor-from-lille-regional-qualifier,Best Viktor from Lille Regional Qualifier,Viktor - Herald of the Arcane,Legend,15.9390,59.50,14477.0,,0.52,https://riftbound.gg/decks/best-viktor-from-lille-regional-qualifier/
384,riftboundgg,vendorty-4th-riftbound-meta-weekly-jul-26th,Vendorty: 4th - Riftbound Meta Weekly (Jul 26th),Sett - The Boss,Legend,15.9280,240.48,6331217.0,,287.06,https://riftbound.gg/decks/vendorty-4th-riftbound-meta-weekly-jul-26th/
385,piltoverarchive,b732dab9-c2ed-4d90-ab46-d52aff2adec0,Low to the ground token control,"Azir, Emperor of the Sands",Legend,15.8996,194.38,1600.0,0,30.00,https://piltoverarchive.com/decks/view/b732dab9-c2ed-4d90-ab46-d52aff2adec0
386,riftboundgg,ezreal-on-a-budget,Ezreal On a Budget,Ezreal - Prodigal Explorer,Legend,15.8920,156.25,15332.0,,85.44,https://riftbound.gg/decks/ezreal-on-a-budget/
387,riftboundgg,master-yi,Master Yi,Master Yi - Wuju Bladesman,Legend,15.8900,171.40,83412.0,,268.85,https://riftbound.gg/decks/master-yi/
388,riftboundgg,tog-5-8th-riftlab-trial-i-aug-9th,tog: 5-8th - Riftlab Trial I (Aug 9th),Sett - The Boss,Legend,15.8864,235.69,3646210.0,,283.32,https://riftbound.gg/decks/tog-5-8th-riftlab-trial-i-aug-9th/
389,riftboundgg,viktor-herald-of-the-arcane-deck-wogi5,Viktor Herald of the Arcane Deck,Viktor - Herald of the Arcane,Legend,15.8836,78.38,64217.0,,275.29,https://riftbound.gg/decks/viktor-herald-of-the-arcane-deck-wogi5/
390,mobalytics-tournament,kai-sa-daughter-of-the-void-pro-play-summit-orlando-saturday-10k-top-8-jaden-rey,"Kai'Sa, Daughter of the Void: Pro-Play Summit Orlando Saturday 10K Top 8 (Jaden Rey)","Kai'Sa, Daughter of the Void",Legend,15.8699,126.48,11600.0,0,30.00,https://mobalytics.gg/riftbound/decks/kai-sa-daughter-of-the-void-pro-play-summit-orlando-saturday-10k-top-8-jaden-rey
391,piltoverarchive,eedcea0b-f5ac-4ca8-b62a-066ccbac22d5,Guangzhou City Challenge 28th December - Top16 - 阿咚,"Fiora, Grand Duelist",Legend,15.8635,168.12,5300.0,1,60.00,https://piltoverarchive.com/decks/view/eedcea0b-f5ac-4ca8-b62a-066ccbac22d5
392,riftboundgg,miss-fortune-bounty-hunter-deck-mkdfx,Miss Fortune Bounty Hunter Deck,Miss Fortune - Bounty Hunter,Legend,15.8496,483.74,36980.0,,282.25,https://riftbound.gg/decks/miss-fortune-bounty-hunter-deck-mkdfx/
393,riftboundgg,10kturnips-5-8th-riftbound-meta-weekly-aug-10th,10kTurnips: 5-8th - Riftbound Meta Weekly (Aug 10th),Viktor - Herald of the Arcane,Legend,15.8492,73.55,2927372.0,,283.24,https://riftbound.gg/decks/10kturnips-5-8th-riftbound-meta-weekly-aug-10th/
394,riftboundgg,1st-hangzhou-regionals-tournament-sep-2025,小牛: 1st - Hangzhou Regionals Tournament (Sep 2025),Master Yi - Wuju Bladesman,Legend,15.8447,168.59,32166.0,,247.08,https://riftbound.gg/decks/1st-hangzhou-regionals-tournament-sep-2025/
395,riftboundgg,lee-sin-blind-monk-deck-7a5gx,Lee Sin Blind Monk Deck,Master Yi - Wuju Bladesman,Legend,15.8423,247.71,24032.0,,289.91,https://riftbound.gg/decks/lee-sin-blind-monk-deck-7a5gx/
396,piltoverarchive,79afc714-3eb6-497a-8248-616d3ab7c848,Azir 6 Might BH 2,"Azir, Emperor of the Sands",Legend,15.8353,197.48,1300.0,0,30.00,https://piltoverarchive.com/decks/view/79afc714-3eb6-497a-8248-616d3ab7c848
397,piltoverarchive,faa70e0b-b31d-424c-b1ae-7abe1262e4bc,Sett Hook - 1st Place 06-10 Bejing City Challenge,"Sett, The Boss",Legend,15.8313,269.48,3400.0,0,120.00,https://piltoverarchive.com/decks/view/faa70e0b-b31d-424c-b1ae-7abe1262e4bc
398,riftboundgg,ezrealavatar,EzrealAvatar,Ezreal - Prodigal Explorer,Legend,15.8300,326.75,8.0,,1.62,https://riftbound.gg/decks/ezrealavatar/
399,piltoverarchive,a4220e6f-a1d2-4894-befc-89ddc6328987,Corina Drift,"Azir, Emperor of the Sands",Legend,15.8299,141.87,27500.0,8,30.00,https://piltoverarchive.com/decks/view/a4220e6f-a1d2-4894-befc-89ddc6328987
400,piltoverarchive,f31f0276-e463-4d4c-8f82-53552e4dc46c,Baited Hook Azir,"Azir, Emperor of the Sands",Legend,15.8199,222.55,4700.0,1,60.00,https://piltoverarchive.com/decks/view/f31f0276-e463-4d4c-8f82-53552e4dc46c
401,piltoverarchive,0331d9bd-2e73-4177-91af-727890d2419a,Annie Skirmish 1/10,"Annie, Dark Child",Legend,15.7978,307.10,2600.0,0,21.00,https://piltoverarchive.com/decks/view/0331d9bd-2e73-4177-91af-727890d2419a
402,piltoverarchive,340c5350-8f3e-45b9-8fbc-abb87910c47e,Miracle engine Sivir,"Sivir, Battle Mistress",Legend,15.7970,276.39,1900.0,3,30.00,https://piltoverarchive.com/decks/view/340c5350-8f3e-45b9-8fbc-abb87910c47e
403,piltoverarchive,7576de94-b4a6-45c8-af09-5d5b8566f9a2,1st place group B (Ascension League - Stage 3) - 06/10/2025,"Sett, The Boss",Legend,15.7952,223.50,4900.0,0,120.00,https://piltoverarchive.com/decks/view/7576de94-b4a6-45c8-af09-5d5b8566f9a2
404,riftboundgg,miss-fortune-bounty-hunter-deck-ghynm,Miss Fortune Bounty Hunter Deck,Miss Fortune - Bounty Hunter,Legend,15.7852,482.05,25798.0,,288.75,https://riftbound.gg/decks/miss-fortune-bounty-hunter-deck-ghynm/
405,piltoverarchive,a66f1c18-eecf-4e50-93d6-b86170bb7942,Shanghai National Open - 6th Place,"Kai'Sa, Daughter of the Void",Legend,15.7768,211.49,2500.0,0,90.00,https://piltoverarchive.com/decks/view/a66f1c18-eecf-4e50-93d6-b86170bb7942
406,piltoverarchive,67e3f9b4-b647-4cd4-88ad-be22efc11e2b,Sivir,"Sivir, Battle Mistress",Legend,15.7691,287.90,1100.0,0,30.00,https://piltoverarchive.com/decks/view/67e3f9b4-b647-4cd4-88ad-be22efc11e2b
407,piltoverarchive,8d3414e8-ea93-4daa-83db-17a2eedc7c70,Glorious Dead-olution! - Deathknell,"Viktor, Herald of the Arcane",Legend,15.7653,124.41,3000.0,0,0.71,https://piltoverarchive.com/decks/view/8d3414e8-ea93-4daa-83db-17a2eedc7c70
408,riftboundgg,vendorty-3-4th-riftbound-meta-weekly-aug-10th,Vendorty: 3-4th - Riftbound Meta Weekly (Aug 10th),Kai'Sa - Daughter of the Void,Legend,15.7413,207.19,15620101.0,,283.27,https://riftbound.gg/decks/vendorty-3-4th-riftbound-meta-weekly-aug-10th/
409,riftboundgg,3-4th-hangzhou-regionals-tournament-sep-2025,福州晖宸~蠢萌光: 3-4th - Hangzhou Regionals Tournament (Sep 2025),Master Yi - Wuju Bladesman,Legend,15.7365,163.66,15617.0,,247.07,https://riftbound.gg/decks/3-4th-hangzhou-regionals-tournament-sep-2025/
410,riftboundgg,kaisa-deck-02,Kai'Sa Deck 0.2,Kai'Sa - Daughter of the Void,Legend,15.7282,227.37,82207.0,,291.14,https://riftbound.gg/decks/kaisa-deck-02/
411,piltoverarchive,1412ca4a-7148-42b7-bbf6-33e9ba873545,AliEldrazi Sivir,"Sivir, Battle Mistress",Legend,15.7256,277.85,1200.0,1,24.00,https://piltoverarchive.com/decks/view/1412ca4a-7148-42b7-bbf6-33e9ba873545
412,piltoverarchive,62b738f7-3eec-4db1-a4cf-30e750aade87,Best-Of Viktor - 23rd Place - Nanjing Regional Open,"Viktor, Herald of the Arcane",Legend,15.7246,98.82,125.0,1,4.00,https://piltoverarchive.com/decks/view/62b738f7-3eec-4db1-a4cf-30e750aade87
413,riftboundgg,sett-9-0-in-nexus-nights,Sett 9-0 in Nexus Nights,Sett - The Boss,Legend,15.7154,305.87,14142.0,,189.48,https://riftbound.gg/decks/sett-9-0-in-nexus-nights/
414,riftboundgg,foxsad-1st-guangzhou-regionals-tournament-aug-2025-7tnz4,FoxSad: 1st - Guangzhou Regionals Tournament (Aug 2025),Kai'Sa - Daughter of the Void,Legend,15.6753,207.77,4156611.0,,265.68,https://riftbound.gg/decks/foxsad-1st-guangzhou-regionals-tournament-aug-2025-7tnz4/
415,riftboundgg,thagor-1st-riftbound-france-cup-season-0-1-aug-10th-2qamb,Thagor: 1st - Riftbound France Cup Season 0 #1 (Aug 10th),Master Yi - Wuju Bladesman,Legend,15.6606,168.09,20174.0,,283.30,https://riftbound.gg/decks/thagor-1st-riftbound-france-cup-season-0-1-aug-10th-2qamb/
416,riftboundgg,kuvira-1st-riftbound-meta-weekly-jul-26th-copy-2-7cr5f,Kuvira: 1st - Riftbound Meta Weekly (Jul 26th) - copy 2,Kai'Sa - Daughter of the Void,Legend,15.6553,225.98,34384.0,,269.36,https://riftbound.gg/decks/kuvira-1st-riftbound-meta-weekly-jul-26th-copy-2-7cr5f/
417,piltoverarchive,daecd2e3-0859-4d9b-b289-6ea0aba99d50,Testing Fiora for competetive play=),"Fiora, Grand Duelist",Legend,15.6525,171.20,1800.0,0,60.00,https://piltoverarchive.com/decks/view/daecd2e3-0859-4d9b-b289-6ea0aba99d50
418,riftboundgg,jey-4-0-riftlab-clash-ii-aug-23rd,Jey: 4-0 - Riftlab Clash II (Aug 23rd),Kai'Sa - Daughter of the Void,Legend,15.6520,217.18,254644.0,,263.41,https://riftbound.gg/decks/jey-4-0-riftlab-clash-ii-aug-23rd/
419,piltoverarchive,c1cdb632-1e15-4290-9b2a-fdc7b766771a,PPG Summit Orlando Friday $5k - 1st Place - Andrew Dovale,"Kai'Sa, Daughter of the Void",Legend,15.6369,188.64,6400.0,0,60.00,https://piltoverarchive.com/decks/view/c1cdb632-1e15-4290-9b2a-fdc7b766771a
420,riftboundgg,gadzior-1st-riftbound-meta-weekly-aug-2nd,Gadzior: 1st - Riftbound Meta Weekly (Aug 2nd),Viktor - Herald of the Arcane,Legend,15.6146,70.55,6339387.0,,283.57,https://riftbound.gg/decks/gadzior-1st-riftbound-meta-weekly-aug-2nd/
421,riftboundgg,miss-fortune-bounty-hunter-deck-mdj2a,Miss Fortune Bounty Hunter Deck,Miss Fortune - Bounty Hunter,Legend,15.6098,495.02,14647.0,,336.42,https://riftbound.gg/decks/miss-fortune-bounty-hunter-deck-mdj2a/
422,piltoverarchive,99a4b2f6-9103-40b7-b67f-adc0d4c0df10,kaisa,"Kai'Sa, Daughter of the Void",Legend,15.5971,170.08,7200.0,0,30.00,https://piltoverarchive.com/decks/view/99a4b2f6-9103-40b7-b67f-adc0d4c0df10
423,riftboundgg,3-4th-guangzhou-regionals-tournament-aug-2025,蜂人: 3-4th - Guangzhou Regionals Tournament (Aug 2025),Kai'Sa - Daughter of the Void,Legend,15.5920,208.42,1755726.0,,268.06,https://riftbound.gg/decks/3-4th-guangzhou-regionals-tournament-aug-2025/
424,riftboundgg,vendorty-3-4th-riftbound-meta-weekly-aug-10th-copy-362p0,Vendorty: 3-4th - Riftbound Meta Weekly (Aug 10th) - copy,Kai'Sa - Daughter of the Void,Legend,15.5889,221.41,75086.0,,275.01,https://riftbound.gg/decks/vendorty-3-4th-riftbound-meta-weekly-aug-10th-copy-362p0/
425,riftboundgg,georgetcg-5-8th-guangzhou-regionals-tournament-aug-2025,GeorgeTCG: 5-8th - Guangzhou Regionals Tournament (Aug 2025),Kai'Sa - Daughter of the Void,Legend,15.5784,207.97,1766202.0,,268.04,https://riftbound.gg/decks/georgetcg-5-8th-guangzhou-regionals-tournament-aug-2025/
426,piltoverarchive,5caf691f-87b8-487d-aff6-95dad60922b7,Riftlab Trials I Winner,"Sett, The Boss",Legend,15.5703,222.94,4900.0,0,150.00,https://piltoverarchive.com/decks/view/5caf691f-87b8-487d-aff6-95dad60922b7
427,riftboundgg,kaisa-daughter-of-the-void-deck-joczc,Kai'Sa Daughter of the Void Deck,Kai'Sa - Daughter of the Void,Legend,15.5655,224.13,23707.0,,265.48,https://riftbound.gg/decks/kaisa-daughter-of-the-void-deck-joczc/
428,riftboundgg,annie-wins-nanjing-regional,Annie Wins Nanjing Regional,Annie - Dark Child,Legend,15.5413,321.13,42980.0,,102.02,https://riftbound.gg/decks/annie-wins-nanjing-regional/
429,riftboundgg,sett-the-boss-deck-zaano,Sett The Boss Deck,Sett - The Boss,Legend,15.5404,309.09,83301.0,,290.83,https://riftbound.gg/decks/sett-the-boss-deck-zaano/
430,riftboundgg,kaisa-ixk3v,kaisa,Kai'Sa - Daughter of the Void,Legend,15.5369,219.57,64878.0,,268.60,https://riftbound.gg/decks/kaisa-ixk3v/
431,piltoverarchive,a2a60da7-381c-4eab-b173-8aa568ffeca7,Baited Hook Azir,"Azir, Emperor of the Sands",Legend,15.5353,244.93,1600.0,0,60.00,https://piltoverarchive.com/decks/view/a2a60da7-381c-4eab-b173-8aa568ffeca7
432,riftboundgg,sett-3,Sett :3,Sett - The Boss,Legend,15.5200,325.82,64515.0,,295.53,https://riftbound.gg/decks/sett-3/
433,piltoverarchive,673178cf-7753-42a3-8a46-208cc69d4d40,Azir - Equipped Tokens V1.0,"Azir, Emperor of the Sands",Legend,15.4874,187.59,2100.0,0,60.00,https://piltoverarchive.com/decks/view/673178cf-7753-42a3-8a46-208cc69d4d40
434,riftboundgg,draven-glorious-executioner-deck-5u2j4,Draven - Glorious Executioner Deck,Draven - Glorious Executioner,Legend,15.4850,455.72,4.0,,0.23,https://riftbound.gg/decks/draven-glorious-executioner-deck-5u2j4/
435,riftboundgg,kedjius-5-8th-riftbound-meta-weekly-aug-10th,Kedjius: 5-8th - Riftbound Meta Weekly (Aug 10th),Kai'Sa - Daughter of the Void,Legend,15.4800,205.24,2918932.0,,283.24,https://riftbound.gg/decks/kedjius-5-8th-riftbound-meta-weekly-aug-10th/
436,riftboundgg,goat-t0-5-8th-hangzhou-regionals-tournament-sep-2025,GOAT-版本t0: 5-8th - Hangzhou Regionals Tournament (Sep 2025),Sett - The Boss,Legend,15.4628,240.29,32075.0,,247.07,https://riftbound.gg/decks/goat-t0-5-8th-hangzhou-regionals-tournament-sep-2025/
437,riftboundgg,annie-top-8-fuzhou-regional,Annie Top 8 Fuzhou Regional,Annie - Dark Child,Legend,15.4488,332.74,24917.0,,121.09,https://riftbound.gg/decks/annie-top-8-fuzhou-regional/
438,riftboundgg,azir-top-32-fuzhou-regional,Azir Top 32 Fuzhou Regional,Azir - Emperor of the Sands,Legend,15.4387,201.72,25098.0,,121.09,https://riftbound.gg/decks/azir-top-32-fuzhou-regional/
439,riftboundgg,annie-dark-child-deck-copy-dbjug,Annie Dark Child Deck - copy,Annie - Dark Child,Legend,15.4369,377.12,29948.0,,277.29,https://riftbound.gg/decks/annie-dark-child-deck-copy-dbjug/
440,riftboundgg,sett-the-boss-deck-krgh5,Sett The Boss Deck,Sett - The Boss,Legend,15.4336,249.51,113913.0,,303.75,https://riftbound.gg/decks/sett-the-boss-deck-krgh5/
441,riftboundgg,sett-the-boss-deck-9eoew,Sett The Boss Deck,Sett - The Boss,Legend,15.4295,326.24,23485.0,,287.18,https://riftbound.gg/decks/sett-the-boss-deck-9eoew/
442,riftboundgg,sett-the-boss-deck-y0yvt,Sett The Boss Deck,Sett - The Boss,Legend,15.4288,240.76,59179.0,,277.48,https://riftbound.gg/decks/sett-the-boss-deck-y0yvt/
443,riftboundgg,kaisa-daughter-of-the-void-deck-ho5to,Kai'Sa Daughter of the Void Deck,Kai'Sa - Daughter of the Void,Legend,15.4183,223.04,15074.0,,284.03,https://riftbound.gg/decks/kaisa-daughter-of-the-void-deck-ho5to/
444,riftboundgg,sett-the-boss-deck-imps5,Sett The Boss Deck,Sett - The Boss,Legend,15.4129,262.53,28661.0,,268.25,https://riftbound.gg/decks/sett-the-boss-deck-imps5/
445,piltoverarchive,d06db989-827c-4752-9f06-6394b228fad4,Best-Of Azir - 18th Place - Fuzhou Regional Open,"Azir, Emperor of the Sands",Legend,15.4101,130.72,5300.0,4,24.00,https://piltoverarchive.com/decks/view/d06db989-827c-4752-9f06-6394b228fad4
446,riftboundgg,azir-wins-arbdnew-years-opening-tournament,Azir wins ARBD】New Year's Opening Tournament,Azir - Emperor of the Sands,Legend,15.3967,211.05,25522.0,,128.48,https://riftbound.gg/decks/azir-wins-arbdnew-years-opening-tournament/
447,riftboundgg,vendorty-1st-riftlab-trial-i-aug-9th-copy-2-ncpsx,Vendorty: 1st - Riftlab Trial I (Aug 9th) - copy 2,Sett - The Boss,Legend,15.3947,243.01,40321.0,,268.85,https://riftbound.gg/decks/vendorty-1st-riftlab-trial-i-aug-9th-copy-2-ncpsx/
448,riftboundgg,sett-is-balanced-yes,SETT IS BALANCED YES,Sett - The Boss,Legend,15.3944,241.03,29955.0,,263.63,https://riftbound.gg/decks/sett-is-balanced-yes/
449,piltoverarchive,ceb2f7ea-3ac0-4918-8849-793f8eac5b57,Sivir fizz and a shovel.,"Sivir, Battle Mistress",Legend,15.3865,288.59,1200.0,1,60.00,https://piltoverarchive.com/decks/view/ceb2f7ea-3ac0-4918-8849-793f8eac5b57
450,riftboundgg,viktor-chinese-national-29th,Viktor Chinese National 29th,Viktor - Herald of the Arcane,Legend,15.3813,70.14,43930.0,,197.53,https://riftbound.gg/decks/viktor-chinese-national-29th/
451,riftboundgg,kaisa-daughter-of-the-void-deck-t477u,Kai'Sa Daughter of the Void Deck,Kai'Sa - Daughter of the Void,Legend,15.3810,217.25,29991.0,,265.21,https://riftbound.gg/decks/kaisa-daughter-of-the-void-deck-t477u/
452,piltoverarchive,a70697a2-195f-4e0b-9420-4019714ec8a4,Miss Fortune Midrange (w/ Seals),"Miss Fortune, Bounty Hunter",Legend,15.3753,279.91,3300.0,0,13.00,https://piltoverarchive.com/decks/view/a70697a2-195f-4e0b-9420-4019714ec8a4
453,riftboundgg,pewq-4-0-riftlab-clash-ii-aug-23rd,PewQ: 4-0 - Riftlab Clash II (Aug 23rd),Kai'Sa - Daughter of the Void,Legend,15.3741,208.41,256272.0,,263.40,https://riftbound.gg/decks/pewq-4-0-riftlab-clash-ii-aug-23rd/
454,riftboundgg,btmsnnnnn-5-8th-hangzhou-regionals-tournament-sep-2025,BTM.少侠SNnnnn: 5-8th - Hangzhou Regionals Tournament (Sep 2025),Sett - The Boss,Legend,15.3646,238.25,15591.0,,247.07,https://riftbound.gg/decks/btmsnnnnn-5-8th-hangzhou-regionals-tournament-sep-2025/
455,piltoverarchive,badfbad4-ff77-4043-9205-2197e0ab24ff,1st Place - Dalian Regional Open,"Kai'Sa, Daughter of the Void",Legend,15.3565,172.96,733.0,3,13.00,https://piltoverarchive.com/decks/view/badfbad4-ff77-4043-9205-2197e0ab24ff
456,riftboundgg,fr3nk-5-8th-luxury-riftbound-cs-1k-aug-16th,Fr3nk: 5-8th - Luxury Riftbound CS 1K (Aug 16th),Kai'Sa - Daughter of the Void,Legend,15.3547,198.53,4485844.0,,274.38,https://riftbound.gg/decks/fr3nk-5-8th-luxury-riftbound-cs-1k-aug-16th/
457,riftboundgg,master-yi-wuju-bladesman-deck-lhgjh,Master Yi Wuju Bladesman Deck,Master Yi - Wuju Bladesman,Legend,15.3532,144.16,97661.0,,272.83,https://riftbound.gg/decks/master-yi-wuju-bladesman-deck-lhgjh/
458,piltoverarchive,2e308d62-c643-4f83-a7cf-206c07289dd1,Annie Comp Aggro,"Annie, Dark Child",Legend,15.3485,295.24,2500.0,0,30.00,https://piltoverarchive.com/decks/view/2e308d62-c643-4f83-a7cf-206c07289dd1
459,riftboundgg,foxsad-1st-guangzhou-regionals-tournament-aug-2025-copy-uv6ta,FoxSad: 1st - Guangzhou Regionals Tournament (Aug 2025) - copy,Kai'Sa - Daughter of the Void,Legend,15.3327,215.00,37073.0,,266.25,https://riftbound.gg/decks/foxsad-1st-guangzhou-regionals-tournament-aug-2025-copy-uv6ta/
460,piltoverarchive,522db28a-b287-4223-9424-ddb9e00248b5,【City Challenge】Chengdu Station - #15,"Azir, Emperor of the Sands",Legend,15.3210,167.69,1400.0,0,60.00,https://piltoverarchive.com/decks/view/522db28a-b287-4223-9424-ddb9e00248b5
461,piltoverarchive,8a39ff5a-89b1-4183-bcd2-2c1a9c7700cd,Draw... Pass,"Viktor, Herald of the Arcane",Legend,15.3207,66.75,10700.0,0,120.00,https://piltoverarchive.com/decks/view/8a39ff5a-89b1-4183-bcd2-2c1a9c7700cd
462,riftboundgg,sett-the-boss-deck-copy-2-eou5t,Sett The Boss Deck - copy 2,Sett - The Boss,Legend,15.3092,249.70,35883.0,,301.96,https://riftbound.gg/decks/sett-the-boss-deck-copy-2-eou5t/
463,riftboundgg,viktor-herald-of-the-arcane-deck-ijy4q,Viktor Herald of the Arcane Deck,Viktor - Herald of the Arcane,Legend,15.3063,73.16,36959.0,,279.43,https://riftbound.gg/decks/viktor-herald-of-the-arcane-deck-ijy4q/
464,riftboundgg,sett-the-boss-deck-wvye4,Sett The Boss Deck,Sett - The Boss,Legend,15.2991,255.93,23804.0,,293.42,https://riftbound.gg/decks/sett-the-boss-deck-wvye4/
465,riftboundgg,viktor-skirmish-winner,Viktor Skirmish Winner,Viktor - Herald of the Arcane,Legend,15.2947,68.69,21808.0,,168.37,https://riftbound.gg/decks/viktor-skirmish-winner/
466,riftboundgg,sett-mf-udyr,"Sett, MF, Udyr",Sett - The Boss,Legend,15.2939,220.31,90504.0,,285.98,https://riftbound.gg/decks/sett-mf-udyr/
467,riftboundgg,kuvira-1st-riftbound-meta-weekly-jul-26th,Kuvira: 1st - Riftbound Meta Weekly (Jul 26th),Kai'Sa - Daughter of the Void,Legend,15.2907,196.84,7979157.0,,290.34,https://riftbound.gg/decks/kuvira-1st-riftbound-meta-weekly-jul-26th/
468,piltoverarchive,9acf930b-457e-4610-99ab-e1ee9aabc0f0,Ahri 18-4 record (nexus nights),"Ahri, Nine-Tailed Fox",Legend,15.2896,535.12,15200.0,3,30.00,https://piltoverarchive.com/decks/view/9acf930b-457e-4610-99ab-e1ee9aabc0f0
469,piltoverarchive,75ac4bbc-ce36-4307-9bf0-7e657f5042af,2nd place group B (Ascension League Season 2 - Stage 2) - 13/01/2026,"Azir, Emperor of the Sands",Legend,15.2785,134.91,3400.0,1,30.00,https://piltoverarchive.com/decks/view/75ac4bbc-ce36-4307-9bf0-7e657f5042af
470,riftboundgg,sett-the-boss-deck-copy-d8fv5,Sett The Boss Deck - copy,Sett - The Boss,Legend,15.2763,239.29,23187.0,,289.48,https://riftbound.gg/decks/sett-the-boss-deck-copy-d8fv5/
471,mobalytics-tournament,kai-sa-daughter-of-the-void-scgcon-vegas-top8-carmen-klomparens,"Kai'Sa, Daughter of the Void: SCG Vegas Riftbound 10K Constructed Top 8 (Carmen Klomparens)","Kai'Sa, Daughter of the Void",Legend,15.2686,112.26,,,153.00,https://mobalytics.gg/riftbound/decks/kai-sa-daughter-of-the-void-scgcon-vegas-top8-carmen-klomparens
472,riftboundgg,ganjalf-5-8th-riftbound-meta-weekly-aug-10th,Ganjalf: 5-8th - Riftbound Meta Weekly (Aug 10th),Kai'Sa - Daughter of the Void,Legend,15.2598,198.47,2931218.0,,283.23,https://riftbound.gg/decks/ganjalf-5-8th-riftbound-meta-weekly-aug-10th/
473,riftboundgg,kaisa-daughter-of-the-void-deck-r8vb1,Kai'Sa Daughter of the Void Deck,Kai'Sa - Daughter of the Void,Legend,15.2597,215.67,36884.0,,294.69,https://riftbound.gg/decks/kaisa-daughter-of-the-void-deck-r8vb1/
474,piltoverarchive,1060b5c8-09a6-4fb3-8135-a02cf6520b42,MF aggro.,"Miss Fortune, Bounty Hunter",Legend,15.2560,334.01,1400.0,0,60.00,https://piltoverarchive.com/decks/view/1060b5c8-09a6-4fb3-8135-a02cf6520b42
475,piltoverarchive,cb43e037-b4ef-4147-9bfb-ce36c12b397b,GC 2nd Place Summoner Skirmish - Kai&#x27;sa - Freedom Roche,"Kai'Sa, Daughter of the Void",Legend,15.2526,188.81,1600.0,0,60.00,https://piltoverarchive.com/decks/view/cb43e037-b4ef-4147-9bfb-ce36c12b397b
476,riftboundgg,sett-the-boss-deck-r0obe,Sett The Boss Deck,Sett - The Boss,Legend,15.2212,251.78,18910.0,,309.22,https://riftbound.gg/decks/sett-the-boss-deck-r0obe/
477,riftboundgg,sett-the-boss-deck-mg6pu,Sett The Boss Deck,Sett - The Boss,Legend,15.2207,240.51,12799.0,,285.46,https://riftbound.gg/decks/sett-the-boss-deck-mg6pu/
478,riftboundgg,kaisa,Kai'Sa,Kai'Sa - Daughter of the Void,Legend,15.2079,210.72,36652.0,,262.68,https://riftbound.gg/decks/kaisa/
479,riftboundgg,master-yi-wuju-bladesman-deck-atrqp,Master Yi Wuju Bladesman Deck,Master Yi - Wuju Bladesman,Legend,15.2063,143.16,41184.0,,271.13,https://riftbound.gg/decks/master-yi-wuju-bladesman-deck-atrqp/
480,piltoverarchive,af352fb0-d01a-489e-b309-d1d4a2965f22,"Baklazanik,Hipcio &amp; friends.","Master Yi, Wuju Bladesman",Legend,15.1960,120.84,11600.0,1,60.00,https://piltoverarchive.com/decks/view/af352fb0-d01a-489e-b309-d1d4a2965f22
481,riftboundgg,kaisa-deck-7-shanghai-national-open-tournament,Kai'Sa Deck 7 Shanghai National Open Tournament,Kai'Sa - Daughter of the Void,Legend,15.1921,205.13,16351.0,,197.37,https://riftbound.gg/decks/kaisa-deck-7-shanghai-national-open-tournament/
482,riftboundgg,annie-control,Annie control,Annie - Dark Child,Legend,15.1884,365.97,26990.0,,288.47,https://riftbound.gg/decks/annie-control/
483,piltoverarchive,ba933c19-2d40-4b63-9b13-f61d1c4ac3fe,[Set 2] Azir,"Azir, Emperor of the Sands",Legend,15.1834,127.62,4600.0,0,23.00,https://piltoverarchive.com/decks/view/ba933c19-2d40-4b63-9b13-f61d1c4ac3fe
484,riftboundgg,alt-viktor-on-a-budget,Alt Viktor on a budget,Viktor - Herald of the Arcane,Legend,15.1787,61.14,14963.0,,85.07,https://riftbound.gg/decks/alt-viktor-on-a-budget/
485,piltoverarchive,75f031d9-5e24-43c7-871b-1f4e4538d3c4,Guangzhou City Challenge 28th December - Top16 - 汤禹,"Azir, Emperor of the Sands",Legend,15.1751,142.74,4900.0,0,60.00,https://piltoverarchive.com/decks/view/75f031d9-5e24-43c7-871b-1f4e4538d3c4
486,piltoverarchive,64d381f4-6405-48e6-8aac-247825f38d7c,Azir - The Emperor &amp; His Soldiers,"Azir, Emperor of the Sands",Legend,15.1689,124.77,3800.0,1,17.00,https://piltoverarchive.com/decks/view/64d381f4-6405-48e6-8aac-247825f38d7c
487,piltoverarchive,fe20dd55-0b52-4205-ab4e-e8f859e29848,Midrange Aggro Jax - Full description,"Jax, Grandmaster at Arms",Legend,15.1597,442.44,13900.0,3,60.00,https://piltoverarchive.com/decks/view/fe20dd55-0b52-4205-ab4e-e8f859e29848
488,riftboundgg,kaisa-daughter-of-the-void-deck-c1bsn,Kai'Sa Daughter of the Void Deck,Kai'Sa - Daughter of the Void,Legend,15.1488,212.45,22312.0,,278.55,https://riftbound.gg/decks/kaisa-daughter-of-the-void-deck-c1bsn/
489,riot-bologna,riot-bologna-37-digggi,Bologna #37 - digggi,"Jinx, Loose Cannon",Legend,15.1411,850.41,,,210.35,https://riftbound.leagueoflegends.com/en-us/news/organizedplay/the-best-decks-out-of-bologna/
490,piltoverarchive,eb924a12-779c-4d98-ad56-59328c73ad01,Annie Amberg,"Annie, Dark Child",Legend,15.1400,291.51,3200.0,0,30.00,https://piltoverarchive.com/decks/view/eb924a12-779c-4d98-ad56-59328c73ad01
491,riftboundgg,kaisa-rank-3-deck-national-open-shanghai,Kai'Sa Rank 3 Deck National Open Shanghai,Kai'Sa - Daughter of the Void,Legend,15.1394,203.53,16316.0,,197.48,https://riftbound.gg/decks/kaisa-rank-3-deck-national-open-shanghai/
492,riftboundgg,viktor-2nd-at-jinan-city-challenge,Viktor 2nd at Jinan City Challenge,Viktor - Herald of the Arcane,Legend,15.1325,63.69,28627.0,,128.45,https://riftbound.gg/decks/viktor-2nd-at-jinan-city-challenge/
493,piltoverarchive,43fecb2e-5438-4d00-b2a2-625db3f73cc9,Sett Skirmish 2nd,"Sett, The Boss",Legend,15.1266,178.32,1500.0,0,30.00,https://piltoverarchive.com/decks/view/43fecb2e-5438-4d00-b2a2-625db3f73cc9
494,piltoverarchive,eeb4aeb9-16fa-421a-970a-a7cb11b9f7a3,Annie Spiritforged,"Annie, Dark Child",Legend,15.1212,313.64,1800.0,0,60.00,https://piltoverarchive.com/decks/view/eeb4aeb9-16fa-421a-970a-a7cb11b9f7a3
495,piltoverarchive,acd03e28-b50c-4f00-98a0-42321d361280,"Sett, Top 1 Local Skirmish","Sett, The Boss",Legend,15.1171,165.92,4200.0,2,30.00,https://piltoverarchive.com/decks/view/acd03e28-b50c-4f00-98a0-42321d361280
496,piltoverarchive,7f8f8df3-ae9d-44d5-ab8b-7467db328209,ASSIR,"Azir, Emperor of the Sands",Legend,15.1166,141.05,859.0,0,26.00,https://piltoverarchive.com/decks/view/7f8f8df3-ae9d-44d5-ab8b-7467db328209
497,riftboundgg,post-ban-draven-copy-2-8htqs,Post Ban Draven - copy 2,Draven - Glorious Executioner,Legend,15.1140,396.22,5.0,,1.22,https://riftbound.gg/decks/post-ban-draven-copy-2-8htqs/
498,riftboundgg,kaisa-runes-rift-weekly-winner,Kai'sa Runes & Rift Weekly Winner,Kai'Sa - Daughter of the Void,Legend,15.0938,201.59,14097.0,,189.51,https://riftbound.gg/decks/kaisa-runes-rift-weekly-winner/
499,riftboundgg,spiritforged-fiora-champion-deck,Spiritforged Fiora Champion Deck,Fiora - Grand Duelist,Legend,15.0840,163.72,42278.0,,0.02,https://riftbound.gg/decks/spiritforged-fiora-champion-deck/
500,piltoverarchive,83d1528e-bb42-4eb4-942f-92b046799a86,Annie Summoner Skirmish Winner,"Annie, Dark Child",Legend,15.0593,293.11,1100.0,0,28.00,https://piltoverarchive.com/decks/view/83d1528e-bb42-4eb4-942f-92b046799a86
501,riot-bologna,riot-bologna-48-blunder,Bologna #48 - Blunder,"Ahri, Nine-Tailed Fox",Legend,15.0547,251.92,15867.0,,82.16,https://riftbound.leagueoflegends.com/en-us/news/organizedplay/the-best-decks-out-of-bologna/
502,riftboundgg,kedjius-4-0-riftlab-clash-ii-aug-23rd-wg9v1,Kedjius: 4-0 - Riftlab Clash II (Aug 23rd),Kai'Sa - Daughter of the Void,Legend,15.0525,198.54,254012.0,,263.42,https://riftbound.gg/decks/kedjius-4-0-riftlab-clash-ii-aug-23rd-wg9v1/
503,riftboundgg,master-yi-large-skirmish-winner,Master Yi Large Skirmish Winner,Master Yi - Wuju Bladesman,Legend,15.0370,131.67,21685.0,,167.58,https://riftbound.gg/decks/master-yi-large-skirmish-winner/
504,piltoverarchive,610451e2-7561-4224-8e36-9c18345d022b,Skirmish Winning List/Dec 27 2025,"Annie, Dark Child",Legend,14.9971,293.24,4900.0,0,60.00,https://piltoverarchive.com/decks/view/610451e2-7561-4224-8e36-9c18345d022b
505,riftboundgg,master-yi-lg-ppg-qualifier-winner,Master YI LG PPG Qualifier Winner,Master Yi - Wuju Bladesman,Legend,14.9797,134.44,14107.0,,189.52,https://riftbound.gg/decks/master-yi-lg-ppg-qualifier-winner/
506,piltoverarchive,064cd902-7528-45a3-87c3-447f1945009d,Viktor Swarm Control – Optimal List / Gvina,"Viktor, Herald of the Arcane",Legend,14.9647,49.76,5700.0,3,18.00,https://piltoverarchive.com/decks/view/064cd902-7528-45a3-87c3-447f1945009d
507,riftboundgg,kaisa-daughter-of-the-void-deck-8a4ze,Kai'Sa Daughter of the Void Deck,Kai'Sa - Daughter of the Void,Legend,14.9581,206.86,26468.0,,288.88,https://riftbound.gg/decks/kaisa-daughter-of-the-void-deck-8a4ze/
508,piltoverarchive,c46466ce-d1a6-45d9-a699-adebdc318b15,8th Place - Dalian Regional Open,"Jax, Grandmaster at Arms",Legend,14.9523,222.86,634.0,8,0.96,https://piltoverarchive.com/decks/view/c46466ce-d1a6-45d9-a699-adebdc318b15
509,riot-bologna,riot-bologna-13-wojtek,Bologna #13 - wojtek,"Master Yi, Wuju Bladesman",Legend,14.9327,57.84,34510.0,,31.29,https://riftbound.leagueoflegends.com/en-us/news/organizedplay/the-best-decks-out-of-bologna/
510,piltoverarchive,921eec02-ce62-4f9a-827f-2503b7affbb5,Budget Annie (with guide),"Annie, Dark Child",Legend,14.9324,302.12,8500.0,0,90.00,https://piltoverarchive.com/decks/view/921eec02-ce62-4f9a-827f-2503b7affbb5
511,piltoverarchive,acc12fe4-0974-48ff-b6e8-d3d13137254a,Moneybags Sivir,"Sivir, Battle Mistress",Legend,14.9150,257.93,2900.0,0,60.00,https://piltoverarchive.com/decks/view/acc12fe4-0974-48ff-b6e8-d3d13137254a
512,riftboundgg,sett-top-16-nanjing-regional,Sett Top 16 Nanjing Regional,Sett - The Boss,Legend,14.9102,174.97,51399.0,,102.02,https://riftbound.gg/decks/sett-top-16-nanjing-regional/
513,piltoverarchive,ab26adc7-1640-409e-94f7-38c7603b4d71,1st Place - jchan - Runes &amp; Rift Invitational,"Draven, Glorious Executioner",Legend,14.9060,147.00,8900.0,0,30.00,https://piltoverarchive.com/decks/view/ab26adc7-1640-409e-94f7-38c7603b4d71
514,piltoverarchive,47693c45-9ae4-40b5-9338-7e0cd354b5bc,Meta Yi,"Master Yi, Wuju Bladesman",Legend,14.8898,120.79,1700.0,0,60.00,https://piltoverarchive.com/decks/view/47693c45-9ae4-40b5-9338-7e0cd354b5bc
515,piltoverarchive,8cc146ea-7ad7-48e5-a923-e2aa636beab5,Draven,"Draven, Glorious Executioner",Legend,14.8840,265.78,2200.0,0,1.00,https://piltoverarchive.com/decks/view/8cc146ea-7ad7-48e5-a923-e2aa636beab5
516,piltoverarchive,224194f1-2d68-402e-aa79-5068f2e74c4f,Combat Yi - SpiritForged,"Master Yi, Wuju Bladesman",Legend,14.8832,121.34,1500.0,0,60.00,https://piltoverarchive.com/decks/view/224194f1-2d68-402e-aa79-5068f2e74c4f
517,piltoverarchive,e102d283-1b7a-4308-88d2-dc0378cdecc6,Azir Sand Solidiers Only,"Azir, Emperor of the Sands",Legend,14.8706,126.21,3600.0,0,30.00,https://piltoverarchive.com/decks/view/e102d283-1b7a-4308-88d2-dc0378cdecc6
518,riftboundgg,best-origins-annie,Best Origins Annie,Annie - Dark Child,Legend,14.8705,312.79,31238.0,,149.55,https://riftbound.gg/decks/best-origins-annie/
519,piltoverarchive,d5248f8e-597d-471c-9e56-591ff3af8377,Nanjing City Challenge - 28th December - 1st Place - 张乃不,"Kai'Sa, Daughter of the Void",Legend,14.8567,177.76,1500.0,0,60.00,https://piltoverarchive.com/decks/view/d5248f8e-597d-471c-9e56-591ff3af8377
520,piltoverarchive,fd2b462c-c8af-4a02-bbff-cb15360b9cce,Gruta Skirmish TOP 4,"Kai'Sa, Daughter of the Void",Legend,14.8474,176.48,1700.0,0,60.00,https://piltoverarchive.com/decks/view/fd2b462c-c8af-4a02-bbff-cb15360b9cce
521,piltoverarchive,2473b004-feb4-4e0b-97e3-3ce3d2caf57d,4th Place - glasna - Runes &amp; Rift Invitational,"Kai'Sa, Daughter of the Void",Legend,14.8472,155.24,3900.0,0,30.00,https://piltoverarchive.com/decks/view/2473b004-feb4-4e0b-97e3-3ce3d2caf57d
522,piltoverarchive,469d04b3-9773-4795-b214-bde4957cd654,Open Up Your Eyes,"Jax, Grandmaster at Arms",Legend,14.8382,463.83,1100.0,0,30.00,https://piltoverarchive.com/decks/view/469d04b3-9773-4795-b214-bde4957cd654
523,piltoverarchive,91f8b2b1-208d-4f4a-a591-fb47891ed5e3,Brehamm&#x27;s Ahri B-G DECK,"Ahri, Nine-Tailed Fox",Legend,14.8280,540.90,63700.0,15,90.00,https://piltoverarchive.com/decks/view/91f8b2b1-208d-4f4a-a591-fb47891ed5e3
524,piltoverarchive,21032ebf-495e-4b80-87cb-929daf7f8f44,Budget Annie,"Annie, Dark Child",Legend,14.8166,313.06,2100.0,0,90.00,https://piltoverarchive.com/decks/view/21032ebf-495e-4b80-87cb-929daf7f8f44
525,piltoverarchive,0848ab42-086f-40b1-9ea1-62a74be83eed,Noodle&#x27;s Sett (Spiritforge) - v1.1 (Updated Regularly),"Sett, The Boss",Legend,14.8055,169.57,1200.0,0,27.00,https://piltoverarchive.com/decks/view/0848ab42-086f-40b1-9ea1-62a74be83eed
526,riftboundgg,fiora-on-a-budget,Fiora on a budget,Fiora - Grand Duelist,Legend,14.7919,144.03,15682.0,,86.35,https://riftbound.gg/decks/fiora-on-a-budget/
527,piltoverarchive,07ad8c41-d0a3-4d19-a2c1-ecc1d5c28d4d,Bandit&#x27;s Hideout Skirmish 1st Place (5-1-0),"Kai'Sa, Daughter of the Void",Legend,14.7788,175.52,1500.0,0,60.00,https://piltoverarchive.com/decks/view/07ad8c41-d0a3-4d19-a2c1-ecc1d5c28d4d
528,piltoverarchive,5aa89626-2918-4431-a1e4-97e70456c0a3,Set2 Kaisa,"Kai'Sa, Daughter of the Void",Legend,14.7694,175.81,1400.0,0,60.00,https://piltoverarchive.com/decks/view/5aa89626-2918-4431-a1e4-97e70456c0a3
529,piltoverarchive,b130735a-6863-4e96-8a66-67855c914162,Runes and Rift Weekly 5 - 1st - Ben_Zhang13,"Kai'Sa, Daughter of the Void",Legend,14.7621,181.40,2300.0,0,90.00,https://piltoverarchive.com/decks/view/b130735a-6863-4e96-8a66-67855c914162
530,riftboundgg,best-jax-from-vegas-top-8,Best Jax from Vegas (Top 8),Jax - Grandmaster at Arms,Legend,14.7581,309.01,24873.0,,80.46,https://riftbound.gg/decks/best-jax-from-vegas-top-8/
531,piltoverarchive,adb47e51-3ae0-4e36-85c0-5db9da1d4748,Spiritforge Azir Unga Bunga Hook,"Azir, Emperor of the Sands",Legend,14.7528,140.70,1500.0,0,60.00,https://piltoverarchive.com/decks/view/adb47e51-3ae0-4e36-85c0-5db9da1d4748
532,piltoverarchive,382654dd-71f9-4b86-9029-49c1983eff27,Kaisa Winner 1st Place Event,"Kai'Sa, Daughter of the Void",Legend,14.7476,177.46,3500.0,1,90.00,https://piltoverarchive.com/decks/view/382654dd-71f9-4b86-9029-49c1983eff27
533,piltoverarchive,e746de27-00de-4f0f-8f20-2aba099e4386,"Master Yi, Wuju Bladesman | 7th Place | CM Games Knoxville 11/14/2025","Master Yi, Wuju Bladesman",Legend,14.7338,110.14,1400.0,0,30.00,https://piltoverarchive.com/decks/view/e746de27-00de-4f0f-8f20-2aba099e4386
534,riftboundgg,best-sivir-from-bologna,Best Sivir From Bologna,Sivir - Battle Mistress,Legend,14.7307,243.65,21967.0,,88.20,https://riftbound.gg/decks/best-sivir-from-bologna/
535,piltoverarchive,8fe8506b-76ce-4cc7-977f-f77370d1cff8,Shanghai 2nd,"Azir, Emperor of the Sands",Legend,14.7200,127.73,1900.0,0,30.00,https://piltoverarchive.com/decks/view/8fe8506b-76ce-4cc7-977f-f77370d1cff8
536,piltoverarchive,5fb0cbc6-0fb2-4e72-99c7-40ef1d4dc897,Draven,"Draven, Glorious Executioner",Legend,14.7114,275.52,2900.0,0,0.08,https://piltoverarchive.com/decks/view/5fb0cbc6-0fb2-4e72-99c7-40ef1d4dc897
537,piltoverarchive,6f9f45ce-78a4-409b-841f-1a5761cc2210,Imagine if i had a real weapon.,"Jax, Grandmaster at Arms",Legend,14.7075,293.63,1400.0,0,30.00,https://piltoverarchive.com/decks/view/6f9f45ce-78a4-409b-841f-1a5761cc2210
538,riftboundgg,sivir-top-32-nanjing-regional,Sivir Top 32 Nanjing Regional,Sivir - Battle Mistress,Legend,14.6904,243.23,39682.0,,102.02,https://riftbound.gg/decks/sivir-top-32-nanjing-regional/
539,piltoverarchive,640a5a95-8574-446f-aa07-bb91e6679c57,Ahri - Spiritforge Irelia+Sona,"Ahri, Nine-Tailed Fox",Legend,14.6895,603.30,1900.0,1,24.00,https://piltoverarchive.com/decks/view/640a5a95-8574-446f-aa07-bb91e6679c57
540,riftboundgg,jax-on-a-budget,Jax on a budget,Jax - Grandmaster at Arms,Legend,14.6879,401.37,15570.0,,86.36,https://riftbound.gg/decks/jax-on-a-budget/
541,piltoverarchive,333498e4-2e7e-4234-ae5c-30049370ffad,Summoner Skirmish Nov Decklist - Kai&#x27;sa - housesarebig,"Kai'Sa, Daughter of the Void",Legend,14.6829,181.18,1700.0,0,90.00,https://piltoverarchive.com/decks/view/333498e4-2e7e-4234-ae5c-30049370ffad
542,piltoverarchive,ebca2da8-acd4-43d1-baea-4e3bce1a897b,Emperor of the Sands,"Azir, Emperor of the Sands",Legend,14.6778,207.38,1700.0,0,5.00,https://piltoverarchive.com/decks/view/ebca2da8-acd4-43d1-baea-4e3bce1a897b
543,piltoverarchive,da5836c2-e3d9-4dc6-bf87-c15e00d5848d,Armory Any%,"Viktor, Herald of the Arcane",Legend,14.6721,57.84,2300.0,0,7.00,https://piltoverarchive.com/decks/view/da5836c2-e3d9-4dc6-bf87-c15e00d5848d
544,piltoverarchive,7fd53f3f-e770-46b3-a069-40d714973153,MAG Master Yi - Summoner Skirmish Winning,"Master Yi, Wuju Bladesman",Legend,14.6678,106.68,2000.0,0,30.00,https://piltoverarchive.com/decks/view/7fd53f3f-e770-46b3-a069-40d714973153
545,piltoverarchive,83944b59-40b5-4bef-a4af-8111ce9cfa1f,jax hexproof,"Jax, Grandmaster at Arms",Legend,14.6634,299.31,1200.0,0,30.00,https://piltoverarchive.com/decks/view/83944b59-40b5-4bef-a4af-8111ce9cfa1f
546,piltoverarchive,29cae8e4-78b1-4106-b974-7d20d553f028,【City Challenge】Chengdu Station - #1,"Kai'Sa, Daughter of the Void",Legend,14.6598,162.65,5000.0,0,60.00,https://piltoverarchive.com/decks/view/29cae8e4-78b1-4106-b974-7d20d553f028
547,riftboundgg,viktor-deck-2-copy-2fhjf,Viktor DECK 2 - copy,Viktor - Herald of the Arcane,Legend,14.6588,189.38,190.0,,0.47,https://riftbound.gg/decks/viktor-deck-2-copy-2fhjf/
548,piltoverarchive,1df417ce-a7ce-47e3-bb61-7ab03b6dfb5f,Sett something,"Sett, The Boss",Legend,14.6476,157.48,3100.0,0,30.00,https://piltoverarchive.com/decks/view/1df417ce-a7ce-47e3-bb61-7ab03b6dfb5f
549,piltoverarchive,e900e017-7358-4257-a05a-e4b6193d24f5,Fiora Yordle Draw,"Fiora, Grand Duelist",Legend,14.6335,164.98,1800.0,0,5.00,https://piltoverarchive.com/decks/view/e900e017-7358-4257-a05a-e4b6193d24f5
550,piltoverarchive,33634b40-0e74-44af-99c3-4ad7b7941b5d,Viktor - Top 64 Houston Regionals - Cody Williams,"Viktor, Herald of the Arcane",Legend,14.6310,49.49,44300.0,3,30.00,https://piltoverarchive.com/decks/view/33634b40-0e74-44af-99c3-4ad7b7941b5d
551,piltoverarchive,56b70f11-4bf2-49df-a72b-e3874a8ec599,Shanghai National Open - 3rd Place,"Kai'Sa, Daughter of the Void",Legend,14.6281,169.35,7700.0,0,90.00,https://piltoverarchive.com/decks/view/56b70f11-4bf2-49df-a72b-e3874a8ec599
552,piltoverarchive,74617e67-f3ee-4f77-8195-f959badbe94f,Viktor Heavy Clear,"Viktor, Herald of the Arcane",Legend,14.6105,53.84,1700.0,0,30.00,https://piltoverarchive.com/decks/view/74617e67-f3ee-4f77-8195-f959badbe94f
553,riftboundgg,draven-glorious-executioner-deck-y6jan,Draven - Glorious Executioner Deck,Draven - Glorious Executioner,Legend,14.6089,414.00,3.0,,0.06,https://riftbound.gg/decks/draven-glorious-executioner-deck-y6jan/
554,riftboundgg,viktor-wins-common-box-games-summoner-skirmish-copy-akvvy,Viktor wins Common Box Games Summoner Skirmish - copy,Viktor - Herald of the Arcane,Legend,14.6063,120.03,61.0,,1.54,https://riftbound.gg/decks/viktor-wins-common-box-games-summoner-skirmish-copy-akvvy/
555,piltoverarchive,989c33d1-5d01-4a03-8097-50d37487958b,sivi drag,"Sivir, Battle Mistress",Legend,14.6041,237.45,1100.0,0,30.00,https://piltoverarchive.com/decks/view/989c33d1-5d01-4a03-8097-50d37487958b
556,riftboundgg,draven-on-a-budget-8vz23,Draven on a budget,Draven - Glorious Executioner,Legend,14.6030,160.12,15166.0,,85.19,https://riftbound.gg/decks/draven-on-a-budget-8vz23/
557,piltoverarchive,bd9cc6f3-4fc1-4158-a8bc-6807d34c5c7f,smol vik v2 (not tested),"Viktor, Herald of the Arcane",Legend,14.5946,51.42,3600.0,0,30.00,https://piltoverarchive.com/decks/view/bd9cc6f3-4fc1-4158-a8bc-6807d34c5c7f
558,riftboundgg,best-origins-sett,Best Origins Sett,Sett - The Boss,Legend,14.5903,181.71,32731.0,,150.73,https://riftbound.gg/decks/best-origins-sett/
559,piltoverarchive,84f976dc-a45f-4bd6-8b54-548f4cbec617,【City Challenge】Shanghai Station - #1,"Kai'Sa, Daughter of the Void",Legend,14.5808,176.16,2300.0,0,90.00,https://piltoverarchive.com/decks/view/84f976dc-a45f-4bd6-8b54-548f4cbec617
560,riftboundgg,viktor-herald-of-the-arcane-deck-mwn53,Viktor - Herald of the Arcane Deck,Viktor - Herald of the Arcane,Legend,14.5796,193.25,173.0,,0.38,https://riftbound.gg/decks/viktor-herald-of-the-arcane-deck-mwn53/
561,piltoverarchive,64412f1e-ed40-4862-bc14-276ccfdc3a84,Nanjing City Challenge - 28th December - Top8 - icebreаker,"Annie, Dark Child",Legend,14.5718,288.70,1500.0,0,60.00,https://piltoverarchive.com/decks/view/64412f1e-ed40-4862-bc14-276ccfdc3a84
562,piltoverarchive,42433c97-4156-403c-a555-5a0451d10ae7,Kai&#x27;Sa - 1st Place 26-10 Beijing City Challenge,"Kai'Sa, Daughter of the Void",Legend,14.5717,180.09,3800.0,0,120.00,https://piltoverarchive.com/decks/view/42433c97-4156-403c-a555-5a0451d10ae7
563,riftboundgg,ezreal-copy-41ooc,Ezreal - copy,Ezreal - Prodigal Explorer,Legend,14.5570,270.71,11.0,,1.49,https://riftbound.gg/decks/ezreal-copy-41ooc/
564,piltoverarchive,03e4bd3b-b35a-4f3c-8611-e6ed645b7d55,IRL Sett v3,"Sett, The Boss",Legend,14.5535,163.23,1300.0,0,30.00,https://piltoverarchive.com/decks/view/03e4bd3b-b35a-4f3c-8611-e6ed645b7d55
565,piltoverarchive,d0613fce-55bb-4ab5-9d88-ff9e1921be37,Kai&#x27;Sa Skirmish 10.1.2026,"Kai'Sa, Daughter of the Void",Legend,14.5496,149.71,3000.0,0,30.00,https://piltoverarchive.com/decks/view/d0613fce-55bb-4ab5-9d88-ff9e1921be37
566,piltoverarchive,e354d163-a910-4b9f-b592-70140c671c81,Miss Fortune - SFD - Aurora Bombs,"Miss Fortune, Bounty Hunter",Legend,14.5402,264.16,2500.0,0,30.00,https://piltoverarchive.com/decks/view/e354d163-a910-4b9f-b592-70140c671c81
567,piltoverarchive,8509677a-ed0d-4941-b33b-23ddf7a8dbe4,spell + watcher viktor only s2,"Viktor, Herald of the Arcane",Legend,14.5395,57.66,1600.0,0,60.00,https://piltoverarchive.com/decks/view/8509677a-ed0d-4941-b33b-23ddf7a8dbe4
568,mobalytics-tournament,sett-the-boss-ccs-10k-weekend-1st-collin-kaiser,"Sett, The Boss: CCS Riftbound $10,000 Weekend 1st (Collin Kaiser)","Sett, The Boss",Legend,14.5390,44.65,38600.0,7,90.00,https://mobalytics.gg/riftbound/decks/sett-the-boss-ccs-10k-weekend-1st-collin-kaiser
569,riftboundgg,robomaster18-3-4th-luxury-riftbound-cs-1k-aug-16th,Robomaster18: 3-4th - Luxury Riftbound CS 1K (Aug 16th),Sett - The Boss,Legend,14.5341,180.65,4470629.0,,274.38,https://riftbound.gg/decks/robomaster18-3-4th-luxury-riftbound-cs-1k-aug-16th/
570,riftboundgg,annie-t-runes-7th-place,Annie t & Runes 7th Place,Annie - Dark Child,Legend,14.5243,314.60,14073.0,,189.47,https://riftbound.gg/decks/annie-t-runes-7th-place/
571,piltoverarchive,139ce12a-0005-4b11-b8db-5d6f6d0cdb6a,【City Challenge】Guangzhou Station - #2,"Draven, Glorious Executioner",Legend,14.5203,159.86,3200.0,0,60.00,https://piltoverarchive.com/decks/view/139ce12a-0005-4b11-b8db-5d6f6d0cdb6a
572,piltoverarchive,85fd4efc-3cf8-4b46-8c47-59ec267a5426,Season 1 National Open - #53,"Annie, Dark Child",Legend,14.5182,288.31,4800.0,0,90.00,https://piltoverarchive.com/decks/view/85fd4efc-3cf8-4b46-8c47-59ec267a5426
573,riftboundgg,ezreal-prodigal-explorer-deck-743rq,Ezreal - Prodigal Explorer Deck,Ezreal - Prodigal Explorer,Legend,14.5075,295.51,9.0,,0.44,https://riftbound.gg/decks/ezreal-prodigal-explorer-deck-743rq/
574,riftboundgg,jax-top-8-dinan-regional,Jax Top 8 Dinan Regional,Jax - Grandmaster at Arms,Legend,14.4914,278.29,44446.0,,0.22,https://riftbound.gg/decks/jax-top-8-dinan-regional/
575,riftboundgg,sivir-runner-up-in-xian-city-challenge,Sivir Runner Up in Xi'an City Challenge,Sivir - Battle Mistress,Legend,14.4794,247.09,33886.0,,128.51,https://riftbound.gg/decks/sivir-runner-up-in-xian-city-challenge/
576,piltoverarchive,722809d3-151f-489f-924d-c7771cd29546,Weapon Fiora - Bruma Leggera,"Fiora, Grand Duelist",Legend,14.4789,132.92,7200.0,0,60.00,https://piltoverarchive.com/decks/view/722809d3-151f-489f-924d-c7771cd29546
577,riftboundgg,annie-chinese-national-53rd,Annie Chinese National 53rd,Annie - Dark Child,Legend,14.4748,307.86,31612.0,,197.54,https://riftbound.gg/decks/annie-chinese-national-53rd/
578,piltoverarchive,4405e2c6-bc78-4b85-b5bb-ed2e60934233,BoiWaffle&#x27;s Best Of Sett - Houston Regional Qualifier - 102nd Place,"Sett, The Boss",Legend,14.4579,164.17,4200.0,0,60.00,https://piltoverarchive.com/decks/view/4405e2c6-bc78-4b85-b5bb-ed2e60934233
579,piltoverarchive,3403d309-4d0a-46d4-9809-2b10e89c7365,Top 4 Orlando PPG 10k ChallengerTCG,"Sett, The Boss",Legend,14.4576,163.27,4700.0,0,60.00,https://piltoverarchive.com/decks/view/3403d309-4d0a-46d4-9809-2b10e89c7365
580,piltoverarchive,d02cc374-3df2-4b1a-a6a4-af6b214e32dc,Ahri - December 2025 Deck,"Ahri, Nine-Tailed Fox",Legend,14.4573,229.68,6200.0,0,19.00,https://piltoverarchive.com/decks/view/d02cc374-3df2-4b1a-a6a4-af6b214e32dc
581,piltoverarchive,78577a3a-5df9-4928-ac65-2147ad1be137,Annie Best of One,"Annie, Dark Child",Legend,14.4440,294.90,2000.0,0,90.00,https://piltoverarchive.com/decks/view/78577a3a-5df9-4928-ac65-2147ad1be137
582,riftboundgg,kaisa-daughter-of-the-void-deck-fo7v2,Kai'Sa Daughter of the Void Deck,Kai'Sa - Daughter of the Void,Legend,14.4418,191.94,16406.0,,279.14,https://riftbound.gg/decks/kaisa-daughter-of-the-void-deck-fo7v2/
583,piltoverarchive,f1743a40-a890-41cb-8072-b417937ae020,Runes and Rift 700$ Cash Cup - 3rd: samdsherman - Sett,"Sett, The Boss",Legend,14.4322,164.67,3600.0,0,60.00,https://piltoverarchive.com/decks/view/f1743a40-a890-41cb-8072-b417937ae020
584,piltoverarchive,0f291b93-0c74-4eff-a93d-e01591079c6e,Master Yi Skirmish 1.20,"Master Yi, Wuju Bladesman",Legend,14.4309,113.93,1200.0,0,60.00,https://piltoverarchive.com/decks/view/0f291b93-0c74-4eff-a93d-e01591079c6e
585,riftboundgg,sett-the-boss-deck-j2ktg,Sett The Boss Deck,Sett - The Boss,Legend,14.4128,197.16,63392.0,,322.17,https://riftbound.gg/decks/sett-the-boss-deck-j2ktg/
586,piltoverarchive,b9916dbe-ce64-423b-92c8-d02f232cb434,"1st place Skirmish, Heavy Kai&#x27;Sa","Kai'Sa, Daughter of the Void",Legend,14.4012,147.51,13400.0,1,60.00,https://piltoverarchive.com/decks/view/b9916dbe-ce64-423b-92c8-d02f232cb434
587,piltoverarchive,ff69ba18-41ad-48a6-893b-a994d304d3b6,Ahri + Sona,"Ahri, Nine-Tailed Fox",Legend,14.3919,231.85,5400.0,1,30.00,https://piltoverarchive.com/decks/view/ff69ba18-41ad-48a6-893b-a994d304d3b6
588,riftboundgg,sett-the-boss-deck-pz0r1,Sett The Boss Deck,Sett - The Boss,Legend,14.3858,196.68,19300.0,,280.26,https://riftbound.gg/decks/sett-the-boss-deck-pz0r1/
589,piltoverarchive,58c6dc8e-d556-4878-8a8c-2c003683d0bf,[Set 2] Sivir,"Sivir, Battle Mistress",Legend,14.3845,229.60,4900.0,0,60.00,https://piltoverarchive.com/decks/view/58c6dc8e-d556-4878-8a8c-2c003683d0bf
590,riftboundgg,sivir-top-64-chengdu-regional,Sivir Top 64 Chengdu Regional,Sivir - Battle Mistress,Legend,14.3674,245.76,13184.0,,116.13,https://riftbound.gg/decks/sivir-top-64-chengdu-regional/
591,riftboundgg,master-yi-atlanta-runner-up,Master Yi Atlanta runner up,Master Yi - Wuju Bladesman,Legend,14.3379,120.11,14564.0,,175.12,https://riftbound.gg/decks/master-yi-atlanta-runner-up/
592,riftboundgg,master-yi-deck-8-shanghai-national-open-tournament,Master Yi Deck 8 Shanghai National Open Tournament,Master Yi - Wuju Bladesman,Legend,14.3193,121.68,16309.0,,197.36,https://riftbound.gg/decks/master-yi-deck-8-shanghai-national-open-tournament/
593,riftboundgg,azir-on-a-budget,Azir On a Budget,Azir - Emperor of the Sands,Legend,14.3135,124.67,15343.0,,85.57,https://riftbound.gg/decks/azir-on-a-budget/
594,piltoverarchive,6c2955e7-a4e0-473c-bd57-c37db2f9f825,Firestorm - Annie Hyper Aggro,"Annie, Dark Child",Legend,14.3065,295.08,3300.0,0,120.00,https://piltoverarchive.com/decks/view/6c2955e7-a4e0-473c-bd57-c37db2f9f825
595,riftboundgg,ezreal-prodigal-explorer-deck-rmtr3,Ezreal - Prodigal Explorer Deck,Ezreal - Prodigal Explorer,Legend,14.2995,263.70,15.0,,1.11,https://riftbound.gg/decks/ezreal-prodigal-explorer-deck-rmtr3/
596,piltoverarchive,96d8a858-acd0-4e16-8edf-be964f2fe855,Ahri Spiritforge Meta,"Ahri, Nine-Tailed Fox",Legend,14.2920,477.89,1300.0,0,30.00,https://piltoverarchive.com/decks/view/96d8a858-acd0-4e16-8edf-be964f2fe855
597,piltoverarchive,4f39d6f8-bf1c-40bd-aa25-7f990c1a6be8,The Best Hook&#x27;Sai List,"Rek'Sai, Void Burrower",Legend,14.2890,375.19,8400.0,4,21.00,https://piltoverarchive.com/decks/view/4f39d6f8-bf1c-40bd-aa25-7f990c1a6be8
598,piltoverarchive,978f75d2-e63e-4314-b281-47dde3c29f84,Yi - SFD - Midrange,"Master Yi, Wuju Bladesman",Legend,14.2752,286.42,2900.0,1,0.88,https://piltoverarchive.com/decks/view/978f75d2-e63e-4314-b281-47dde3c29f84
599,piltoverarchive,08b2be64-1361-4562-ba2a-85f73ceb313d,Lucian Skyfall,"Lucian, Purifier",Legend,14.2671,336.70,1800.0,0,30.00,https://piltoverarchive.com/decks/view/08b2be64-1361-4562-ba2a-85f73ceb313d
600,piltoverarchive,0b28f9e3-3dcc-4447-a064-97ccc7624105,THE ULTIMATE HOLD DECK,"Jax, Grandmaster at Arms",Legend,14.2379,277.90,1500.0,0,60.00,https://piltoverarchive.com/decks/view/0b28f9e3-3dcc-4447-a064-97ccc7624105
601,riftboundgg,master-yi-tl-5znu1,Master Yi TL,Master Yi - Wuju Bladesman,Legend,14.2341,119.32,28306.0,,206.62,https://riftbound.gg/decks/master-yi-tl-5znu1/
602,piltoverarchive,2fc17573-9389-43f8-870d-44b2842e99f6,1st place group B (Ascension League - Stage 2) - 29/09/2025,"Kai'Sa, Daughter of the Void",Legend,14.2196,175.75,3800.0,0,150.00,https://piltoverarchive.com/decks/view/2fc17573-9389-43f8-870d-44b2842e99f6
603,piltoverarchive,5a2cae55-5cbd-4da8-b238-22db977b421b,Ahri Control,"Ahri, Nine-Tailed Fox",Legend,14.2152,225.32,5500.0,0,30.00,https://piltoverarchive.com/decks/view/5a2cae55-5cbd-4da8-b238-22db977b421b
604,piltoverarchive,3954f148-2213-4e02-9550-c6ac766a77cd,Jaxatron,"Jax, Grandmaster at Arms",Legend,14.2142,414.09,2400.0,0,90.00,https://piltoverarchive.com/decks/view/3954f148-2213-4e02-9550-c6ac766a77cd
605,piltoverarchive,79dd43d4-2841-4a05-80de-9091cd2422bf,1st place group A (Ascension League - Stage 3) - 06/10/2025,"Master Yi, Wuju Bladesman",Legend,14.2119,114.60,4800.0,0,120.00,https://piltoverarchive.com/decks/view/79dd43d4-2841-4a05-80de-9091cd2422bf
606,piltoverarchive,6c444144-08cb-46bf-a71e-fba74e90716a,Azir Makes Tokens. Tokens Run Away 2,"Azir, Emperor of the Sands",Legend,14.1992,217.87,2200.0,2,3.00,https://piltoverarchive.com/decks/view/6c444144-08cb-46bf-a71e-fba74e90716a
607,riftboundgg,rank-4-deck-national-open-shanghai,Rank 4 Deck National Open Shanghai,Master Yi - Wuju Bladesman,Legend,14.1987,119.35,16382.0,,197.45,https://riftbound.gg/decks/rank-4-deck-national-open-shanghai/
608,piltoverarchive,994b7a5a-365d-4b2e-b740-a7c19bee97cd,MF agro ver.1.7.4,"Miss Fortune, Bounty Hunter",Legend,14.1812,256.23,1000.0,0,9.00,https://piltoverarchive.com/decks/view/994b7a5a-365d-4b2e-b740-a7c19bee97cd
609,piltoverarchive,7de88db1-a4f7-4a49-be13-3664b3d7a10e,Kuwait Summoner Skirmish First Place - Ramp Yi,"Master Yi, Wuju Bladesman",Legend,14.1725,106.78,1900.0,0,60.00,https://piltoverarchive.com/decks/view/7de88db1-a4f7-4a49-be13-3664b3d7a10e
610,piltoverarchive,0c74fa74-3f70-4012-bfe4-a670fa010d6a,Shanghai National Open - 4th Place,"Master Yi, Wuju Bladesman",Legend,14.1682,105.75,9600.0,0,90.00,https://piltoverarchive.com/decks/view/0c74fa74-3f70-4012-bfe4-a670fa010d6a
611,piltoverarchive,e9350243-b1d8-4786-bd65-cacfc2341761,"1st place Skirmish, Fast pace Kaisa by Gehun","Kai'Sa, Daughter of the Void",Legend,14.1678,144.83,1700.0,0,30.00,https://piltoverarchive.com/decks/view/e9350243-b1d8-4786-bd65-cacfc2341761
612,piltoverarchive,19ea988c-4512-46a9-b1e8-2718e34205cc,Sivir 2026 01 10,"Sivir, Battle Mistress",Legend,14.1661,204.53,3100.0,1,30.00,https://piltoverarchive.com/decks/view/19ea988c-4512-46a9-b1e8-2718e34205cc
613,piltoverarchive,abe27080-b380-4228-89c0-07d9f3b76934,GZ Regional 6th,"Viktor, Herald of the Arcane",Legend,14.1389,53.07,9900.0,0,90.00,https://piltoverarchive.com/decks/view/abe27080-b380-4228-89c0-07d9f3b76934
614,piltoverarchive,4842bb2f-cc43-4cdc-98a8-cee8a126f0e0,Chongqing Regional open - 2nd Place,"Master Yi, Wuju Bladesman",Legend,14.1356,117.88,3800.0,0,150.00,https://piltoverarchive.com/decks/view/4842bb2f-cc43-4cdc-98a8-cee8a126f0e0
615,piltoverarchive,463ca519-55da-409e-8fdf-87a24eae9562,2x Undefeated First Place Skirmish Ahri,"Ahri, Nine-Tailed Fox",Legend,14.1340,285.85,8900.0,0,60.00,https://piltoverarchive.com/decks/view/463ca519-55da-409e-8fdf-87a24eae9562
616,piltoverarchive,f29898ad-c36e-4c07-984e-fa8fd6f84119,1st Place - 512 Player Regional China,"Kai'Sa, Daughter of the Void",Legend,14.1339,173.75,9200.0,0,180.00,https://piltoverarchive.com/decks/view/f29898ad-c36e-4c07-984e-fa8fd6f84119
617,riftboundgg,to-build-annie-starter-deck,To Build - Annie Starter Deck,Annie - Dark Child - Starter (Spiritforged Nexus Night Promo),Legend,14.1336,711.37,13.0,,1.64,https://riftbound.gg/decks/to-build-annie-starter-deck/
618,piltoverarchive,b5ab08a2-b9a2-45c7-90b8-b7262b49fa53,SCG 10k top 4 Viktor,"Viktor, Herald of the Arcane",Legend,14.1329,39.96,21600.0,10,30.00,https://piltoverarchive.com/decks/view/b5ab08a2-b9a2-45c7-90b8-b7262b49fa53
619,riftboundgg,rxdai-3-4th-guangzhou-regionals-tournament-aug-2025,RXD.AI.昕奕: 3-4th - Guangzhou Regionals Tournament (Aug 2025),Kai'Sa - Daughter of the Void,Legend,14.1194,165.00,1761390.0,,268.06,https://riftbound.gg/decks/rxdai-3-4th-guangzhou-regionals-tournament-aug-2025/
620,piltoverarchive,a24cdea8-aff9-4326-b71f-4601e8d4d645,Master Yi - 2nd CCS $10k Tournament - Luna Love,"Master Yi, Wuju Bladesman",Legend,14.1177,106.51,6500.0,0,90.00,https://piltoverarchive.com/decks/view/a24cdea8-aff9-4326-b71f-4601e8d4d645
621,piltoverarchive,5b663662-5b2c-4976-b0e3-f40bbcdd009e,Ahri SFD chinese masterchef + french spice,"Ahri, Nine-Tailed Fox",Legend,14.1152,344.60,6100.0,0,60.00,https://piltoverarchive.com/decks/view/5b663662-5b2c-4976-b0e3-f40bbcdd009e
622,piltoverarchive,04347b01-b664-43c4-a061-f70bd89dfd63,1st place R&amp;R Open Tournament ValeG,"Kai'Sa, Daughter of the Void",Legend,14.1145,130.12,5400.0,4,30.00,https://piltoverarchive.com/decks/view/04347b01-b664-43c4-a061-f70bd89dfd63
623,piltoverarchive,e49b28f0-c130-458a-92e3-16ba6da32096,my current jax list for bologna,"Jax, Grandmaster at Arms",Legend,14.1131,225.30,5200.0,0,90.00,https://piltoverarchive.com/decks/view/e49b28f0-c130-458a-92e3-16ba6da32096
624,piltoverarchive,b7ec359c-6938-438e-aab2-a3d69fae96b1,Midrange Yi,"Master Yi, Wuju Bladesman",Legend,14.1122,105.18,2100.0,0,60.00,https://piltoverarchive.com/decks/view/b7ec359c-6938-438e-aab2-a3d69fae96b1
625,riftboundgg,kaisa-unleashed-mech,Kai'sa Unleashed mech,Kai'Sa - Daughter of the Void,Legend,14.1090,317.76,18.0,,1.40,https://riftbound.gg/decks/kaisa-unleashed-mech/
626,riftboundgg,best-origins-kaisa,Best Origins Kai'sa,Kai'Sa - Daughter of the Void,Legend,14.0993,160.66,37553.0,,149.56,https://riftbound.gg/decks/best-origins-kaisa/
627,piltoverarchive,6add9db9-c7ed-4e17-b0dd-9ba5116e7aea,Kens Ahri v3 with Sona,"Ahri, Nine-Tailed Fox",Legend,14.0718,230.89,2500.0,0,30.00,https://piltoverarchive.com/decks/view/6add9db9-c7ed-4e17-b0dd-9ba5116e7aea
628,riot-bologna,riot-bologna-96-nlvtomino,Bologna #96 - NLV Tomino,"Sett, The Boss",Legend,14.0645,156.23,,,210.35,https://riftbound.leagueoflegends.com/en-us/news/organizedplay/the-best-decks-out-of-bologna/
629,piltoverarchive,e3e8c985-c171-47aa-a934-d0620c5ee156,Best-Of Sivir - 200th Place - Fuzhou Regional Open,"Sivir, Battle Mistress",Legend,14.0637,202.75,2200.0,1,27.00,https://piltoverarchive.com/decks/view/e3e8c985-c171-47aa-a934-d0620c5ee156
630,riftboundgg,sett-tl,Sett TL,Sett - The Boss,Legend,14.0562,176.59,28393.0,,206.59,https://riftbound.gg/decks/sett-tl/
631,riftboundgg,control-kaisa,Control Kai'Sa,Kai'Sa - Daughter of the Void,Legend,14.0555,174.73,97763.0,,277.24,https://riftbound.gg/decks/control-kaisa/
632,piltoverarchive,819893c9-15f3-45a5-b182-ba21af16691f,Kai&#x27;sa 1st Place Summoner Skirmish (1st in Swiss),"Kai'Sa, Daughter of the Void",Legend,14.0538,138.82,2400.0,0,30.00,https://piltoverarchive.com/decks/view/819893c9-15f3-45a5-b182-ba21af16691f
633,riftboundgg,miss-fortune-bounty-hunter-deck-edd0x,Miss Fortune Bounty Hunter Deck,Miss Fortune - Bounty Hunter,Legend,14.0463,305.50,77983.0,,271.94,https://riftbound.gg/decks/miss-fortune-bounty-hunter-deck-edd0x/
634,piltoverarchive,9502c013-6699-43c1-b786-2fb1e8d35898,Azir v2 FOR ZACH,"Azir, Emperor of the Sands",Legend,14.0453,108.02,2500.0,0,22.00,https://piltoverarchive.com/decks/view/9502c013-6699-43c1-b786-2fb1e8d35898
635,piltoverarchive,9e56a4f6-2047-4da6-a5e2-517e6d8038a1,3rd Place 32 Person Skirmish Ahri,"Ahri, Nine-Tailed Fox",Legend,14.0430,245.30,8300.0,0,60.00,https://piltoverarchive.com/decks/view/9e56a4f6-2047-4da6-a5e2-517e6d8038a1
636,riftboundgg,miss-fortune-bounty-hunter-deck-4oktj,Miss Fortune Bounty Hunter Deck,Miss Fortune - Bounty Hunter,Legend,14.0342,305.79,106787.0,,287.44,https://riftbound.gg/decks/miss-fortune-bounty-hunter-deck-4oktj/
637,riot-bologna,riot-bologna-71-specimen,Bologna #71 - Specimen,"Teemo, Swift Scout",Legend,14.0332,544.83,,,210.35,https://riftbound.leagueoflegends.com/en-us/news/organizedplay/the-best-decks-out-of-bologna/
638,piltoverarchive,8f6139b2-5b98-4fee-b949-15fcc0e9f0d0,Fuzhou S2 Regional Open - Jan 18th - 24th Place -  PT.Noppl,"Ahri, Nine-Tailed Fox",Legend,14.0280,215.24,3000.0,6,27.00,https://piltoverarchive.com/decks/view/8f6139b2-5b98-4fee-b949-15fcc0e9f0d0
639,piltoverarchive,db7a7ead-8e47-4087-bc18-cb4427ea9f3f,1st Place - TBZ December Skirmish 12/20/25,"Kai'Sa, Daughter of the Void",Legend,14.0095,147.22,3800.0,0,60.00,https://piltoverarchive.com/decks/view/db7a7ead-8e47-4087-bc18-cb4427ea9f3f
640,piltoverarchive,a797cc9b-cd8c-4fed-ab8d-e40764f3a165,Shanghai National Open - 8th Place,"Master Yi, Wuju Bladesman",Legend,13.9863,108.08,2600.0,0,90.00,https://piltoverarchive.com/decks/view/a797cc9b-cd8c-4fed-ab8d-e40764f3a165
641,riftboundgg,ahri-top-8-shanghai-city-challenge,Ahri Top 8 Shanghai City Challenge,Ahri - Nine-Tailed Fox,Legend,13.9808,653.45,26985.0,,128.36,https://riftbound.gg/decks/ahri-top-8-shanghai-city-challenge/
642,riftboundgg,rxdaipotu-2nd-hangzhou-regionals-tournament-sep-2025,RXD.Aipotu: 2nd - Hangzhou Regionals Tournament (Sep 2025),Master Yi - Wuju Bladesman,Legend,13.9799,119.30,15642.0,,247.08,https://riftbound.gg/decks/rxdaipotu-2nd-hangzhou-regionals-tournament-sep-2025/
643,piltoverarchive,0492b10d-0cb2-4a7d-bdcf-76eedb74f3f5,Sundisk Areion Lucian,"Lucian, Purifier",Legend,13.9768,314.97,10300.0,2,60.00,https://piltoverarchive.com/decks/view/0492b10d-0cb2-4a7d-bdcf-76eedb74f3f5
644,piltoverarchive,f94a2be7-e09b-48f1-bdbf-b88600c83a14,Hangzhou 2nd,"Sett, The Boss",Legend,13.9703,143.72,1900.0,0,30.00,https://piltoverarchive.com/decks/view/f94a2be7-e09b-48f1-bdbf-b88600c83a14
645,piltoverarchive,6888e303-e2c3-43c9-912a-3d2865ca8f2f,Fiora - is always Ready,"Fiora, Grand Duelist",Legend,13.9578,226.60,1600.0,0,0.29,https://piltoverarchive.com/decks/view/6888e303-e2c3-43c9-912a-3d2865ca8f2f
646,piltoverarchive,b367d5a6-ed71-4e57-8e9a-492fc5c31dac,【City Challenge】Guangzhou Station - #9,"Ahri, Nine-Tailed Fox",Legend,13.9573,355.86,3300.0,0,60.00,https://piltoverarchive.com/decks/view/b367d5a6-ed71-4e57-8e9a-492fc5c31dac
647,mobalytics-tournament,miss-fortune-bounty-hunter-pro-play-summit-orlando-saturday-10k-top-8-dizzee,"Miss Fortune, Bounty Hunter: Pro-Play Summit Orlando Saturday 10K Top 8 (Dizzee)","Miss Fortune, Bounty Hunter",Legend,13.9349,143.89,1900.0,0,60.00,https://mobalytics.gg/riftbound/decks/miss-fortune-bounty-hunter-pro-play-summit-orlando-saturday-10k-top-8-dizzee
648,piltoverarchive,fb875394-5f12-4ec1-a269-ed744f7f22f3,Ahri&#x27;s Combat Control,"Ahri, Nine-Tailed Fox",Legend,13.9320,250.60,5400.0,0,60.00,https://piltoverarchive.com/decks/view/fb875394-5f12-4ec1-a269-ed744f7f22f3
649,piltoverarchive,779be707-a257-4600-96ea-4f27925f3a9e,Yi skirmish 4/01/26 @WASD Gaming Café,"Master Yi, Wuju Bladesman",Legend,13.9308,96.75,1200.0,0,30.00,https://piltoverarchive.com/decks/view/779be707-a257-4600-96ea-4f27925f3a9e
650,riftboundgg,ahri-on-a-budget-l2015,Ahri on a budget,Ahri - Nine-Tailed Fox,Legend,13.9240,287.41,15354.0,,85.27,https://riftbound.gg/decks/ahri-on-a-budget-l2015/
651,piltoverarchive,3448a7fb-97be-4c82-9f22-14c0c0e00704,Master Yi Ramp - 3rd Place 26-10 Chengdu City Challenge,"Master Yi, Wuju Bladesman",Legend,13.9085,111.44,2500.0,0,120.00,https://piltoverarchive.com/decks/view/3448a7fb-97be-4c82-9f22-14c0c0e00704
652,piltoverarchive,1c23f611-3d50-46b2-aee9-1dd48dd6ea03,Kai&#x27;sa,"Kai'Sa, Daughter of the Void",Legend,13.9071,144.73,768.0,0,29.00,https://piltoverarchive.com/decks/view/1c23f611-3d50-46b2-aee9-1dd48dd6ea03
653,riftboundgg,jax-top-128-chengdu-regional-3zcwn,Jax Top 128 Chengdu Regional,Jax - Grandmaster at Arms,Legend,13.8989,154.07,13925.0,,116.08,https://riftbound.gg/decks/jax-top-128-chengdu-regional-3zcwn/
654,riftboundgg,georgetcg-1st-chongqing-regionals-tournament-sep-2025,GeorgeTCG: 1st - Chongqing Regionals Tournament (Sep 2025),Kai'Sa - Daughter of the Void,Legend,13.8984,171.83,28239.0,,255.32,https://riftbound.gg/decks/georgetcg-1st-chongqing-regionals-tournament-sep-2025/
655,riftboundgg,kaisa-daughter-of-the-void-by-mateusz-jasinski-best-of-kaisa-houston-regional-qualifier-sxrqd,"Kai'Sa, Daughter of the Void by Mateusz Jasiński (best of kai'sa Houston Regional Qualifier)",Kai'Sa - Daughter of the Void,Legend,13.8909,160.50,21258.0,,164.21,https://riftbound.gg/decks/kaisa-daughter-of-the-void-by-mateusz-jasinski-best-of-kaisa-houston-regional-qualifier-sxrqd/
656,riftboundgg,annie-dark-child-deck-13bxg,Annie Dark Child Deck,Annie - Dark Child,Legend,13.8902,302.03,13970.0,,290.65,https://riftbound.gg/decks/annie-dark-child-deck-13bxg/
657,riftboundgg,sett-the-boss-deck-g24rq,Sett The Boss Deck,Sett - The Boss,Legend,13.8893,180.91,15743.0,,264.73,https://riftbound.gg/decks/sett-the-boss-deck-g24rq/
658,piltoverarchive,46ecf925-74a2-46da-a452-7a72f456bff3,Ahri - 1st Beijing City Challenge,"Ahri, Nine-Tailed Fox",Legend,13.8850,236.22,22300.0,1,90.00,https://piltoverarchive.com/decks/view/46ecf925-74a2-46da-a452-7a72f456bff3
659,riftboundgg,fiora-wins-nexus-nights-1v1-by-atlantis-games-comics-copy-hu11z,Fiora wins Nexus Nights - 1v1 by Atlantis Games & Comics - copy,Fiora - Grand Duelist,Legend,13.8702,349.97,194.0,,1.54,https://riftbound.gg/decks/fiora-wins-nexus-nights-1v1-by-atlantis-games-comics-copy-hu11z/
660,piltoverarchive,164e3e58-c482-4c94-a12f-22a0f0ef4261,Ahri - 1st PPG Orlando Qualifier (Kevin D),"Ahri, Nine-Tailed Fox",Legend,13.8661,285.98,15500.0,0,90.00,https://piltoverarchive.com/decks/view/164e3e58-c482-4c94-a12f-22a0f0ef4261
661,riftboundgg,annie-skirmish-winner,Annie Skirmish Winner,Annie - Dark Child,Legend,13.8572,270.81,25501.0,,167.81,https://riftbound.gg/decks/annie-skirmish-winner/
662,piltoverarchive,038689ad-bc25-465d-980d-992a18020c68,#4 Annie Houston Prymor,"Annie, Dark Child",Legend,13.8571,249.20,2300.0,0,60.00,https://piltoverarchive.com/decks/view/038689ad-bc25-465d-980d-992a18020c68
663,piltoverarchive,fa72eed5-57a5-4bd2-8f2f-ec12a7119611,1st place group B (Ascension League) - 23/09/2025,"Master Yi, Wuju Bladesman",Legend,13.8533,113.14,3200.0,0,150.00,https://piltoverarchive.com/decks/view/fa72eed5-57a5-4bd2-8f2f-ec12a7119611
664,riftboundgg,sett-wins-guangzhou-city-challenge,Sett Wins Guangzhou City Challenge,Sett - The Boss,Legend,13.8518,156.43,26971.0,,128.37,https://riftbound.gg/decks/sett-wins-guangzhou-city-challenge/
665,piltoverarchive,a6a51d05-1914-4d73-88f1-c1c147630e91,Annie - Fiery (Fast Control),"Annie, Dark Child",Legend,13.8315,275.12,2400.0,0,120.00,https://piltoverarchive.com/decks/view/a6a51d05-1914-4d73-88f1-c1c147630e91
666,piltoverarchive,c738599d-f3c8-4772-933c-34d451acd8b5,Ahri - Summoner Skirmish Winner 03-01-26,"Ahri, Nine-Tailed Fox",Legend,13.8280,205.95,2500.0,0,15.00,https://piltoverarchive.com/decks/view/c738599d-f3c8-4772-933c-34d451acd8b5
667,piltoverarchive,689eae71-9d53-4598-aca9-049d43812c91,Yuizu&#x27;s Kaisa,"Kai'Sa, Daughter of the Void",Legend,13.8175,145.82,552.0,0,30.00,https://piltoverarchive.com/decks/view/689eae71-9d53-4598-aca9-049d43812c91
668,piltoverarchive,d55bea83-dc36-42fe-93ce-69df57ff52ac,Skirmish win Annie!,"Annie, Dark Child",Legend,13.8161,249.12,2000.0,0,60.00,https://piltoverarchive.com/decks/view/d55bea83-dc36-42fe-93ce-69df57ff52ac
669,riftboundgg,irelia-budget-copy-uelxb,Irelia Budget - copy,Irelia - Blade Dancer,Legend,13.8128,268.93,19.0,,0.47,https://riftbound.gg/decks/irelia-budget-copy-uelxb/
670,piltoverarchive,6f4cdcd8-0455-4d79-a3a8-1a8f5f73d7bb,Skirmish - Champion 14W/1L,"Viktor, Herald of the Arcane",Legend,13.8121,50.87,1800.0,0,60.00,https://piltoverarchive.com/decks/view/6f4cdcd8-0455-4d79-a3a8-1a8f5f73d7bb
671,riftboundgg,best-teemo-vegas-t64,Best Teemo Vegas (T64,Teemo - Swift Scout,Legend,13.8094,589.54,21973.0,,77.17,https://riftbound.gg/decks/best-teemo-vegas-t64/
672,piltoverarchive,1367aa00-d28e-4d6e-85d0-37380210287e,Ahri 1st Place Summoner Skirmish - Good Games Box Hill,"Ahri, Nine-Tailed Fox",Legend,13.8061,262.31,3200.0,0,60.00,https://piltoverarchive.com/decks/view/1367aa00-d28e-4d6e-85d0-37380210287e
673,piltoverarchive,bdbe740b-0794-4e66-a13f-15dcd8d7051c,1st Place Annie - Nanjing Regional Open,"Annie, Dark Child",Legend,13.7964,301.58,304.0,1,1.00,https://piltoverarchive.com/decks/view/bdbe740b-0794-4e66-a13f-15dcd8d7051c
674,riftboundgg,ahri-top-32-fuzhou-regional,Ahri Top 32 Fuzhou Regional,Ahri - Nine-Tailed Fox,Legend,13.7877,264.18,60386.0,,0.67,https://riftbound.gg/decks/ahri-top-32-fuzhou-regional/
675,riftboundgg,fiora-cook,Fiora Cook,Fiora - Grand Duelist,Legend,13.7877,357.26,147.0,,1.60,https://riftbound.gg/decks/fiora-cook/
676,riftboundgg,best-teemo-from-bologna,Best Teemo From Bologna,Teemo - Swift Scout,Legend,13.7715,692.76,25293.0,,88.17,https://riftbound.gg/decks/best-teemo-from-bologna/
677,riftboundgg,sett-the-boss-deck-u2vtp,Sett The Boss Deck,Sett - The Boss,Legend,13.7704,176.09,43862.0,,289.07,https://riftbound.gg/decks/sett-the-boss-deck-u2vtp/
678,piltoverarchive,5a561696-1b38-4c0b-8201-297df5010876,Shenzhen City Challenge 1st Place Fiora,"Fiora, Grand Duelist",Legend,13.7696,106.61,5900.0,0,30.00,https://piltoverarchive.com/decks/view/5a561696-1b38-4c0b-8201-297df5010876
679,riftboundgg,sett-the-boss-deck-ukuot,Sett The Boss Deck,Sett - The Boss,Legend,13.7646,174.49,36438.0,,267.71,https://riftbound.gg/decks/sett-the-boss-deck-ukuot/
680,riftboundgg,annie-scg-vegas-winner,Annie SCG Vegas Winner,Annie - Dark Child,Legend,13.7627,270.74,19072.0,,175.10,https://riftbound.gg/decks/annie-scg-vegas-winner/
681,riftboundgg,rxdairico1997-3-4th-hangzhou-regionals-tournament-sep-2025,RXD.Ai.Rico1997: 3-4th - Hangzhou Regionals Tournament (Sep 2025),Master Yi - Wuju Bladesman,Legend,13.7611,115.15,15594.0,,247.07,https://riftbound.gg/decks/rxdairico1997-3-4th-hangzhou-regionals-tournament-sep-2025/
682,piltoverarchive,4a7bd19e-cb26-4dd0-9c5e-dbf876c5aa1a,【City Challenge】Beijing Railway Station - #1,"Master Yi, Wuju Bladesman",Legend,13.7599,101.30,1300.0,0,60.00,https://piltoverarchive.com/decks/view/4a7bd19e-cb26-4dd0-9c5e-dbf876c5aa1a
683,piltoverarchive,a05732d2-afd3-40a8-84f4-48ad277160ac,China’s No.1 Ahri — 119th place at the Shanghai National Open. By Stanleny,"Ahri, Nine-Tailed Fox",Legend,13.7591,262.39,11700.0,0,90.00,https://piltoverarchive.com/decks/view/a05732d2-afd3-40a8-84f4-48ad277160ac
684,piltoverarchive,b81e267b-d8f3-4c5d-b74a-46b4a773c0b5,Best-Of Jax - 85th Place - Fuzhou Regional Open,"Jax, Grandmaster at Arms",Legend,13.7564,122.25,3300.0,3,27.00,https://piltoverarchive.com/decks/view/b81e267b-d8f3-4c5d-b74a-46b4a773c0b5
685,piltoverarchive,56d759f9-7a89-4bd9-9fec-670f1c412db7,Ahri - 1st Nanning City Challenge,"Ahri, Nine-Tailed Fox",Legend,13.7529,262.38,11400.0,0,90.00,https://piltoverarchive.com/decks/view/56d759f9-7a89-4bd9-9fec-670f1c412db7
686,riftboundgg,kaisa-daughter-of-the-void-deck-epzdo,Kai'Sa Daughter of the Void Deck,Kai'Sa - Daughter of the Void,Legend,13.7504,170.02,19029.0,,265.09,https://riftbound.gg/decks/kaisa-daughter-of-the-void-deck-epzdo/
687,piltoverarchive,f2c6f7be-e23b-4076-bddb-a20ffee17d44,Ahri Champion Control,"Ahri, Nine-Tailed Fox",Legend,13.7483,589.28,7600.0,0,120.00,https://piltoverarchive.com/decks/view/f2c6f7be-e23b-4076-bddb-a20ffee17d44
688,piltoverarchive,f531d4fe-e75d-4775-ba38-909bd6c9ecda,femboykaisa,"Kai'Sa, Daughter of the Void",Legend,13.7457,162.81,9300.0,0,180.00,https://piltoverarchive.com/decks/view/f531d4fe-e75d-4775-ba38-909bd6c9ecda
689,piltoverarchive,95b4a6a3-2be0-42d8-8d2c-7496bbe2c0a7,Kai&#x27;sa Skirmish,"Kai'Sa, Daughter of the Void",Legend,13.7441,130.35,2600.0,0,30.00,https://piltoverarchive.com/decks/view/95b4a6a3-2be0-42d8-8d2c-7496bbe2c0a7
690,piltoverarchive,2f813a33-4007-4206-bc44-459339a9fe04,Runes and Rift Weekly 5 - 3rd- Badgins,"Viktor, Herald of the Arcane",Legend,13.7383,52.26,2700.0,0,90.00,https://piltoverarchive.com/decks/view/2f813a33-4007-4206-bc44-459339a9fe04
691,piltoverarchive,1e3528e2-c8b1-49aa-8686-239312af6c18,MF Aggro Midrange,"Miss Fortune, Bounty Hunter",Legend,13.7358,254.92,1700.0,0,60.00,https://piltoverarchive.com/decks/view/1e3528e2-c8b1-49aa-8686-239312af6c18
692,piltoverarchive,a7b18cc6-4b96-43b2-bb30-78f65f4cd890,Sett S02,"Sett, The Boss",Legend,13.7353,139.69,1500.0,0,30.00,https://piltoverarchive.com/decks/view/a7b18cc6-4b96-43b2-bb30-78f65f4cd890
693,riftboundgg,sett-the-boss-deck-w-leonamf,Sett The Boss Deck w/ Leona/MF,Sett - The Boss,Legend,13.7312,175.43,50322.0,,299.42,https://riftbound.gg/decks/sett-the-boss-deck-w-leonamf/
694,piltoverarchive,b2341224-a344-454f-a452-50458cc28d56,ahri nexus nights,"Ahri, Nine-Tailed Fox",Legend,13.7147,410.25,1100.0,0,60.00,https://piltoverarchive.com/decks/view/b2341224-a344-454f-a452-50458cc28d56
695,riftboundgg,fiora-grand-duelist-deck-zqnvz,Fiora - Grand Duelist Deck,Fiora - Grand Duelist,Legend,13.7062,409.51,182.0,,1.15,https://riftbound.gg/decks/fiora-grand-duelist-deck-zqnvz/
696,piltoverarchive,727fe973-a2a8-468a-9623-0802a4f4facf,Viktor top32 10k$ orlando,"Viktor, Herald of the Arcane",Legend,13.6914,49.83,1800.0,0,60.00,https://piltoverarchive.com/decks/view/727fe973-a2a8-468a-9623-0802a4f4facf
697,piltoverarchive,8de07ee9-dab2-4d5b-ac43-2908f4c50957,CSG Tampa Skirmish Top 4 Ahri - Jared Fuller,"Ahri, Nine-Tailed Fox",Legend,13.6859,285.15,7300.0,0,90.00,https://piltoverarchive.com/decks/view/8de07ee9-dab2-4d5b-ac43-2908f4c50957
698,riftboundgg,annie-zpfsq,Annie,Annie - Dark Child,Legend,13.6846,279.41,89333.0,,279.48,https://riftbound.gg/decks/annie-zpfsq/
699,riftboundgg,5-8th-hangzhou-regionals-tournament-sep-2025,白龙万丈: 5-8th - Hangzhou Regionals Tournament (Sep 2025),Kai'Sa - Daughter of the Void,Legend,13.6746,166.83,15625.0,,246.99,https://riftbound.gg/decks/5-8th-hangzhou-regionals-tournament-sep-2025/
700,riot-bologna,riot-bologna-30-doctoreloki,Bologna #30 - doctoreloki,"Volibear, Relentless Storm",Legend,13.6716,151.69,,,210.35,https://riftbound.leagueoflegends.com/en-us/news/organizedplay/the-best-decks-out-of-bologna/
701,piltoverarchive,866fdc6b-6465-496f-9824-8f4f545770fb,Go second Ahri,"Ahri, Nine-Tailed Fox",Legend,13.6632,214.43,1500.0,1,24.00,https://piltoverarchive.com/decks/view/866fdc6b-6465-496f-9824-8f4f545770fb
702,piltoverarchive,4a6cf81f-1005-4012-a67d-11de4d1324a1,reanimator sivir,"Sivir, Battle Mistress",Legend,13.6546,203.95,3700.0,0,60.00,https://piltoverarchive.com/decks/view/4a6cf81f-1005-4012-a67d-11de4d1324a1
703,piltoverarchive,acd5e21a-d21e-4ad3-9db0-fff5a531ded6,6th Place - Nanjing Regional Open,"Kai'Sa, Daughter of the Void",Legend,13.6510,195.43,144.0,1,5.00,https://piltoverarchive.com/decks/view/acd5e21a-d21e-4ad3-9db0-fff5a531ded6
704,piltoverarchive,dfb0772a-28a7-4b2c-9f31-541162363688,1st Place - 512 Player Regional China,"Kai'Sa, Daughter of the Void",Legend,13.6467,164.57,3400.0,0,180.00,https://piltoverarchive.com/decks/view/dfb0772a-28a7-4b2c-9f31-541162363688
705,piltoverarchive,ade1b373-bce6-436c-aa6b-8949dfc6aa13,Moyen Kaisa | 1st seed Riftlab Trials (7-0),"Kai'Sa, Daughter of the Void",Legend,13.6466,164.44,3500.0,0,180.00,https://piltoverarchive.com/decks/view/ade1b373-bce6-436c-aa6b-8949dfc6aa13
706,piltoverarchive,6c0b36e8-a702-40d2-8446-81768fc8a606,Fiora swarm,"Fiora, Grand Duelist",Legend,13.6416,316.61,329.0,5,0.33,https://piltoverarchive.com/decks/view/6c0b36e8-a702-40d2-8446-81768fc8a606
707,piltoverarchive,7fdb918d-bf08-475b-9cfa-4b68a4bd3633,1st Place Nexus Night (The Rifting Turtle),"Ahri, Nine-Tailed Fox",Legend,13.6389,292.35,5700.0,0,90.00,https://piltoverarchive.com/decks/view/7fdb918d-bf08-475b-9cfa-4b68a4bd3633
708,piltoverarchive,35a73c9d-80ac-4cc9-b177-289caab6b758,Midrange MF,"Miss Fortune, Bounty Hunter",Legend,13.6383,231.46,1300.0,1,30.00,https://piltoverarchive.com/decks/view/35a73c9d-80ac-4cc9-b177-289caab6b758
709,piltoverarchive,5c1aed30-9775-4657-a39f-5bbd0790bd0c,I Know How to Destroy Them! (Tempo/Midrange Kai&#x27;Sa),"Kai'Sa, Daughter of the Void",Legend,13.6330,137.76,12700.0,3,90.00,https://piltoverarchive.com/decks/view/5c1aed30-9775-4657-a39f-5bbd0790bd0c
710,riftboundgg,best-of-jinx-from-bologna-split,Best of Jinx From Bologna (Split),Jinx - Loose Cannon,Legend,13.6318,1094.96,22138.0,,88.10,https://riftbound.gg/decks/best-of-jinx-from-bologna-split/
711,riftboundgg,samabr-2nd-maxtapera-tournament,SamaBR: 2nd - MaxTapera Tournament,Ahri - Nine-Tailed Fox,Legend,13.6253,551.40,9427949.0,,263.67,https://riftbound.gg/decks/samabr-2nd-maxtapera-tournament/
712,piltoverarchive,bd7d0c95-66df-4b6b-bd85-2d6e03fbaed1,Ahri 3.0,"Ahri, Nine-Tailed Fox",Legend,13.6112,284.46,1400.0,0,60.00,https://piltoverarchive.com/decks/view/bd7d0c95-66df-4b6b-bd85-2d6e03fbaed1
713,riftboundgg,ezreal-prodigal-explorer-deck-g0iot,Ezreal - Prodigal Explorer Deck,Ezreal - Prodigal Explorer,Legend,13.6045,269.12,7.0,,0.06,https://riftbound.gg/decks/ezreal-prodigal-explorer-deck-g0iot/
714,piltoverarchive,33f9cc8f-f732-4141-b356-70497a3ee371,rat jinx,"Jinx, Loose Cannon",Legend,13.5930,449.94,863.0,8,9.00,https://piltoverarchive.com/decks/view/33f9cc8f-f732-4141-b356-70497a3ee371
715,piltoverarchive,8d1d946b-5d4f-495d-ba7b-9ab922d3e11e,Teemo spirit,"Teemo, Swift Scout",Legend,13.5696,432.69,1200.0,0,30.00,https://piltoverarchive.com/decks/view/8d1d946b-5d4f-495d-ba7b-9ab922d3e11e
716,riftboundgg,viktor-herald-of-the-arcane-deck-yixxe,Viktor - Herald of the Arcane Deck,Viktor - Herald of the Arcane,Legend,13.5663,178.89,12.0,,0.20,https://riftbound.gg/decks/viktor-herald-of-the-arcane-deck-yixxe/
717,riftboundgg,new-deck-3kssy,New Deck,Fiora - Grand Duelist,Legend,13.5661,285.91,86.0,,1.76,https://riftbound.gg/decks/new-deck-3kssy/
718,piltoverarchive,b4300714-4297-421a-b391-f64a6a9924f4,ChallengerTCG Draven,"Draven, Glorious Executioner",Legend,13.5590,277.01,48.0,0,1.00,https://piltoverarchive.com/decks/view/b4300714-4297-421a-b391-f64a6a9924f4
719,riftboundgg,kaisa-top-16-fuzhou-regional,Kai'Sa Top 16 Fuzhou Regional,Kai'Sa - Daughter of the Void,Legend,13.5562,143.23,19580.0,,121.09,https://riftbound.gg/decks/kaisa-top-16-fuzhou-regional/
720,piltoverarchive,eebb3661-4d37-49ce-b3b8-a7020907fab4,Skirmish Winner Ahri Hold,"Ahri, Nine-Tailed Fox",Legend,13.5284,275.42,1100.0,0,60.00,https://piltoverarchive.com/decks/view/eebb3661-4d37-49ce-b3b8-a7020907fab4
721,piltoverarchive,3687a409-94f5-4b62-8d26-6f0542bc9312,2nd Place - Nanjing Regional Open,"Azir, Emperor of the Sands",Legend,13.5157,130.51,400.0,3,5.00,https://piltoverarchive.com/decks/view/3687a409-94f5-4b62-8d26-6f0542bc9312
722,piltoverarchive,e68aa67d-2754-4f94-8a91-28c408775eda,Ahri Early Tempo Control,"Ahri, Nine-Tailed Fox",Legend,13.5017,290.24,917.0,0,60.00,https://piltoverarchive.com/decks/view/e68aa67d-2754-4f94-8a91-28c408775eda
723,piltoverarchive,4d018dd9-9413-464f-9ca3-f446c1b2bafc,Ornn / Tianna 2nd out of 128,"Ornn, Fire Below the Mountain",Legend,13.4960,233.12,9800.0,12,30.00,https://piltoverarchive.com/decks/view/4d018dd9-9413-464f-9ca3-f446c1b2bafc
724,piltoverarchive,d9b215c3-a410-4db5-88ba-abd5a1d2c933,Midrange MF,"Miss Fortune, Bounty Hunter",Legend,13.4890,218.06,1400.0,0,22.00,https://piltoverarchive.com/decks/view/d9b215c3-a410-4db5-88ba-abd5a1d2c933
725,piltoverarchive,3c7bf403-3af0-4870-a847-b8bd395256af,Hangzhou Regional Open - 2nd Place,"Master Yi, Wuju Bladesman",Legend,13.4885,105.70,4000.0,0,150.00,https://piltoverarchive.com/decks/view/3c7bf403-3af0-4870-a847-b8bd395256af
726,piltoverarchive,3eb2a2e4-da94-4b1f-af18-20c494c309ea,Best-Of Ornn - 127th Place - Fuzhou Regional Open,"Ornn, Fire Below the Mountain",Legend,13.4743,302.38,3200.0,1,27.00,https://piltoverarchive.com/decks/view/3eb2a2e4-da94-4b1f-af18-20c494c309ea
727,piltoverarchive,9889baee-0806-4bb8-a74a-e235862b15cf,Runes and Rift 700$ Cash Cup - 8th: Kactus King - Kai&#x27;Sa,"Kai'Sa, Daughter of the Void",Legend,13.4628,137.76,2000.0,0,60.00,https://piltoverarchive.com/decks/view/9889baee-0806-4bb8-a74a-e235862b15cf
728,piltoverarchive,baf03698-06ec-4352-acc7-7afa5f185aad,GB ahri 10k,"Ahri, Nine-Tailed Fox",Legend,13.4378,263.45,3000.0,0,90.00,https://piltoverarchive.com/decks/view/baf03698-06ec-4352-acc7-7afa5f185aad
729,piltoverarchive,bf4644f5-8516-4da3-afea-097ddd2bc256,Viktor No units,"Viktor, Herald of the Arcane",Legend,13.4317,40.96,13500.0,2,30.00,https://piltoverarchive.com/decks/view/bf4644f5-8516-4da3-afea-097ddd2bc256
730,piltoverarchive,24db79f6-7f43-454c-bd04-cac4ef2386fd,1st place skirmish,"Master Yi, Wuju Bladesman",Legend,13.4246,88.21,6000.0,0,60.00,https://piltoverarchive.com/decks/view/24db79f6-7f43-454c-bd04-cac4ef2386fd
731,riftboundgg,leona-on-a-budget,Leona On a Budget,Leona - Radiant Dawn,Legend,13.4195,294.29,15568.0,,86.28,https://riftbound.gg/decks/leona-on-a-budget/
732,piltoverarchive,b80c38aa-a4be-47d8-91a2-fdfedda1ba05,Ahri Nexus Nights 1st place 11-29,"Ahri, Nine-Tailed Fox",Legend,13.4075,303.42,2000.0,0,90.00,https://piltoverarchive.com/decks/view/b80c38aa-a4be-47d8-91a2-fdfedda1ba05
733,riftboundgg,teemo-top-128-nanjing-regional,Teemo Top 128 Nanjing Regional,Teemo - Swift Scout,Legend,13.4064,478.20,22443.0,,102.00,https://riftbound.gg/decks/teemo-top-128-nanjing-regional/
734,piltoverarchive,f9e00a28-d85f-441d-840a-2db8bb2007b1,7th place - Terroking - Runes &amp; Rift Invitational,"Lucian, Purifier",Legend,13.3958,281.40,2100.0,0,30.00,https://piltoverarchive.com/decks/view/f9e00a28-d85f-441d-840a-2db8bb2007b1
735,piltoverarchive,cdfafaf3-2574-4163-a427-aa828dc2fafa,2nd Place - Regional Side Event China,"Annie, Dark Child",Legend,13.3886,266.71,3800.0,0,180.00,https://piltoverarchive.com/decks/view/cdfafaf3-2574-4163-a427-aa828dc2fafa
736,riftboundgg,lucian-top-8-runes-rift-invitational-elvvt,Lucian Top 8 Runes & Rift Invitational,Lucian - Purifier,Legend,13.3848,319.29,23171.0,,128.36,https://riftbound.gg/decks/lucian-top-8-runes-rift-invitational-elvvt/
737,piltoverarchive,f95d7d76-5c00-4405-93e6-e60f28364f3c,Jinx Zhongshan City Challenge Top 8,"Jinx, Loose Cannon",Legend,13.3782,321.23,4100.0,2,30.00,https://piltoverarchive.com/decks/view/f95d7d76-5c00-4405-93e6-e60f28364f3c
738,piltoverarchive,13fc86f0-624c-4281-a28c-bb2f14b5a00c,MilkWorldGlobal&#x27;s Warpless Ahri,"Ahri, Nine-Tailed Fox",Legend,13.3782,219.62,3200.0,0,60.00,https://piltoverarchive.com/decks/view/13fc86f0-624c-4281-a28c-bb2f14b5a00c
739,piltoverarchive,d6396074-8bf9-4854-ba31-65b0254cd9ac,Best-Of Teemo - 91st Place - Fuzhou Regional Open,"Teemo, Swift Scout",Legend,13.3779,409.56,638.0,0,27.00,https://piltoverarchive.com/decks/view/d6396074-8bf9-4854-ba31-65b0254cd9ac
740,riftboundgg,ahri-nine-tailed-fox-deck-9iqeo,Ahri Nine-Tailed Fox Deck,Ahri - Nine-Tailed Fox,Legend,13.3672,713.05,75231.0,,268.85,https://riftbound.gg/decks/ahri-nine-tailed-fox-deck-9iqeo/
741,piltoverarchive,44998d71-d417-453a-bebe-fdbe30b43383,Spiritforged Sett deck,"Sett, The Boss",Legend,13.3491,135.84,3400.0,0,60.00,https://piltoverarchive.com/decks/view/44998d71-d417-453a-bebe-fdbe30b43383
742,riftboundgg,jinx-top-128-chengdu-regional,Jinx Top 128 Chengdu Regional,Jinx - Loose Cannon,Legend,13.3445,818.51,47020.0,,116.13,https://riftbound.gg/decks/jinx-top-128-chengdu-regional/
743,piltoverarchive,ca440295-42a0-454c-acc0-463835408069,Ahri - 5th Place 26-10 Beijing City Challenge,"Ahri, Nine-Tailed Fox",Legend,13.3395,253.42,7100.0,0,120.00,https://piltoverarchive.com/decks/view/ca440295-42a0-454c-acc0-463835408069
744,piltoverarchive,548899ff-f68b-4c77-a16b-a3fd918f1693,ORNN GOD,"Ornn, Fire Below the Mountain",Legend,13.3360,283.75,1900.0,2,25.00,https://piltoverarchive.com/decks/view/548899ff-f68b-4c77-a16b-a3fd918f1693
745,riftboundgg,leona-top-16-guangzhou-city-challenge,Leona Top 16 Guangzhou City Challenge,Leona - Radiant Dawn,Legend,13.3321,486.62,26332.0,,128.32,https://riftbound.gg/decks/leona-top-16-guangzhou-city-challenge/
746,piltoverarchive,d905ca48-2167-4caa-be0c-2991df2b8516,Blaccout,"Kai'Sa, Daughter of the Void",Legend,13.3311,134.09,2100.0,0,60.00,https://piltoverarchive.com/decks/view/d905ca48-2167-4caa-be0c-2991df2b8516
747,riftboundgg,migan-3rd-riftbound-meta-weekly-jul-26th,Migan: 3rd - Riftbound Meta Weekly (Jul 26th),Ahri - Nine-Tailed Fox,Legend,13.3277,247.97,6313111.0,,290.33,https://riftbound.gg/decks/migan-3rd-riftbound-meta-weekly-jul-26th/
748,riftboundgg,leona-top-64-chengdu-regional,Leona Top 64 Chengdu Regional,Leona - Radiant Dawn,Legend,13.3059,271.67,49829.0,,116.08,https://riftbound.gg/decks/leona-top-64-chengdu-regional/
749,piltoverarchive,a9244c0b-c488-4b96-9328-86f16bc42c86,Viktor 39 Spell WIP,"Viktor, Herald of the Arcane",Legend,13.3053,39.25,5900.0,1,30.00,https://piltoverarchive.com/decks/view/a9244c0b-c488-4b96-9328-86f16bc42c86
750,riftboundgg,ahri-nine-tailed-fox-deck-3v01n,Ahri Nine-Tailed Fox Deck,Ahri - Nine-Tailed Fox,Legend,13.2914,650.86,59329.0,,274.21,https://riftbound.gg/decks/ahri-nine-tailed-fox-deck-3v01n/
751,riftboundgg,miss-fortune-top-128-nanjing-regional,Miss Fortune Top 128 Nanjing Regional,"Miss Fortune, Bounty Hunter (Origins Release Event Promo)",Legend,13.2902,223.56,35094.0,,0.90,https://riftbound.gg/decks/miss-fortune-top-128-nanjing-regional/
752,riftboundgg,ahri-nine-tailed-fox-deck-r4idr,Ahri Nine-Tailed Fox Deck,Ahri - Nine-Tailed Fox,Legend,13.2730,649.82,51250.0,,274.22,https://riftbound.gg/decks/ahri-nine-tailed-fox-deck-r4idr/
753,piltoverarchive,9914ec3c-1059-42bd-9613-df9542e618eb,Ahri control,"Ahri, Nine-Tailed Fox",Legend,13.2664,251.28,1600.0,0,90.00,https://piltoverarchive.com/decks/view/9914ec3c-1059-42bd-9613-df9542e618eb
754,riftboundgg,ahri-nine-tailed-fox-deck-dysg2,Ahri Nine-Tailed Fox Deck,Ahri - Nine-Tailed Fox,Legend,13.2651,692.39,42466.0,,278.61,https://riftbound.gg/decks/ahri-nine-tailed-fox-deck-dysg2/
755,piltoverarchive,7d482fff-35ef-4154-a4d3-cd6ebb828a74,[SET 2] Fiora,"Fiora, Grand Duelist",Legend,13.2628,106.93,1300.0,0,30.00,https://piltoverarchive.com/decks/view/7d482fff-35ef-4154-a4d3-cd6ebb828a74
756,piltoverarchive,f31fe466-9fde-406c-8a98-d9f62959605d,discard jinx set 2,"Jinx, Loose Cannon",Legend,13.2606,509.95,1000.0,0,30.00,https://piltoverarchive.com/decks/view/f31fe466-9fde-406c-8a98-d9f62959605d
757,piltoverarchive,a68c3e82-6f82-477e-8739-63212b8e9348,【City Challenge】 Dongguan Station - #9,"Ahri, Nine-Tailed Fox",Legend,13.2544,244.92,1600.0,0,90.00,https://piltoverarchive.com/decks/view/a68c3e82-6f82-477e-8739-63212b8e9348
758,riftboundgg,ahri-skirmish-winner,Ahri Skirmish Winner,Ahri - Nine-Tailed Fox,Legend,13.2466,266.75,23784.0,,167.57,https://riftbound.gg/decks/ahri-skirmish-winner/
759,piltoverarchive,d6cb2400-5c09-4509-b5ab-35299ff33415,[Set 2] Ornn,"Ornn, Fire Below the Mountain",Legend,13.2448,243.22,4400.0,3,25.00,https://piltoverarchive.com/decks/view/d6cb2400-5c09-4509-b5ab-35299ff33415
760,piltoverarchive,7cbb171a-53ad-4dd1-b9d8-9dc8792031b7,reksai testing,"Rek'Sai, Void Burrower",Legend,13.2277,302.01,1500.0,0,30.00,https://piltoverarchive.com/decks/view/7cbb171a-53ad-4dd1-b9d8-9dc8792031b7
761,piltoverarchive,da3a57ae-a840-413f-a3f8-20f8a7db1ac1,China’s No.1 Viktor — 29th place at the Shanghai National Open. By pinkp,"Viktor, Herald of the Arcane",Legend,13.2246,41.57,64000.0,1,90.00,https://piltoverarchive.com/decks/view/da3a57ae-a840-413f-a3f8-20f8a7db1ac1
762,riftboundgg,ahri-nine-tailed-fox-deck-copy-64wo0,Ahri Nine-Tailed Fox Deck - copy,Ahri - Nine-Tailed Fox,Legend,13.2223,620.05,42215.0,,275.74,https://riftbound.gg/decks/ahri-nine-tailed-fox-deck-copy-64wo0/
763,riftboundgg,ahri-city-challenge-winner,Ahri City Challenge Winner,Ahri - Nine-Tailed Fox,Legend,13.2188,304.88,30353.0,,189.50,https://riftbound.gg/decks/ahri-city-challenge-winner/
764,piltoverarchive,beadecdb-e4f2-46f3-9e8d-4b044af49753,mf aggro,"Miss Fortune, Bounty Hunter",Legend,13.2142,233.51,1400.0,0,60.00,https://piltoverarchive.com/decks/view/beadecdb-e4f2-46f3-9e8d-4b044af49753
765,piltoverarchive,7209fd9d-beb9-4afb-8f9c-da7124a0c2a3,Glorious Evolution! (Midrange Viktor),"Viktor, Herald of the Arcane",Legend,13.2008,45.92,17700.0,4,120.00,https://piltoverarchive.com/decks/view/7209fd9d-beb9-4afb-8f9c-da7124a0c2a3
766,riftboundgg,miss-fortune-top-8-shenyang-city-challenge,Miss Fortune Top 8 Shenyang City Challenge,Miss Fortune - Bounty Hunter,Legend,13.2004,234.15,26018.0,,128.51,https://riftbound.gg/decks/miss-fortune-top-8-shenyang-city-challenge/
767,piltoverarchive,b87822d3-565a-4f1a-b095-7c0ac421ac3f,1st place (Ascension League - Top Cut) - 09/11/2025,"Kai'Sa, Daughter of the Void",Legend,13.2003,126.79,17300.0,0,90.00,https://piltoverarchive.com/decks/view/b87822d3-565a-4f1a-b095-7c0ac421ac3f
768,riftboundgg,teemo-top-128-fuzhou-regional,Teemo Top 128 Fuzhou Regional,Teemo - Swift Scout,Legend,13.1993,441.95,24901.0,,121.07,https://riftbound.gg/decks/teemo-top-128-fuzhou-regional/
769,piltoverarchive,d3cf2fce-e174-41ec-80ad-404735027918,Darius 29 - 5 tournament stats,"Darius, Hand of Noxus",Legend,13.1913,313.16,38200.0,1,60.00,https://piltoverarchive.com/decks/view/d3cf2fce-e174-41ec-80ad-404735027918
770,piltoverarchive,18c83e00-9c74-4361-ada1-b1b9e2f5344c,Top 4 - Riftlab Contenders: London - X0TCG&#x27;s Kai&#x27;Sa,"Kai'Sa, Daughter of the Void",Legend,13.1783,128.72,2400.0,1,60.00,https://piltoverarchive.com/decks/view/18c83e00-9c74-4361-ada1-b1b9e2f5344c
771,piltoverarchive,b3315146-77d9-4340-88df-52876e42348b,Annie 2.6,"Annie, Dark Child",Legend,13.1719,215.47,2800.0,1,60.00,https://piltoverarchive.com/decks/view/b3315146-77d9-4340-88df-52876e42348b
772,riftboundgg,ahri-nine-tailed-fox-deck-nyt7l,Ahri Nine-Tailed Fox Deck,Ahri - Nine-Tailed Fox,Legend,13.1689,565.34,84741.0,,303.69,https://riftbound.gg/decks/ahri-nine-tailed-fox-deck-nyt7l/
773,piltoverarchive,a6a14760-7f03-4eb3-8b4d-611d3ebd68c8,#1 Guangzhou City Challenge,"Viktor, Herald of the Arcane",Legend,13.1669,41.34,11100.0,0,60.00,https://piltoverarchive.com/decks/view/a6a14760-7f03-4eb3-8b4d-611d3ebd68c8
774,piltoverarchive,786611f8-08cd-4801-86c6-d71ed46387c5,Top 8 - Riftlab Contenders: London - Crowcola&#x27;s Viktor,"Viktor, Herald of the Arcane",Legend,13.1496,40.42,15900.0,0,60.00,https://piltoverarchive.com/decks/view/786611f8-08cd-4801-86c6-d71ed46387c5
775,piltoverarchive,aa6592d9-724e-48c1-a6b9-2ac882327352,【City Challenge】Guangzhou Station - #12,"Sett, The Boss",Legend,13.1436,136.01,1600.0,0,60.00,https://piltoverarchive.com/decks/view/aa6592d9-724e-48c1-a6b9-2ac882327352
776,piltoverarchive,1d5c0fe8-d4a0-4a14-ad33-5f915d9526a9,Viktor Midrange,"Viktor, Herald of the Arcane",Legend,13.1434,39.90,2800.0,0,28.00,https://piltoverarchive.com/decks/view/1d5c0fe8-d4a0-4a14-ad33-5f915d9526a9
777,riftboundgg,arhi-chinese-national-119th,Arhi Chinese National 119th,Ahri - Nine-Tailed Fox,Legend,13.1398,304.90,23999.0,,197.56,https://riftbound.gg/decks/arhi-chinese-national-119th/
778,piltoverarchive,f65a96fa-36de-4ef0-99d4-1b2e9fb131d7,#17 Viktor - SCGCON Atlanta 10k - AlexTga,"Viktor, Herald of the Arcane",Legend,13.1378,41.52,1700.0,0,30.00,https://piltoverarchive.com/decks/view/f65a96fa-36de-4ef0-99d4-1b2e9fb131d7
779,piltoverarchive,af739ef2-1ae7-4948-9463-50ff5a1a26eb,Skirmish Batsu,"Darius, Hand of Noxus",Legend,13.1329,333.48,3700.0,0,30.00,https://piltoverarchive.com/decks/view/af739ef2-1ae7-4948-9463-50ff5a1a26eb
780,riftboundgg,ahri-nine-tailed-fox-deck-wmv99,Ahri Nine-Tailed Fox Deck,Ahri - Nine-Tailed Fox,Legend,13.1327,562.40,22194.0,,265.51,https://riftbound.gg/decks/ahri-nine-tailed-fox-deck-wmv99/
781,riftboundgg,ahri-nine-tailed-fox-deck-4xeft,Ahri Nine-Tailed Fox Deck,Ahri - Nine-Tailed Fox,Legend,13.1254,733.42,14240.0,,290.88,https://riftbound.gg/decks/ahri-nine-tailed-fox-deck-4xeft/
782,riftboundgg,samabr-2nd-maxtapera-tournament-copy-2-w1n91,SamaBR: 2nd - MaxTapera Tournament - copy 2,Ahri - Nine-Tailed Fox,Legend,13.1225,561.25,23265.0,,269.99,https://riftbound.gg/decks/samabr-2nd-maxtapera-tournament-copy-2-w1n91/
783,riftboundgg,ahri-nine-tailed-fox-deck-stwk9,Ahri Nine-Tailed Fox Deck,Ahri - Nine-Tailed Fox,Legend,13.1196,426.20,64422.0,,269.69,https://riftbound.gg/decks/ahri-nine-tailed-fox-deck-stwk9/
784,piltoverarchive,9680a2c3-2d02-4379-9147-94628037abd7,Runes and Rift 3rd,"Lucian, Purifier",Legend,13.1179,272.24,1500.0,0,30.00,https://piltoverarchive.com/decks/view/9680a2c3-2d02-4379-9147-94628037abd7
785,riftboundgg,ezreal-prodigal-explorer-deck-98uxo,Ezreal - Prodigal Explorer Deck,Ezreal - Prodigal Explorer,Legend,13.1163,263.73,2.0,,0.13,https://riftbound.gg/decks/ezreal-prodigal-explorer-deck-98uxo/
786,piltoverarchive,985d8c70-17ea-423d-b5bb-f2f40123a922,Draven aggro,"Draven, Glorious Executioner",Legend,13.1132,114.17,2400.0,0,30.00,https://piltoverarchive.com/decks/view/985d8c70-17ea-423d-b5bb-f2f40123a922
787,riftboundgg,viktor-herald-of-the-arcane-deck-ksqk5,Viktor Herald of the Arcane Deck,Viktor - Herald of the Arcane,Legend,13.1124,52.99,23104.0,,290.39,https://riftbound.gg/decks/viktor-herald-of-the-arcane-deck-ksqk5/
788,riftboundgg,ahri-nine-tailed-fox-deck-xe1a8,Ahri Nine-Tailed Fox Deck,Ahri - Nine-Tailed Fox,Legend,13.1121,565.85,57464.0,,308.18,https://riftbound.gg/decks/ahri-nine-tailed-fox-deck-xe1a8/
789,piltoverarchive,4acc0a61-ef37-48e1-822b-a9fcaa3f15f9,Top 32 Lucian fuzhou regional,"Lucian, Purifier",Legend,13.0974,237.22,3900.0,7,27.00,https://piltoverarchive.com/decks/view/4acc0a61-ef37-48e1-822b-a9fcaa3f15f9
790,piltoverarchive,d47ef0ae-319c-4ee3-8c76-c491ef57e0c5,2nd place group A (Ascension League Season 2 - Stage 2) - 13/01/2026,"Lucian, Purifier",Legend,13.0952,239.98,5400.0,4,30.00,https://piltoverarchive.com/decks/view/d47ef0ae-319c-4ee3-8c76-c491ef57e0c5
791,piltoverarchive,fc56eab0-5964-43e9-aee5-806e33b475c6,3rd place group B (Ascension League - Stage 6) - 27/10/2025,"Master Yi, Wuju Bladesman",Legend,13.0903,92.74,7900.0,0,120.00,https://piltoverarchive.com/decks/view/fc56eab0-5964-43e9-aee5-806e33b475c6
792,piltoverarchive,0d5f1907-de0b-4567-b036-6c0900ae083c,[Set 2] Jinx,"Jinx, Loose Cannon",Legend,13.0881,309.35,2600.0,0,25.00,https://piltoverarchive.com/decks/view/0d5f1907-de0b-4567-b036-6c0900ae083c
793,piltoverarchive,0c49fd6b-8fb9-445f-becc-699eb93e6fe1,Annie - Top 1 Skirmish Citadel,"Annie, Dark Child",Legend,13.0861,221.16,5400.0,0,90.00,https://piltoverarchive.com/decks/view/0c49fd6b-8fb9-445f-becc-699eb93e6fe1
794,riftboundgg,ahri-tl,Ahri TL,Ahri - Nine-Tailed Fox,Legend,13.0778,278.73,28375.0,,206.56,https://riftbound.gg/decks/ahri-tl/
795,riftboundgg,best-ornn-vegas-t64,Best Ornn Vegas T64,Ornn - Fire Below the Mountain,Legend,13.0689,264.28,21903.0,,0.30,https://riftbound.gg/decks/best-ornn-vegas-t64/
796,piltoverarchive,64c20a31-edab-46d0-b936-f54368e832e3,Rek’Sai Draft SFD,"Rek'Sai, Void Burrower",Legend,13.0628,373.14,3100.0,0,60.00,https://piltoverarchive.com/decks/view/64c20a31-edab-46d0-b936-f54368e832e3
797,riftboundgg,jinx-on-a-budget,Jinx On a Budget,Jinx - Loose Cannon,Legend,13.0626,373.85,15147.0,,86.06,https://riftbound.gg/decks/jinx-on-a-budget/
798,piltoverarchive,e84e269b-9a0a-4bbf-8281-25e42bbb5311,Azir buff soldiers,"Azir, Emperor of the Sands",Legend,13.0563,104.28,1600.0,0,60.00,https://piltoverarchive.com/decks/view/e84e269b-9a0a-4bbf-8281-25e42bbb5311
799,riftboundgg,freakz-4-0-riftlab-clash-ii-aug-23rd,Freakz: 4-0 - Riftlab Clash II (Aug 23rd),Kai'Sa - Daughter of the Void,Legend,13.0530,142.27,255782.0,,263.42,https://riftbound.gg/decks/freakz-4-0-riftlab-clash-ii-aug-23rd/
800,piltoverarchive,67945bc5-6155-4ec1-84de-be105deb3539,Origins - Miss Fortune - V1.5,"Miss Fortune, Bounty Hunter",Legend,13.0425,174.90,3800.0,0,13.00,https://piltoverarchive.com/decks/view/67945bc5-6155-4ec1-84de-be105deb3539
801,riftboundgg,ahri-nine-tailed-fox-deck-3emmv,Ahri Nine-Tailed Fox Deck,Ahri - Nine-Tailed Fox,Legend,13.0400,516.40,66654.0,,324.00,https://riftbound.gg/decks/ahri-nine-tailed-fox-deck-3emmv/
802,riftboundgg,fox,fox,Ahri - Nine-Tailed Fox,Legend,13.0389,588.90,22047.0,,302.83,https://riftbound.gg/decks/fox/
803,riftboundgg,ahri-nine-tailed-fox-deck-cwbe4,Ahri Nine-Tailed Fox Deck,Ahri - Nine-Tailed Fox,Legend,13.0333,552.54,22352.0,,294.88,https://riftbound.gg/decks/ahri-nine-tailed-fox-deck-cwbe4/
804,riftboundgg,jax-top-32-shanghai-city-challenge,Jax Top 32 Shanghai City Challenge,Jax - Grandmaster at Arms,Legend,13.0272,128.01,23439.0,,128.33,https://riftbound.gg/decks/jax-top-32-shanghai-city-challenge/
805,riftboundgg,al808-1st-maxtapera-tournament,Al808: 1st - MaxTapera Tournament,Viktor - Herald of the Arcane,Legend,13.0247,47.13,11237837.0,,265.02,https://riftbound.gg/decks/al808-1st-maxtapera-tournament/
806,piltoverarchive,120c5496-ea7a-42c0-b1df-5d80e48a04db,Summoner Skirmish,"Ahri, Nine-Tailed Fox",Legend,13.0241,209.25,2000.0,1,60.00,https://piltoverarchive.com/decks/view/120c5496-ea7a-42c0-b1df-5d80e48a04db
807,riftboundgg,ahri-nine-tailed-fox-deck-copy-kkhci,Ahri Nine-Tailed Fox Deck - copy,Ahri - Nine-Tailed Fox,Legend,13.0231,587.48,19530.0,,303.21,https://riftbound.gg/decks/ahri-nine-tailed-fox-deck-copy-kkhci/
808,piltoverarchive,c10cab7c-4e8d-4ac0-bdf6-92bbd73a792f,Turn 2 Blornn - Always go second,"Ornn, Fire Below the Mountain",Legend,13.0220,292.61,6000.0,0,60.00,https://piltoverarchive.com/decks/view/c10cab7c-4e8d-4ac0-bdf6-92bbd73a792f
809,riftboundgg,ahri-nine-tailed-fox-deck-mvza3,Ahri Nine-Tailed Fox Deck,Ahri - Nine-Tailed Fox,Legend,13.0111,559.46,22931.0,,305.82,https://riftbound.gg/decks/ahri-nine-tailed-fox-deck-mvza3/
810,piltoverarchive,6b4dd89f-9013-4ef5-a318-252f62d6fbd9,Jinx Reanimator V2,"Jinx, Loose Cannon",Legend,13.0106,316.28,2100.0,0,30.00,https://piltoverarchive.com/decks/view/6b4dd89f-9013-4ef5-a318-252f62d6fbd9
811,piltoverarchive,3991234d-b000-47ff-b298-17d6baf8bb86,1st Place Chinese City Tournament,"Annie, Dark Child",Legend,13.0086,216.82,21200.0,1,120.00,https://piltoverarchive.com/decks/view/3991234d-b000-47ff-b298-17d6baf8bb86
812,piltoverarchive,cfba6410-0018-4579-94f4-ee86a76e44f0,Chongqing Regional open - 1st Place,"Kai'Sa, Daughter of the Void",Legend,13.0086,137.80,11000.0,0,150.00,https://piltoverarchive.com/decks/view/cfba6410-0018-4579-94f4-ee86a76e44f0
813,piltoverarchive,ac085d15-5c3a-4098-bb94-c8d0c57570cb,Rek&#x27;d with Hook,"Rek'Sai, Void Burrower",Legend,12.9989,342.25,2600.0,1,60.00,https://piltoverarchive.com/decks/view/ac085d15-5c3a-4098-bb94-c8d0c57570cb
814,piltoverarchive,507da79d-677f-4d35-9b8f-81bea4fdaac3,Tempo Viktor - Skirmish Ready,"Viktor, Herald of the Arcane",Legend,12.9984,39.31,2600.0,0,30.00,https://piltoverarchive.com/decks/view/507da79d-677f-4d35-9b8f-81bea4fdaac3
815,riftboundgg,samabr-2nd-maxtapera-tournament-copy-2-xiyfi,SamaBR: 2nd - MaxTapera Tournament - copy 2,Ahri - Nine-Tailed Fox,Legend,12.9961,561.67,13946.0,,291.55,https://riftbound.gg/decks/samabr-2nd-maxtapera-tournament-copy-2-xiyfi/
816,piltoverarchive,f79804d1-a423-4503-880f-e90e19980973,Emperor Ornn v1.0,"Ornn, Fire Below the Mountain",Legend,12.9929,244.34,3700.0,0,30.00,https://piltoverarchive.com/decks/view/f79804d1-a423-4503-880f-e90e19980973
817,piltoverarchive,b6b698f8-469b-4d0a-841e-fdd1b0dd4490,YXE Summoner Skirmish 1 – 1st Place – Harablo,"Master Yi, Wuju Bladesman",Legend,12.9819,86.51,7200.0,0,90.00,https://piltoverarchive.com/decks/view/b6b698f8-469b-4d0a-841e-fdd1b0dd4490
818,piltoverarchive,5c99734e-b5f8-4901-ad80-d04a33b49c3d,Winter League Bologna - 01/10/26 - Top16 - M. Ficorilli,"Rek'Sai, Void Burrower",Legend,12.9817,211.76,12700.0,9,30.00,https://piltoverarchive.com/decks/view/5c99734e-b5f8-4901-ad80-d04a33b49c3d
819,piltoverarchive,37148532-2290-4572-9d7c-9e6b0955ab04,(outdated check description for link) Igzolt&#x27;s Ornn 1.1,"Ornn, Fire Below the Mountain",Legend,12.9742,252.96,12600.0,0,60.00,https://piltoverarchive.com/decks/view/37148532-2290-4572-9d7c-9e6b0955ab04
820,riftboundgg,ahri-nine-tailed-fox-deck-xg2ph,Ahri Nine-Tailed Fox Deck,Ahri - Nine-Tailed Fox,Legend,12.9623,432.73,25012.0,,284.73,https://riftbound.gg/decks/ahri-nine-tailed-fox-deck-xg2ph/
821,piltoverarchive,b91092ef-843f-4aa6-81fd-b222652da7aa,Here to Help Miss Fortune aggro,"Miss Fortune, Bounty Hunter",Legend,12.9475,206.77,1000.0,0,30.00,https://piltoverarchive.com/decks/view/b91092ef-843f-4aa6-81fd-b222652da7aa
822,riftboundgg,jinx-top-8-at-zhongshan-city-challenge,Jinx Top 8 at Zhongshan City Challenge,Jinx - Loose Cannon,Legend,12.9447,608.74,23132.0,,128.52,https://riftbound.gg/decks/jinx-top-8-at-zhongshan-city-challenge/
823,piltoverarchive,3a8af619-e3d0-48c9-845c-ca209b7a8c7e,Ornn makes Ezreal Full Build,"Ornn, Fire Below the Mountain",Legend,12.9284,263.81,783.0,0,24.00,https://piltoverarchive.com/decks/view/3a8af619-e3d0-48c9-845c-ca209b7a8c7e
824,piltoverarchive,f5753c7f-948b-4b9d-b432-fa050a1b8be7,Get down Mr. President,"Ornn, Fire Below the Mountain",Legend,12.9210,235.64,3100.0,0,23.00,https://piltoverarchive.com/decks/view/f5753c7f-948b-4b9d-b432-fa050a1b8be7
825,piltoverarchive,60bc6d44-fbff-4fd0-8d01-889174c21a89,anti meta lux,"Lux, Lady of Luminosity",Legend,12.9199,197.11,6100.0,0,15.00,https://piltoverarchive.com/decks/view/60bc6d44-fbff-4fd0-8d01-889174c21a89
826,riftboundgg,fiora-wins-s3-beijing-city-challenge-copy-77bho,Fiora wins S3 Beijing City Challenge - copy,Fiora - Grand Duelist,Legend,12.9127,339.56,22.0,,0.26,https://riftbound.gg/decks/fiora-wins-s3-beijing-city-challenge-copy-77bho/
827,piltoverarchive,9defb83b-d2a3-40bd-89aa-bf520b0d31b2,Jinx Reanimator,"Jinx, Loose Cannon",Legend,12.9116,437.38,7200.0,0,90.00,https://piltoverarchive.com/decks/view/9defb83b-d2a3-40bd-89aa-bf520b0d31b2
828,riftboundgg,renata-glasc-chem-baroness-deck-ie6ih,Renata Glasc - Chem-Baroness Deck,Viktor - Herald of the Arcane,Legend,12.9115,92.67,10.0,,1.18,https://riftbound.gg/decks/renata-glasc-chem-baroness-deck-ie6ih/
829,riftboundgg,miss-fortune-top-128-fuzhou-regional,Miss Fortune Top 128 Fuzhou Regional,"Miss Fortune, Bounty Hunter (Origins Release Event Promo)",Legend,12.9113,218.81,24918.0,,121.08,https://riftbound.gg/decks/miss-fortune-top-128-fuzhou-regional/
830,piltoverarchive,6664587a-8542-47f9-9cd9-c1b6aff22672,【City Challenge】Chengdu Station - #10,"Rek'Sai, Void Burrower",Legend,12.9108,314.45,2400.0,0,60.00,https://piltoverarchive.com/decks/view/6664587a-8542-47f9-9cd9-c1b6aff22672
831,piltoverarchive,0d243106-3e88-4d12-8fd1-a7a7cc6e3b5f,Guangzhou City Challenge 28th December - Top32 - JаyJ•洋牌尼尔,"Jinx, Loose Cannon",Legend,12.9053,362.65,2400.0,0,60.00,https://piltoverarchive.com/decks/view/0d243106-3e88-4d12-8fd1-a7a7cc6e3b5f
832,piltoverarchive,8dfd5b7e-b818-4d93-a63e-cfa42579181f,Yi skirmish,"Master Yi, Wuju Bladesman",Legend,12.8981,81.67,838.0,0,30.00,https://piltoverarchive.com/decks/view/8dfd5b7e-b818-4d93-a63e-cfa42579181f
833,piltoverarchive,af4abdf6-8a0f-41d5-a51d-2bfaccadd980,Winter League Bologna - 01/10/26 - Top8 - K. Gаwаsmeh,"Kai'Sa, Daughter of the Void",Legend,12.8979,107.01,3600.0,1,30.00,https://piltoverarchive.com/decks/view/af4abdf6-8a0f-41d5-a51d-2bfaccadd980
834,riftboundgg,fiora-grand-duelist-deck-zdhtk,Fiora - Grand Duelist Deck,Fiora - Grand Duelist,Legend,12.8908,2727.12,12.0,,0.34,https://riftbound.gg/decks/fiora-grand-duelist-deck-zdhtk/
835,piltoverarchive,c23cfe58-ca62-4bec-8425-7a8b54329047,Shes rek&#x27;in till i sai,"Rek'Sai, Void Burrower",Legend,12.8906,338.74,1800.0,1,60.00,https://piltoverarchive.com/decks/view/c23cfe58-ca62-4bec-8425-7a8b54329047
836,riftboundgg,ahri-nine-tailed-fox-deck-64jlp,Ahri Nine-Tailed Fox Deck,Ahri - Nine-Tailed Fox,Legend,12.8884,405.09,15066.0,,279.12,https://riftbound.gg/decks/ahri-nine-tailed-fox-deck-64jlp/
837,piltoverarchive,33669791-344f-4e65-ad93-86f7ca6d9914,【City Challenge】Chengdu Station - #30,"Rek'Sai, Void Burrower",Legend,12.8869,333.41,2000.0,0,60.00,https://piltoverarchive.com/decks/view/33669791-344f-4e65-ad93-86f7ca6d9914
838,riftboundgg,ahri-deck-v01,Ahri Deck v0.1,Ahri - Nine-Tailed Fox,Legend,12.8802,371.77,26873.0,,291.13,https://riftbound.gg/decks/ahri-deck-v01/
839,riftboundgg,viktor-herald-of-the-arcane-deck-7k80o,Viktor - Herald of the Arcane Deck,Viktor - Herald of the Arcane,Legend,12.8778,193.20,3.0,,0.02,https://riftbound.gg/decks/viktor-herald-of-the-arcane-deck-7k80o/
840,piltoverarchive,bb360d01-eac3-4cb4-b436-d4c77c35ce85,Nexus Night Winner Victor,"Viktor, Herald of the Arcane",Legend,12.8711,41.17,894.0,0,30.00,https://piltoverarchive.com/decks/view/bb360d01-eac3-4cb4-b436-d4c77c35ce85
841,riftboundgg,kaisa-wins-runes-rift-open-12-copy-0wibr,Kai'sa wins Runes & Rift Open 12 - copy,Kai'Sa - Daughter of the Void,Legend,12.8668,228.20,82.0,,1.54,https://riftbound.gg/decks/kaisa-wins-runes-rift-open-12-copy-0wibr/
842,piltoverarchive,a5ac1951-ee23-4f7c-9e0c-e4992d75d53b,Snack&#x27;s Miss Fortune (Best Version Set 1),"Miss Fortune, Bounty Hunter",Legend,12.8544,181.54,23500.0,3,60.00,https://piltoverarchive.com/decks/view/a5ac1951-ee23-4f7c-9e0c-e4992d75d53b
843,piltoverarchive,90890be3-5742-4aba-8160-1acb725c6a9d,Shanghai City Challenge 2nd Place,"Ornn, Fire Below the Mountain",Legend,12.8517,228.95,4400.0,3,30.00,https://piltoverarchive.com/decks/view/90890be3-5742-4aba-8160-1acb725c6a9d
844,riftboundgg,best-origins-leona,Best Origins Leona,Leona - Radiant Dawn,Legend,12.8440,236.95,30616.0,,150.74,https://riftbound.gg/decks/best-origins-leona/
845,piltoverarchive,6e0d82db-ff07-4203-a01e-9cbfae32f72e,Annie - 1st Chinese City Challenge,"Annie, Dark Child",Legend,12.8438,217.11,2900.0,0,90.00,https://piltoverarchive.com/decks/view/6e0d82db-ff07-4203-a01e-9cbfae32f72e
846,riftboundgg,pedro-silva-4-0-riftlab-clash-i-aug-22nd,Pedro Silva: 4-0 - Riftlab Clash I (Aug 22nd),Leona - Radiant Dawn,Legend,12.8414,244.87,2952444.0,,266.09,https://riftbound.gg/decks/pedro-silva-4-0-riftlab-clash-i-aug-22nd/
847,riftboundgg,best-lucian-from-bologna,Best Lucian from Bologna,Lucian - Purifier,Legend,12.8341,261.39,25864.0,,88.06,https://riftbound.gg/decks/best-lucian-from-bologna/
848,piltoverarchive,2fc9914f-b8d4-44db-b186-e74b572747c0,Darius Saturday Skirmish Winner,"Darius, Hand of Noxus",Legend,12.8285,317.47,1700.0,0,30.00,https://piltoverarchive.com/decks/view/2fc9914f-b8d4-44db-b186-e74b572747c0
849,riot-bologna,riot-bologna-320-daakkotah97,Bologna #320 - Daakkotah97,"Leona, Radiant Dawn",Legend,12.8275,262.20,,,210.35,https://riftbound.leagueoflegends.com/en-us/news/organizedplay/the-best-decks-out-of-bologna/
850,piltoverarchive,77802fe2-0aab-401e-893c-dc7ba6a226b9,Fiora Starter Deck,"Fiora, Grand Duelist",Legend,12.8224,93.13,3900.0,1,30.00,https://piltoverarchive.com/decks/view/77802fe2-0aab-401e-893c-dc7ba6a226b9
851,riftboundgg,liz-5-8th-hangzhou-regionals-tournament-sep-2025,Liz: 5-8th - Hangzhou Regionals Tournament (Sep 2025),Ahri - Nine-Tailed Fox,Legend,12.8177,234.68,33616.0,,246.99,https://riftbound.gg/decks/liz-5-8th-hangzhou-regionals-tournament-sep-2025/
852,piltoverarchive,b71f0555-ec47-4e6c-9c33-8c66ae937624,Kaisa,"Kai'Sa, Daughter of the Void",Legend,12.8174,127.41,3100.0,0,90.00,https://piltoverarchive.com/decks/view/b71f0555-ec47-4e6c-9c33-8c66ae937624
853,piltoverarchive,593d5187-f4f8-4d9c-99ae-41389430e0be,Houston top 64 Darius Hook,"Darius, Hand of Noxus",Legend,12.8100,313.72,10500.0,0,60.00,https://piltoverarchive.com/decks/view/593d5187-f4f8-4d9c-99ae-41389430e0be
854,piltoverarchive,932c0a18-d380-46b6-ae0a-2404bce883a6,Control Viktor 14-3 Nexus Nights,"Viktor, Herald of the Arcane",Legend,12.7829,41.35,12300.0,0,90.00,https://piltoverarchive.com/decks/view/932c0a18-d380-46b6-ae0a-2404bce883a6
855,riftboundgg,fiora-grand-duelist-deck-m4f1o,Fiora - Grand Duelist Deck,Fiora - Grand Duelist,Legend,12.7793,575.62,12.0,,1.25,https://riftbound.gg/decks/fiora-grand-duelist-deck-m4f1o/
856,riftboundgg,master-yi-wins-city-league-fujian-grand-final-copy-aal5d,Master Yi wins City League: Fujian - Grand Final - copy,Master Yi - Wuju Bladesman,Legend,12.7703,272.90,39.0,,1.54,https://riftbound.gg/decks/master-yi-wins-city-league-fujian-grand-final-copy-aal5d/
857,riftboundgg,master-yi-wuju-bladesman-starter-deck-gy2ye,Master Yi - Wuju Bladesman - Starter Deck,Master Yi - Wuju Bladesman,Legend,12.7669,171.09,148.0,,0.71,https://riftbound.gg/decks/master-yi-wuju-bladesman-starter-deck-gy2ye/
858,riftboundgg,teemo-signature-deck-yzq0g,Teemo Signature Deck,Teemo - Swift Scout,Legend,12.7633,828.56,243245.0,,320.34,https://riftbound.gg/decks/teemo-signature-deck-yzq0g/
859,riftboundgg,ahri-nine-tailed-fox-deck-tzjky,Ahri Nine-Tailed Fox Deck,Ahri - Nine-Tailed Fox,Legend,12.7564,256.42,21303.0,,266.63,https://riftbound.gg/decks/ahri-nine-tailed-fox-deck-tzjky/
860,piltoverarchive,f5b96e45-cb0a-4b11-a5e2-cd00062fe257,Turn 2 Blornn,"Ornn, Fire Below the Mountain",Legend,12.7474,247.13,8300.0,0,60.00,https://piltoverarchive.com/decks/view/f5b96e45-cb0a-4b11-a5e2-cd00062fe257
861,piltoverarchive,fb5a2c0a-fd36-4c6a-a8cf-524bd1c26363,Viktor Spells (City Challenge Winner),"Viktor, Herald of the Arcane",Legend,12.7333,41.32,2400.0,0,60.00,https://piltoverarchive.com/decks/view/fb5a2c0a-fd36-4c6a-a8cf-524bd1c26363
862,piltoverarchive,19a069c9-09be-4fd0-88d1-2b4826a7cc0b,5th place - GanZtrax - Runes &amp; Rift Invitational,"Rek'Sai, Void Burrower",Legend,12.7308,194.69,15500.0,10,29.00,https://piltoverarchive.com/decks/view/19a069c9-09be-4fd0-88d1-2b4826a7cc0b
863,piltoverarchive,7752d3d1-255c-4b31-9260-f2a1ef8adc42,Best-Of Kai&#x27;Sa - 10th Place - Fuzhou Regional Open,"Kai'Sa, Daughter of the Void",Legend,12.7278,109.20,1400.0,1,27.00,https://piltoverarchive.com/decks/view/7752d3d1-255c-4b31-9260-f2a1ef8adc42
864,piltoverarchive,771f5d1d-8586-4bd6-901e-455d52a6d89b,BELIEVE IN THE QUEEN,"Rek'Sai, Void Burrower",Legend,12.7190,301.72,1300.0,0,60.00,https://piltoverarchive.com/decks/view/771f5d1d-8586-4bd6-901e-455d52a6d89b
865,piltoverarchive,280d2302-c22d-4bb9-8895-adab898a7748,Guangzhou 18th,"Jax, Grandmaster at Arms",Legend,12.7158,105.42,2200.0,1,30.00,https://piltoverarchive.com/decks/view/280d2302-c22d-4bb9-8895-adab898a7748
866,riftboundgg,fiora-grand-duelist-deck-copy-btieb,Fiora - Grand Duelist Deck - copy,Fiora - Grand Duelist,Legend,12.6965,363.68,23.0,,0.87,https://riftbound.gg/decks/fiora-grand-duelist-deck-copy-btieb/
867,piltoverarchive,dc4df112-aae2-4c15-b531-836781ab29b7,Shanghai National Open - 2nd Place,"Master Yi, Wuju Bladesman",Legend,12.6957,74.59,47400.0,1,90.00,https://piltoverarchive.com/decks/view/dc4df112-aae2-4c15-b531-836781ab29b7
868,riftboundgg,leona-tl,Leona TL,Leona - Radiant Dawn,Legend,12.6838,244.67,21693.0,,167.65,https://riftbound.gg/decks/leona-tl/
869,riftboundgg,smallchildlord-5-8th-riftbound-meta-weekly-aug-10th,smallchildlord: 5-8th Riftbound Meta Weekly (Aug 10th),Teemo - Swift Scout,Legend,12.6773,263.60,15344976.0,,280.38,https://riftbound.gg/decks/smallchildlord-5-8th-riftbound-meta-weekly-aug-10th/
870,riftboundgg,best-mf-from-bologna,Best MF From Bologna,Miss Fortune - Bounty Hunter,Legend,12.6713,194.74,22106.0,,88.08,https://riftbound.gg/decks/best-mf-from-bologna/
871,riftboundgg,viktor-herald-of-the-arcane-deck-v7iqa,Viktor Herald of the Arcane Deck,Viktor - Herald of the Arcane,Legend,12.6688,48.97,35047.0,,299.62,https://riftbound.gg/decks/viktor-herald-of-the-arcane-deck-v7iqa/
872,riftboundgg,5-8th-guangzhou-regionals-tournament-aug-2025-yffg0,布莱克: 5-8th - Guangzhou Regionals Tournament (Aug 2025),Teemo - Swift Scout,Legend,12.6684,268.32,4114420.0,,268.05,https://riftbound.gg/decks/5-8th-guangzhou-regionals-tournament-aug-2025-yffg0/
873,riftboundgg,kaisa-daughter-of-the-void-deck-l20iy,Kai'Sa Daughter of the Void Deck,Kai'Sa - Daughter of the Void,Legend,12.6679,140.59,59315.0,,304.13,https://riftbound.gg/decks/kaisa-daughter-of-the-void-deck-l20iy/
874,piltoverarchive,53f5b989-c68e-4e0a-9672-e18261177a30,5x Skirmish Winner - Brisbane,"Sett, The Boss",Legend,12.6612,106.96,2300.0,1,26.00,https://piltoverarchive.com/decks/view/53f5b989-c68e-4e0a-9672-e18261177a30
875,piltoverarchive,2a461e7d-ab46-49b3-8459-3d0e33e67f36,Budget Ahri,"Ahri, Nine-Tailed Fox",Legend,12.6611,189.95,3300.0,0,60.00,https://piltoverarchive.com/decks/view/2a461e7d-ab46-49b3-8459-3d0e33e67f36
876,riftboundgg,prismaticism-2nd-riftbound-meta-weekly-jul-26th,Prismaticism: 2nd - Riftbound Meta Weekly (Jul 26th),Jinx - Loose Cannon,Legend,12.6568,470.58,6352824.0,,290.35,https://riftbound.gg/decks/prismaticism-2nd-riftbound-meta-weekly-jul-26th/
877,piltoverarchive,01a9fcba-613e-43a8-ab3a-a181cc28f9c1,Hangzhou Regional Open - 8th Place,"Kai'Sa, Daughter of the Void",Legend,12.6406,132.81,4300.0,0,150.00,https://piltoverarchive.com/decks/view/01a9fcba-613e-43a8-ab3a-a181cc28f9c1
878,riftboundgg,best-origins-jinx,Best Origins Jinx,Jinx - Loose Cannon,Legend,12.6361,398.47,31609.0,,149.63,https://riftbound.gg/decks/best-origins-jinx/
879,riftboundgg,master-yi-china-national-runner-up,Master Yi China National Runner Up,Master Yi - Wuju Bladesman,Legend,12.6318,88.19,54249.0,,197.50,https://riftbound.gg/decks/master-yi-china-national-runner-up/
880,riftboundgg,lucian-top-32-fuzhou-regional,Lucian Top 32 Fuzhou Regional,Lucian - Purifier,Legend,12.6311,273.30,19663.0,,121.09,https://riftbound.gg/decks/lucian-top-32-fuzhou-regional/
881,riftboundgg,leona-chinese-national-291st,Leona Chinese National 291st,Leona - Radiant Dawn,Legend,12.6286,236.45,51513.0,,197.99,https://riftbound.gg/decks/leona-chinese-national-291st/
882,riftboundgg,ornn-top-64-chengdu-regional,Ornn Top 64 Chengdu Regional,Ornn - Fire Below the Mountain,Legend,12.6272,254.68,54204.0,,116.15,https://riftbound.gg/decks/ornn-top-64-chengdu-regional/
883,piltoverarchive,3f51bb61-b262-48ea-996e-3ec9c9d11114,Jax SF V2,"Jax, Grandmaster at Arms",Legend,12.6264,111.77,742.0,0,30.00,https://piltoverarchive.com/decks/view/3f51bb61-b262-48ea-996e-3ec9c9d11114
884,piltoverarchive,b76b22e6-8354-43b6-8456-7218f10d6c79,Miss Aurora,"Miss Fortune, Bounty Hunter",Legend,12.6145,184.49,1100.0,0,21.00,https://piltoverarchive.com/decks/view/b76b22e6-8354-43b6-8456-7218f10d6c79
885,piltoverarchive,52960a87-0da4-4473-9783-13d7fd4a18c5,1st Place - Fuzhou City Challenge,"Viktor, Herald of the Arcane",Legend,12.5994,29.85,20000.0,7,30.00,https://piltoverarchive.com/decks/view/52960a87-0da4-4473-9783-13d7fd4a18c5
886,riftboundgg,viktor,Viktor,Viktor - Herald of the Arcane,Legend,12.5948,47.59,50887.0,,284.73,https://riftbound.gg/decks/viktor/
887,riftboundgg,tof-fenris-weekly-riftbound-cr-unl-efabe,ToF Fenris  - Weekly Riftbound CR - UNL,Azir - Emperor of the Sands,Legend,12.5943,294.90,218.0,,0.81,https://riftbound.gg/decks/tof-fenris-weekly-riftbound-cr-unl-efabe/
888,riftboundgg,fiora-wins-s3-beijing-city-challenge-copy-i8xyv,Fiora wins S3 Beijing City Challenge - copy,Fiora - Grand Duelist,Legend,12.5890,266.16,13.0,,1.36,https://riftbound.gg/decks/fiora-wins-s3-beijing-city-challenge-copy-i8xyv/
889,piltoverarchive,5c0f5add-eec8-40df-bf8c-b508c5bdcc58,【City Challenge】Chengdu Station - #7,"Yasuo, Unforgiven",Legend,12.5886,359.10,33200.0,3,60.00,https://piltoverarchive.com/decks/view/5c0f5add-eec8-40df-bf8c-b508c5bdcc58
890,piltoverarchive,7c8d9737-cd3c-4657-b8e6-09a21b818dee,1st place group B (Ascension League - Stage 5) - 20/10/2025,"Kai'Sa, Daughter of the Void",Legend,12.5871,125.31,5400.0,0,120.00,https://piltoverarchive.com/decks/view/7c8d9737-cd3c-4657-b8e6-09a21b818dee
891,piltoverarchive,516cf815-a593-4195-8f93-8b7500c16009,1st place group A (Ascension League - Stage 6) - 27/10/2025,"Kai'Sa, Daughter of the Void",Legend,12.5829,116.92,26800.0,1,120.00,https://piltoverarchive.com/decks/view/516cf815-a593-4195-8f93-8b7500c16009
892,piltoverarchive,c0dc97ca-8d65-49e7-8b1c-3a1ffc922d43,Hook Darius (Ben Farris PPG Orlando Top 32),"Darius, Hand of Noxus",Legend,12.5798,319.66,3600.0,0,60.00,https://piltoverarchive.com/decks/view/c0dc97ca-8d65-49e7-8b1c-3a1ffc922d43
893,riftboundgg,reksai-top-64-chengdu-regional,Rek'Sai Top 64 Chengdu Regional,Rek'Sai - Void Burrower,Legend,12.5797,257.69,51662.0,,116.14,https://riftbound.gg/decks/reksai-top-64-chengdu-regional/
894,riftboundgg,ornn-runner-up-shanghai-city-challenge,Ornn Runner Up Shanghai City Challenge,Ornn - Fire Below the Mountain,Legend,12.5791,277.29,28578.0,,128.37,https://riftbound.gg/decks/ornn-runner-up-shanghai-city-challenge/
895,riftboundgg,teemo-swift-scout-deck-6qids,Teemo Swift Scout Deck,Teemo - Swift Scout,Legend,12.5760,711.52,46233.0,,298.49,https://riftbound.gg/decks/teemo-swift-scout-deck-6qids/
896,piltoverarchive,3686f2f5-2e20-4c56-9262-ef2ba0336862,Top 64 Miss Fortune Houston,"Miss Fortune, Bounty Hunter",Legend,12.5744,177.64,16300.0,0,60.00,https://piltoverarchive.com/decks/view/3686f2f5-2e20-4c56-9262-ef2ba0336862
897,riftboundgg,sett-top-64-chengdu-regional,Sett Top 64 Chengdu Regional,Sett - The Boss,Legend,12.5646,123.80,13156.0,,116.08,https://riftbound.gg/decks/sett-top-64-chengdu-regional/
898,riftboundgg,leona-radiant-dawn-deck-w-taric,Leona Radiant Dawn Deck w/ Taric,Leona - Radiant Dawn,Legend,12.5586,465.04,67436.0,,299.43,https://riftbound.gg/decks/leona-radiant-dawn-deck-w-taric/
899,riftboundgg,cheap-leona,Cheap Leona,Leona - Radiant Dawn,Legend,12.5556,222.96,36328.0,,196.57,https://riftbound.gg/decks/cheap-leona/
900,riftboundgg,teemo-swift-scout-deck-kgluq,Teemo Swift Scout Deck,Teemo - Swift Scout,Legend,12.5452,758.14,18389.0,,283.18,https://riftbound.gg/decks/teemo-swift-scout-deck-kgluq/
901,riftboundgg,ahri-nine-tailed-fox-deck-c9n4e,Ahri Nine-Tailed Fox Deck,Ahri - Nine-Tailed Fox,Legend,12.5322,232.33,13334.0,,281.24,https://riftbound.gg/decks/ahri-nine-tailed-fox-deck-c9n4e/
902,riftboundgg,azir-emperor-of-the-sands-deck-saffn,Azir - Emperor of the Sands Deck,Azir - Emperor of the Sands,Legend,12.5202,342.86,139.0,,1.69,https://riftbound.gg/decks/azir-emperor-of-the-sands-deck-saffn/
903,piltoverarchive,bef8baf1-e900-49ab-8c6d-51ab292d3e8c,Darius 1st place summoner skrimish,"Darius, Hand of Noxus",Legend,12.5156,331.34,2700.0,0,60.00,https://piltoverarchive.com/decks/view/bef8baf1-e900-49ab-8c6d-51ab292d3e8c
904,piltoverarchive,31598ac7-9033-4587-947e-e040f4d3335a,1st place (Targon&#x27;s Peak Tournament) - 15/09/2025,"Viktor, Herald of the Arcane",Legend,12.5123,44.42,6200.0,0,150.00,https://piltoverarchive.com/decks/view/31598ac7-9033-4587-947e-e040f4d3335a
905,piltoverarchive,14f8e9fd-8268-44dc-8586-f33fc62eba79,Ornn - Control,"Ornn, Fire Below the Mountain",Legend,12.5120,234.34,1600.0,0,30.00,https://piltoverarchive.com/decks/view/14f8e9fd-8268-44dc-8586-f33fc62eba79
906,riftboundgg,best-origins-miss-fortune,Best Origins Miss Fortune,Miss Fortune - Bounty Hunter,Legend,12.5119,210.11,30379.0,,149.37,https://riftbound.gg/decks/best-origins-miss-fortune/
907,piltoverarchive,9d898cdb-972e-4552-96d1-bd0391401c3e,YXE Summoner Skirmish 1 – 4th Place – MewMing4,"Viktor, Herald of the Arcane",Legend,12.5042,42.46,2100.0,0,90.00,https://piltoverarchive.com/decks/view/9d898cdb-972e-4552-96d1-bd0391401c3e
908,riftboundgg,leona-radiant-dawn-deck-31d59,Leona Radiant Dawn Deck,Leona - Radiant Dawn,Legend,12.5031,384.00,42504.0,,272.68,https://riftbound.gg/decks/leona-radiant-dawn-deck-31d59/
909,riftboundgg,targons-peak-gin-6th-multiplayer-club-weekly-jul-24th,Targon's Peak - Gin: 6th - Multiplayer Club Weekly (Jul 24th),Teemo - Swift Scout,Legend,12.5028,262.45,6328120.0,,290.33,https://riftbound.gg/decks/targons-peak-gin-6th-multiplayer-club-weekly-jul-24th/
910,riftboundgg,master-yi-wuju-bladesman-deck-vc75b,Master Yi Wuju Bladesman Deck,Master Yi - Wuju Bladesman,Legend,12.5020,93.80,57482.0,,316.97,https://riftbound.gg/decks/master-yi-wuju-bladesman-deck-vc75b/
911,riftboundgg,mf-piratinha,MF Piratinha,Miss Fortune - Bounty Hunter,Legend,12.4936,245.53,17513.0,,320.68,https://riftbound.gg/decks/mf-piratinha/
912,piltoverarchive,63743294-3690-497b-80f8-c80366ffa569,Presto 5th place meta weekly 02/08/2025,"Ahri, Nine-Tailed Fox",Legend,12.4794,225.48,4700.0,0,210.00,https://piltoverarchive.com/decks/view/63743294-3690-497b-80f8-c80366ffa569
913,piltoverarchive,c7839703-22a0-40da-ad26-d024cac524d7,Hook Darius v3.0 - UP TO DATE,"Darius, Hand of Noxus",Legend,12.4716,332.12,2300.0,0,60.00,https://piltoverarchive.com/decks/view/c7839703-22a0-40da-ad26-d024cac524d7
914,riftboundgg,leo-calm,leo calm,Leona - Radiant Dawn,Legend,12.4649,383.38,25762.0,,265.66,https://riftbound.gg/decks/leo-calm/
915,riftboundgg,leona-radiant-dawn-deck-91fo2,Leona Radiant Dawn Deck,Leona - Radiant Dawn,Legend,12.4629,393.43,36029.0,,282.14,https://riftbound.gg/decks/leona-radiant-dawn-deck-91fo2/
916,piltoverarchive,5e42e8c8-c94f-46cb-a9a3-a39ef882d021,Sivir Turbo Loop,"Sivir, Battle Mistress",Legend,12.4542,166.07,2100.0,0,60.00,https://piltoverarchive.com/decks/view/5e42e8c8-c94f-46cb-a9a3-a39ef882d021
917,riftboundgg,leona-radiant-dawn-deck-ufiie,Leona Radiant Dawn Deck,Leona - Radiant Dawn,Legend,12.4505,364.57,44733.0,,282.86,https://riftbound.gg/decks/leona-radiant-dawn-deck-ufiie/
918,riftboundgg,master-yi-wuju-bladesman-deck-alarka,Master Yi Wuju Bladesman Deck Alarka,Master Yi - Wuju Bladesman,Legend,12.4464,93.90,32634.0,,316.95,https://riftbound.gg/decks/master-yi-wuju-bladesman-deck-alarka/
919,riftboundgg,azir-emperor-of-the-sands-deck-hm8wx,Azir - Emperor of the Sands Deck,Azir - Emperor of the Sands,Legend,12.4430,342.86,200.0,,1.18,https://riftbound.gg/decks/azir-emperor-of-the-sands-deck-hm8wx/
920,piltoverarchive,c530b107-59aa-4516-bd1a-bea6c71da730,"Azir, the God of Shurima","Azir, Emperor of the Sands",Legend,12.4403,89.94,2400.0,1,60.00,https://piltoverarchive.com/decks/view/c530b107-59aa-4516-bd1a-bea6c71da730
921,riftboundgg,test-test-top-8-tier-1-games-25k-mark-v-copy-3,TEST TEST Top 8 - Tier 1 Games 2.5k - Mark V - copy 3,Leona - Radiant Dawn,Legend,12.4364,441.77,48504.0,,320.37,https://riftbound.gg/decks/test-test-top-8-tier-1-games-25k-mark-v-copy-3/
922,piltoverarchive,8f95f502-12a8-4c2c-bb9b-e7325d778665,Runes and Rift 700$ Cash Cup - 2nd: Batsu - Darius,"Darius, Hand of Noxus",Legend,12.4347,312.16,3000.0,0,60.00,https://piltoverarchive.com/decks/view/8f95f502-12a8-4c2c-bb9b-e7325d778665
923,riftboundgg,jinx,Jinx,Jinx - Loose Cannon,Legend,12.4346,697.89,200886.0,,0.95,https://riftbound.gg/decks/jinx/
924,piltoverarchive,edc87d9b-3580-478b-87b8-845b9d6f3637,Prismaticism - Runes &amp; Rift Invitational,"Ornn, Fire Below the Mountain",Legend,12.4328,221.12,2700.0,0,30.00,https://piltoverarchive.com/decks/view/edc87d9b-3580-478b-87b8-845b9d6f3637
925,riftboundgg,ahri-top-8-city-challenge,Ahri Top 8 City Challenge,Ahri - Nine-Tailed Fox,Legend,12.4273,208.94,14438.0,,175.08,https://riftbound.gg/decks/ahri-top-8-city-challenge/
926,piltoverarchive,52cb589b-9892-4d96-9232-65c39702bfe5,Penta&#x27;s Nocturne Teemo JUMPSCARE,"Teemo, Swift Scout",Legend,12.4271,255.24,29700.0,1,150.00,https://piltoverarchive.com/decks/view/52cb589b-9892-4d96-9232-65c39702bfe5
927,riftboundgg,reksai-top-16-runes-league-italy,Rek'Sai Top 16 Runes League Italy,Rek'Sai - Void Burrower,Legend,12.4270,263.58,25581.0,,128.38,https://riftbound.gg/decks/reksai-top-16-runes-league-italy/
928,piltoverarchive,6045ae67-ac58-4141-a1cc-e20a8ae1ef35,RIFTBOUND TCG $2K! UNDEFEATED Kaisa Deck,"Kai'Sa, Daughter of the Void",Legend,12.4253,112.44,8500.0,0,90.00,https://piltoverarchive.com/decks/view/6045ae67-ac58-4141-a1cc-e20a8ae1ef35
929,riftboundgg,leona-radiant-dawn-deck-s7irb,Leona Radiant Dawn Deck,Leona - Radiant Dawn,Legend,12.4234,462.64,26098.0,,308.27,https://riftbound.gg/decks/leona-radiant-dawn-deck-s7irb/
930,riftboundgg,best-ezreal-from-lille-copy-9p7q8,Best Ezreal from Lille - copy,Ezreal - Prodigal Explorer,Legend,12.4230,216.73,8.0,,0.19,https://riftbound.gg/decks/best-ezreal-from-lille-copy-9p7q8/
931,piltoverarchive,d99fa6f5-5dce-4422-ae30-bf8b3a19b497,2nd Place Nexus Night Manga Couple Store,"Darius, Hand of Noxus",Legend,12.4226,409.37,5200.0,0,90.00,https://piltoverarchive.com/decks/view/d99fa6f5-5dce-4422-ae30-bf8b3a19b497
932,riftboundgg,teemo-swift-scout-deck-m1v5o,Teemo Swift Scout Deck,Teemo - Swift Scout,Legend,12.4166,508.66,56260.0,,306.57,https://riftbound.gg/decks/teemo-swift-scout-deck-m1v5o/
933,riftboundgg,qzmk-4th-maxtapera-tournament,Qzmk: 4th - MaxTapera Tournament,Jinx - Loose Cannon,Legend,12.4157,420.30,3384612.0,,294.21,https://riftbound.gg/decks/qzmk-4th-maxtapera-tournament/
934,piltoverarchive,c11ca743-c85d-4e9b-87ed-62484c1e4d4d,Jax and his Homies,"Jax, Grandmaster at Arms",Legend,12.4145,101.29,1200.0,0,25.00,https://piltoverarchive.com/decks/view/c11ca743-c85d-4e9b-87ed-62484c1e4d4d
935,riftboundgg,jinx-nexus-night-winner-with-sidedeck-mte3e,Jinx Nexus Night Winner With Sidedeck,Jinx - Loose Cannon (Origins Release Event Promo),Legend,12.4142,453.38,23820.0,,186.07,https://riftbound.gg/decks/jinx-nexus-night-winner-with-sidedeck-mte3e/
936,riftboundgg,leona-radiant-dawn-deck-ftfi7,Leona Radiant Dawn Deck,Leona - Radiant Dawn,Legend,12.4118,367.67,30823.0,,282.39,https://riftbound.gg/decks/leona-radiant-dawn-deck-ftfi7/
937,piltoverarchive,61e13bb2-8deb-4d1d-b217-dee48ad095c6,Lux - Anti-Meta 1v1,"Lux, Lady of Luminosity",Legend,12.4115,193.56,4900.0,1,30.00,https://piltoverarchive.com/decks/view/61e13bb2-8deb-4d1d-b217-dee48ad095c6
938,riftboundgg,leona-radiant-dawn-deck-rsfq5,Leona Radiant Dawn Deck,Leona - Radiant Dawn,Legend,12.3988,437.94,26713.0,,308.82,https://riftbound.gg/decks/leona-radiant-dawn-deck-rsfq5/
939,piltoverarchive,a336d423-897c-4fdd-9026-38d34e28e83f,MISS FORTUNE AURORA TOP 4 SKIRSMISH,"Miss Fortune, Bounty Hunter",Legend,12.3982,177.83,1600.0,0,30.00,https://piltoverarchive.com/decks/view/a336d423-897c-4fdd-9026-38d34e28e83f
940,riftboundgg,teemo,teemo,Teemo - Swift Scout,Legend,12.3975,307.81,213178.0,,282.48,https://riftbound.gg/decks/teemo/
941,riftboundgg,master-yi-wuju-master-deck-6vfw3,Master Yi - Wuju Master Deck,Master Yi - Wuju Master,Legend,12.3935,238.06,19.0,,1.46,https://riftbound.gg/decks/master-yi-wuju-master-deck-6vfw3/
942,riftboundgg,fiora-current-to-build,Fiora - Current To Build,Fiora - Grand Duelist,Legend,12.3926,280.60,8.0,,1.29,https://riftbound.gg/decks/fiora-current-to-build/
943,riftboundgg,jinx-chinese-national-176th,Jinx Chinese National 176th,Jinx - Loose Cannon,Legend,12.3922,442.29,33728.0,,197.98,https://riftbound.gg/decks/jinx-chinese-national-176th/
944,piltoverarchive,d3d202e0-ab5b-46f2-9fda-f2bffb96fadb,Cyber&#x27;s Ornn Control,"Ornn, Fire Below the Mountain",Legend,12.3863,249.22,2000.0,0,60.00,https://piltoverarchive.com/decks/view/d3d202e0-ab5b-46f2-9fda-f2bffb96fadb
945,riot-bologna,riot-bologna-98-bulat,Bologna #98 - Bulat,"Rek'Sai, Void Burrower",Legend,12.3796,250.49,,,210.35,https://riftbound.leagueoflegends.com/en-us/news/organizedplay/the-best-decks-out-of-bologna/
946,piltoverarchive,720b3222-2995-4e1f-be1d-5e23761456a1,Houston Kai&#x27;Sa,"Kai'Sa, Daughter of the Void",Legend,12.3791,110.98,2200.0,0,60.00,https://piltoverarchive.com/decks/view/720b3222-2995-4e1f-be1d-5e23761456a1
947,piltoverarchive,fc18f3d5-5c55-4d2f-95fd-ba02f9d6319d,LucianAurora v1.1,"Lucian, Purifier",Legend,12.3723,231.99,1200.0,0,26.00,https://piltoverarchive.com/decks/view/fc18f3d5-5c55-4d2f-95fd-ba02f9d6319d
948,riftboundgg,viktor-herald-of-the-arcane-deck-copy-530kn,Viktor Herald of the Arcane Deck - copy,Viktor - Herald of the Arcane,Legend,12.3706,46.99,19460.0,,298.14,https://riftbound.gg/decks/viktor-herald-of-the-arcane-deck-copy-530kn/
949,riftboundgg,teemo-swift-scout-deck-0m75e,Teemo Swift Scout Deck,Teemo - Swift Scout,Legend,12.3668,553.46,24936.0,,306.01,https://riftbound.gg/decks/teemo-swift-scout-deck-0m75e/
950,riftboundgg,annie-dark-child-deck-3a3y4,Annie Dark Child Deck,Annie - Dark Child,Legend,12.3587,228.89,26117.0,,306.47,https://riftbound.gg/decks/annie-dark-child-deck-3a3y4/
951,piltoverarchive,9e33a79a-22fe-4960-9bef-b321ccfb438d,Yasuo Set 2,"Yasuo, Unforgiven",Legend,12.3448,434.97,2100.0,1,30.00,https://piltoverarchive.com/decks/view/9e33a79a-22fe-4960-9bef-b321ccfb438d
952,piltoverarchive,56a78c26-305c-4554-94f0-e6035352490d,Darius - 1st Hefei Station City Challenge,"Darius, Hand of Noxus",Legend,12.3433,389.81,4100.0,0,90.00,https://piltoverarchive.com/decks/view/56a78c26-305c-4554-94f0-e6035352490d
953,piltoverarchive,2dee4325-085c-4421-9475-b7a584263d6f,Best-Of Rek&#x27;Sai - 66th Place - Fuzhou Regional Open,"Rek'Sai, Void Burrower",Legend,12.3431,215.63,2100.0,4,27.00,https://piltoverarchive.com/decks/view/2dee4325-085c-4421-9475-b7a584263d6f
954,riftboundgg,prismaticism-3-4th-riftbound-meta-weekly-aug-10th,Prismaticism: 3-4th - Riftbound Meta Weekly (Aug 10th),Miss Fortune - Bounty Hunter,Legend,12.3359,199.02,15622131.0,,283.27,https://riftbound.gg/decks/prismaticism-3-4th-riftbound-meta-weekly-aug-10th/
955,riftboundgg,jinx-loose-cannon-deck-zu2fn,Jinx Loose Cannon Deck,Jinx - Loose Cannon,Legend,12.3320,674.92,54732.0,,272.94,https://riftbound.gg/decks/jinx-loose-cannon-deck-zu2fn/
956,piltoverarchive,ea9ba37e-bf47-47c6-9674-ee9fd875438a,Yi Skirmish winner,"Master Yi, Wuju Bladesman",Legend,12.3272,75.07,2300.0,0,60.00,https://piltoverarchive.com/decks/view/ea9ba37e-bf47-47c6-9674-ee9fd875438a
957,riftboundgg,jinx-tl,Jinx TL,Jinx - Loose Cannon,Legend,12.3253,444.31,28472.0,,206.51,https://riftbound.gg/decks/jinx-tl/
958,riftboundgg,leona-radiant-dawn-deck-vn9o3,Leona Radiant Dawn Deck,Leona - Radiant Dawn,Legend,12.3231,249.19,82206.0,,266.92,https://riftbound.gg/decks/leona-radiant-dawn-deck-vn9o3/
959,riftboundgg,leona-radiant-dawn-deck-12ekf,Leona Radiant Dawn Deck,Leona - Radiant Dawn,Legend,12.3210,237.46,56367.0,,270.33,https://riftbound.gg/decks/leona-radiant-dawn-deck-12ekf/
960,riftboundgg,leona-radiant-dawn-deck-m7uu5,Leona Radiant Dawn Deck,Leona - Radiant Dawn,Legend,12.3186,241.10,73129.0,,281.95,https://riftbound.gg/decks/leona-radiant-dawn-deck-m7uu5/
961,riftboundgg,captain-teemo-on-duty,"Captain Teemo, On Duty!",Teemo - Swift Scout,Legend,12.3124,464.43,19883.0,,287.36,https://riftbound.gg/decks/captain-teemo-on-duty/
962,piltoverarchive,d2a8ee10-23b1-4d58-aa1b-ae62d04a5eac,Summoner Skirmish Nov Decklist - Easton Douglas,"Viktor, Herald of the Arcane",Legend,12.3117,40.12,3300.0,0,90.00,https://piltoverarchive.com/decks/view/d2a8ee10-23b1-4d58-aa1b-ae62d04a5eac
963,piltoverarchive,e791dfc6-79e3-4df2-aee4-c049d7b2ad71,P2W - Parry 2 Win; Jax-Sona,"Jax, Grandmaster at Arms",Legend,12.3103,217.53,4000.0,2,0.54,https://piltoverarchive.com/decks/view/e791dfc6-79e3-4df2-aee4-c049d7b2ad71
964,piltoverarchive,0f79f7e5-31e2-4450-936e-632492071b93,1st place group B (Ascension League - Stage 4) - 13/10/2025,"Master Yi, Wuju Bladesman",Legend,12.3088,82.63,3500.0,0,120.00,https://piltoverarchive.com/decks/view/0f79f7e5-31e2-4450-936e-632492071b93
965,piltoverarchive,b7a879aa-fd0b-44fa-9417-0ca2a2080344,Spiritforged mid-range Yi,"Master Yi, Wuju Bladesman",Legend,12.3082,76.62,1500.0,0,60.00,https://piltoverarchive.com/decks/view/b7a879aa-fd0b-44fa-9417-0ca2a2080344
966,piltoverarchive,720c5761-5be0-40d4-b6d1-21db5fc9a257,[Set 2] Savjz Lucian,"Lucian, Purifier",Legend,12.3009,217.03,2600.0,1,30.00,https://piltoverarchive.com/decks/view/720c5761-5be0-40d4-b6d1-21db5fc9a257
967,riftboundgg,viktor-top-32-sydney-regional,Viktor Top 32 Sydney regional,Viktor - Herald of the Arcane,Legend,12.3009,56.83,1223.0,,0.72,https://riftbound.gg/decks/viktor-top-32-sydney-regional/
968,piltoverarchive,7907ac55-8d3c-4963-ba6b-25a2076afb22,Origins Ahri Semi Budget,"Ahri, Nine-Tailed Fox",Legend,12.2977,185.98,1300.0,0,60.00,https://piltoverarchive.com/decks/view/7907ac55-8d3c-4963-ba6b-25a2076afb22
969,riftboundgg,gan-ztrax-2nd-riftbound-meta-weekly-aug-2nd,gan ztrax: 2nd - Riftbound Meta Weekly (Aug 2nd),Darius - Hand of Noxus,Legend,12.2946,369.58,19684285.0,,290.35,https://riftbound.gg/decks/gan-ztrax-2nd-riftbound-meta-weekly-aug-2nd/
970,piltoverarchive,3dd7ba97-2d18-4856-a15f-ce5f51018dfe,Byte Jax,"Jax, Grandmaster at Arms",Legend,12.2894,102.74,820.0,0,28.00,https://piltoverarchive.com/decks/view/3dd7ba97-2d18-4856-a15f-ce5f51018dfe
971,piltoverarchive,f9ef6fb5-e1a7-4a95-b9ee-90ee9bf8c62f,Guangzhou City Challenge 28th December - 3rd Place - 揽趴,"Master Yi, Wuju Bladesman",Legend,12.2874,73.55,2600.0,1,60.00,https://piltoverarchive.com/decks/view/f9ef6fb5-e1a7-4a95-b9ee-90ee9bf8c62f
972,riftboundgg,prismaticism-1st-luxury-riftbound-cs-1k-aug-16th,Prismaticism: 1st - Luxury Riftbound CS 1K (Aug 16th),Darius - Hand of Noxus,Legend,12.2813,390.27,7216036.0,,272.28,https://riftbound.gg/decks/prismaticism-1st-luxury-riftbound-cs-1k-aug-16th/
973,riftboundgg,sett-chinese-national-19th,Sett Chinese National 19th,Sett - The Boss,Legend,12.2812,124.67,56058.0,,197.53,https://riftbound.gg/decks/sett-chinese-national-19th/
974,riftboundgg,volibear-relentless-storm-deck-gzyt3,Volibear Relentless Storm Deck,Volibear - Relentless Storm,Legend,12.2756,527.46,58835.0,,271.00,https://riftbound.gg/decks/volibear-relentless-storm-deck-gzyt3/
975,piltoverarchive,e96656d5-9a7f-4441-81ae-3ebe8cf4c6b8,Houston,"Sett, The Boss",Legend,12.2743,104.18,7900.0,0,60.00,https://piltoverarchive.com/decks/view/e96656d5-9a7f-4441-81ae-3ebe8cf4c6b8
976,riftboundgg,prismaticism-2nd-riftlab-trial-i-aug-9th-zfane,Prismaticism: 2nd - Riftlab Trial I (Aug 9th),Darius - Hand of Noxus,Legend,12.2599,486.66,3658097.0,,283.33,https://riftbound.gg/decks/prismaticism-2nd-riftlab-trial-i-aug-9th-zfane/
977,piltoverarchive,d294c5be-2110-4186-85b4-a7e24a929ba5,Rek 2.0,"Rek'Sai, Void Burrower",Legend,12.2511,248.46,1800.0,0,60.00,https://piltoverarchive.com/decks/view/d294c5be-2110-4186-85b4-a7e24a929ba5
978,riftboundgg,annie,Annie,Annie - Dark Child,Legend,12.2492,210.26,348045.0,,296.24,https://riftbound.gg/decks/annie/
979,piltoverarchive,63ef36f5-8fa1-46d2-955d-2f0e35d685fa,[Set 2] Jax,"Jax, Grandmaster at Arms",Legend,12.2480,92.27,2200.0,0,23.00,https://piltoverarchive.com/decks/view/63ef36f5-8fa1-46d2-955d-2f0e35d685fa
980,piltoverarchive,e801e197-0466-46e7-bc5f-d5277ae2d830,【City Challenge】Guangzhou Station - #59,"Yasuo, Unforgiven",Legend,12.2385,450.24,7900.0,1,60.00,https://piltoverarchive.com/decks/view/e801e197-0466-46e7-bc5f-d5277ae2d830
981,riftboundgg,batatanator-5-8th-luxury-riftbound-cs-1k-aug-16th,batatanator: 5-8th - Luxury Riftbound CS 1K (Aug 16th),Sett - The Boss,Legend,12.2251,118.66,4465708.0,,274.37,https://riftbound.gg/decks/batatanator-5-8th-luxury-riftbound-cs-1k-aug-16th/
982,riftboundgg,teemo-swift-scout-deck-copy-b04jk,Teemo Swift Scout Deck - copy,Teemo - Swift Scout,Legend,12.2230,296.66,35475.0,,271.40,https://riftbound.gg/decks/teemo-swift-scout-deck-copy-b04jk/
983,riftboundgg,jinx-loose-cannon-deck-m3euc,Jinx Loose Cannon Deck,Jinx - Loose Cannon,Legend,12.2172,730.33,19076.0,,280.47,https://riftbound.gg/decks/jinx-loose-cannon-deck-m3euc/
984,riftboundgg,jinx-loose-cannon-deck-m0nq3,Jinx Loose Cannon Deck,Jinx - Loose Cannon,Legend,12.2119,647.20,22926.0,,271.28,https://riftbound.gg/decks/jinx-loose-cannon-deck-m0nq3/
985,piltoverarchive,75d30e07-ee3b-4fed-a213-299148ccd81f,Master Yi,"Master Yi, Wuju Bladesman",Legend,12.2100,73.68,2100.0,0,60.00,https://piltoverarchive.com/decks/view/75d30e07-ee3b-4fed-a213-299148ccd81f
986,riftboundgg,jinx-loose-cannon-deck-fgdn4,Jinx Loose Cannon Deck,Jinx - Loose Cannon,Legend,12.2094,681.35,27490.0,,286.45,https://riftbound.gg/decks/jinx-loose-cannon-deck-fgdn4/
987,riftboundgg,master-yi-on-a-budget,Master Yi on a budget,Master Yi - Wuju Bladesman,Legend,12.2086,70.95,15428.0,,86.36,https://riftbound.gg/decks/master-yi-on-a-budget/
988,riftboundgg,jinx-loose-cannon-deck-hp54a,Jinx Loose Cannon Deck,Jinx - Loose Cannon,Legend,12.1965,467.30,63969.0,,268.09,https://riftbound.gg/decks/jinx-loose-cannon-deck-hp54a/
989,piltoverarchive,c4f2ad4c-6db6-4fb2-8b75-34c7b988450f,Spiritforged warp combo go second,"Lux, Lady of Luminosity",Legend,12.1923,231.66,1500.0,0,6.00,https://piltoverarchive.com/decks/view/c4f2ad4c-6db6-4fb2-8b75-34c7b988450f
990,riftboundgg,teemo-swift-scout-deck-shoti,Teemo Swift Scout Deck,Teemo - Swift Scout,Legend,12.1890,282.06,47039.0,,284.60,https://riftbound.gg/decks/teemo-swift-scout-deck-shoti/
991,riftboundgg,best-yasuo-from-bologna,Best Yasuo From Bologna,Yasuo - Unforgiven,Legend,12.1863,497.92,23746.0,,85.30,https://riftbound.gg/decks/best-yasuo-from-bologna/
992,riftboundgg,leona-radiant-dawn-deck-vco9n,Leona Radiant Dawn Deck,Leona - Radiant Dawn,Legend,12.1831,249.69,13385.0,,265.70,https://riftbound.gg/decks/leona-radiant-dawn-deck-vco9n/
993,riftboundgg,fiora-grand-duelist-deck-22ut2,Fiora - Grand Duelist Deck,Fiora - Grand Duelist,Legend,12.1817,170.54,170.0,,0.90,https://riftbound.gg/decks/fiora-grand-duelist-deck-22ut2/
994,riftboundgg,annie-dark-child-starter-deck-j98ss,Annie - Dark Child - Starter Deck,Annie - Dark Child,Legend,12.1802,421.80,8.0,,1.17,https://riftbound.gg/decks/annie-dark-child-starter-deck-j98ss/
995,riftboundgg,jinx-loose-cannon-deck-t2ika,Jinx Loose Cannon Deck,Jinx - Loose Cannon,Legend,12.1724,588.33,22444.0,,268.31,https://riftbound.gg/decks/jinx-loose-cannon-deck-t2ika/
996,piltoverarchive,f9d551c3-666e-4fff-92ea-8adfb25b1a50,3-0 Nexus Night Aurora MF,"Miss Fortune, Bounty Hunter",Legend,12.1706,184.47,2100.0,0,60.00,https://piltoverarchive.com/decks/view/f9d551c3-666e-4fff-92ea-8adfb25b1a50
997,piltoverarchive,8e5ae0ef-db9d-4253-bfc2-d8ed888f8a2d,MF Skirmish Champion,"Miss Fortune, Bounty Hunter",Legend,12.1672,158.77,3500.0,0,30.00,https://piltoverarchive.com/decks/view/8e5ae0ef-db9d-4253-bfc2-d8ed888f8a2d
998,riftboundgg,jinx-loose-cannon-deck-zx9n2,Jinx Loose Cannon Deck,Jinx - Loose Cannon,Legend,12.1572,465.21,69605.0,,281.37,https://riftbound.gg/decks/jinx-loose-cannon-deck-zx9n2/
999,riftboundgg,leona-radiant-dawn-deck-copy-e1auf,Leona Radiant Dawn Deck - copy,Leona - Radiant Dawn,Legend,12.1535,335.19,13666.0,,327.46,https://riftbound.gg/decks/leona-radiant-dawn-deck-copy-e1auf/
1000,piltoverarchive,435e84ab-249b-4d8f-a596-2f6999e24ab4,Hangzhou Regional Open - 7th Place,"Ahri, Nine-Tailed Fox",Legend,12.1510,192.17,13000.0,0,150.00,https://piltoverarchive.com/decks/view/435e84ab-249b-4d8f-a596-2f6999e24ab4
1001,piltoverarchive,7f747ecc-f5fc-425c-af5c-d8208a352e77,Miss Fortune Aggro/Midrange,"Miss Fortune, Bounty Hunter",Legend,12.1465,164.10,10400.0,2,60.00,https://piltoverarchive.com/decks/view/7f747ecc-f5fc-425c-af5c-d8208a352e77
1002,riftboundgg,jinx-loose-cannon-deck-k0jqp,Jinx Loose Cannon Deck,Jinx - Loose Cannon,Legend,12.1426,691.36,15075.0,,287.57,https://riftbound.gg/decks/jinx-loose-cannon-deck-k0jqp/
1003,riftboundgg,jinx-loose-cannon-deck-x3f2y,Jinx Loose Cannon Deck,Jinx - Loose Cannon,Legend,12.1416,561.50,30827.0,,283.51,https://riftbound.gg/decks/jinx-loose-cannon-deck-x3f2y/
1004,piltoverarchive,f0a959d6-38f9-49ce-a89e-1bb4b8fbca71,my ornn deck,"Ornn, Fire Below the Mountain",Legend,12.1413,217.26,1300.0,0,28.00,https://piltoverarchive.com/decks/view/f0a959d6-38f9-49ce-a89e-1bb4b8fbca71
1005,riftboundgg,jinx-loose-cannon-deck-h23wd,Jinx Loose Cannon Deck,Jinx - Loose Cannon,Legend,12.1380,485.02,37785.0,,271.27,https://riftbound.gg/decks/jinx-loose-cannon-deck-h23wd/
1006,piltoverarchive,f875ca64-c5d1-48af-afb4-875ae1961bc5,MF aurora V1,"Miss Fortune, Bounty Hunter",Legend,12.1328,170.68,1200.0,0,29.00,https://piltoverarchive.com/decks/view/f875ca64-c5d1-48af-afb4-875ae1961bc5
1007,riftboundgg,kaisa-daughter-of-the-void-deck-7tsla,Kai'Sa Daughter of the Void Deck,Lux - Lady of Luminosity,Legend,12.1324,541.51,15038.0,,311.45,https://riftbound.gg/decks/kaisa-daughter-of-the-void-deck-7tsla/
1008,riftboundgg,fiora-grand-duelist-deck-bb628,Fiora - Grand Duelist Deck,Fiora - Grand Duelist,Legend,12.1224,202.36,10.0,,1.33,https://riftbound.gg/decks/fiora-grand-duelist-deck-bb628/
1009,piltoverarchive,04057e00-dd90-4cbc-a1a2-30f24586422d,Viktor 7-2 (2nd Place) Shuffled Salisbury Summoner&#x27;s Skirmish,"Viktor, Herald of the Arcane",Legend,12.1216,39.03,2700.0,0,90.00,https://piltoverarchive.com/decks/view/04057e00-dd90-4cbc-a1a2-30f24586422d
1010,piltoverarchive,c60a061f-d4a7-4e5e-a795-b154671071d1,"Princess Rek&#x27;Sai, The Queen Anne Chonk","Rek'Sai, Void Burrower",Legend,12.1209,205.11,1000.0,1,11.00,https://piltoverarchive.com/decks/view/c60a061f-d4a7-4e5e-a795-b154671071d1
1011,riftboundgg,jinx-loose-cannon-deck-oqg48,Jinx Loose Cannon Deck,Jinx - Loose Cannon,Legend,12.1179,638.19,15536.0,,284.40,https://riftbound.gg/decks/jinx-loose-cannon-deck-oqg48/
1012,piltoverarchive,e556d782-0ac3-4e0f-a8a1-bb9c4e32a60a,LOOKS_LIKE_ITS_STARTING_TO_RAIN,"Ahri, Nine-Tailed Fox",Legend,12.1160,176.01,6800.0,0,90.00,https://piltoverarchive.com/decks/view/e556d782-0ac3-4e0f-a8a1-bb9c4e32a60a
1013,riftboundgg,engineer-3-4th-riftbound-france-cup-season-0-1-aug-10th,Engineer: 3-4th - Riftbound France Cup Season 0 #1 (Aug 10th),Teemo - Swift Scout,Legend,12.1153,273.88,30330.0,,283.29,https://riftbound.gg/decks/engineer-3-4th-riftbound-france-cup-season-0-1-aug-10th/
1014,riftboundgg,jinxed,JinxED,Jinx - Loose Cannon,Legend,12.1108,375.69,93539.0,,276.26,https://riftbound.gg/decks/jinxed/
1015,mobalytics-tournament,sett-the-boss-houston-regional-qualifier-best-of-boiwaffle,"Sett, The Boss: Houston Regional Qualifier Best-Of (BoiWaffle)","Sett, The Boss",Legend,12.1058,164.07,,,153.77,https://mobalytics.gg/riftbound/decks/sett-the-boss-houston-regional-qualifier-best-of-boiwaffle
1016,riftboundgg,buff-swarm-a03ss,Buff Swarm,Sett - The Boss,Legend,12.0997,132.40,24775.0,,290.93,https://riftbound.gg/decks/buff-swarm-a03ss/
1017,riftboundgg,jinx-loose-cannon-deck-ecjlt,Jinx Loose Cannon Deck,Jinx - Loose Cannon,Legend,12.0961,580.27,22335.0,,291.08,https://riftbound.gg/decks/jinx-loose-cannon-deck-ecjlt/
1018,piltoverarchive,15bc1b70-5511-472c-8a09-6576f5ed7843,Should stay Hidden,"Teemo, Swift Scout",Legend,12.0927,206.13,1500.0,0,30.00,https://piltoverarchive.com/decks/view/15bc1b70-5511-472c-8a09-6576f5ed7843
1019,piltoverarchive,eb90e271-99a7-4a43-92a7-f590374ff508,Purple Yas - OfficialNPC,"Yasuo, Unforgiven",Legend,12.0840,251.21,1800.0,0,26.00,https://piltoverarchive.com/decks/view/eb90e271-99a7-4a43-92a7-f590374ff508
1020,piltoverarchive,d709f3a3-762e-49ac-aa5d-236dfe5eff4d,Current Kaisa,"Kai'Sa, Daughter of the Void",Legend,12.0810,103.70,570.0,0,30.00,https://piltoverarchive.com/decks/view/d709f3a3-762e-49ac-aa5d-236dfe5eff4d
1021,riftboundgg,cheap-jinx,Cheap Jinx,Jinx - Loose Cannon,Legend,12.0784,320.68,32769.0,,186.08,https://riftbound.gg/decks/cheap-jinx/
1022,riftboundgg,kaisa-daughter-of-the-void-deck-copy-2az4t,Kai'Sa - Daughter of the Void Deck - copy,Kai'Sa - Daughter of the Void,Legend,12.0777,242.97,14.0,,0.62,https://riftbound.gg/decks/kaisa-daughter-of-the-void-deck-copy-2az4t/
1023,riftboundgg,lux-lady-of-luminosity-deck-l7n5s,Lux Lady of Luminosity Deck,Lux - Lady of Luminosity,Legend,12.0763,346.73,31474.0,,287.27,https://riftbound.gg/decks/lux-lady-of-luminosity-deck-l7n5s/
1024,piltoverarchive,3eb9c61f-59a5-4e2e-98a5-162e7367460b,Grant W. TTD 5k - 8th,"Darius, Hand of Noxus",Legend,12.0740,332.83,1800.0,0,90.00,https://piltoverarchive.com/decks/view/3eb9c61f-59a5-4e2e-98a5-162e7367460b
1025,piltoverarchive,c4fd6c6e-9c16-4d07-9f64-8b4e26fb6400,Runes and Rift Weekly 5 - 2nd - Gonkra,"Darius, Hand of Noxus",Legend,12.0667,311.09,3000.0,0,90.00,https://piltoverarchive.com/decks/view/c4fd6c6e-9c16-4d07-9f64-8b4e26fb6400
1026,piltoverarchive,072974c7-75af-4306-bdab-16d1489e7d29,Optimal Lucian,"Lucian, Purifier",Legend,12.0663,212.64,940.0,0,18.00,https://piltoverarchive.com/decks/view/072974c7-75af-4306-bdab-16d1489e7d29
1027,riftboundgg,kaisa-top-16-suzhou-regional-copy,Kai'Sa Top 16 Suzhou Regional - copy,Kai'Sa - Daughter of the Void,Legend,12.0579,237.14,16.0,,0.75,https://riftbound.gg/decks/kaisa-top-16-suzhou-regional-copy/
1028,piltoverarchive,c14a26ae-7ec4-4be5-ae4f-70bc3f0be974,Neemo,"Teemo, Swift Scout",Legend,12.0517,217.26,3000.0,0,60.00,https://piltoverarchive.com/decks/view/c14a26ae-7ec4-4be5-ae4f-70bc3f0be974
1029,riftboundgg,jinx-loose-cannon-deck-km0jr,Jinx Loose Cannon Deck,Jinx - Loose Cannon,Legend,12.0407,505.25,20227.0,,284.08,https://riftbound.gg/decks/jinx-loose-cannon-deck-km0jr/
1030,piltoverarchive,909ae083-cccd-4ff2-88df-11ae9c729045,"Ornn, 10/1/2026 Bologna, 125th","Ornn, Fire Below the Mountain",Legend,12.0404,221.33,856.0,0,30.00,https://piltoverarchive.com/decks/view/909ae083-cccd-4ff2-88df-11ae9c729045
1031,riftboundgg,jinx-loose-cannon-deck-oz7ah,Jinx Loose Cannon Deck,Jinx - Loose Cannon,Legend,12.0349,454.36,17147.0,,263.93,https://riftbound.gg/decks/jinx-loose-cannon-deck-oz7ah/
1032,piltoverarchive,d56f4bcc-d5c7-4c15-b23c-83d43ccdf91e,21-5 Dazzling Voli Remix,"Volibear, Relentless Storm",Legend,12.0334,132.10,9600.0,1,24.00,https://piltoverarchive.com/decks/view/d56f4bcc-d5c7-4c15-b23c-83d43ccdf91e
1033,piltoverarchive,483f94d9-9c3b-4553-9f29-23473b7f773a,Draven 2025 12 17,"Draven, Glorious Executioner",Legend,12.0292,104.42,1400.0,0,60.00,https://piltoverarchive.com/decks/view/483f94d9-9c3b-4553-9f29-23473b7f773a
1034,riftboundgg,miss-fortune-tl,Miss Fortune TL,Miss Fortune - Bounty Hunter,Legend,12.0068,203.83,28475.0,,206.53,https://riftbound.gg/decks/miss-fortune-tl/
1035,piltoverarchive,4761a1d7-1d5c-42c1-9df6-2ac0cef48e98,[Set 2] Rek&#x27;Sai,"Rek'Sai, Void Burrower",Legend,12.0059,201.32,3200.0,0,30.00,https://piltoverarchive.com/decks/view/4761a1d7-1d5c-42c1-9df6-2ac0cef48e98
1036,piltoverarchive,5a023a78-2c95-438f-8434-9d5f2bbe196d,MF Midrange Skirmish - NO AURORA - OGN - SET 1,"Miss Fortune, Bounty Hunter",Legend,12.0053,150.91,3400.0,2,30.00,https://piltoverarchive.com/decks/view/5a023a78-2c95-438f-8434-9d5f2bbe196d
1037,riftboundgg,lux-lady-of-luminosity-deck-2on97,Lux Lady of Luminosity Deck,Lux - Lady of Luminosity,Legend,12.0047,284.03,21866.0,,266.56,https://riftbound.gg/decks/lux-lady-of-luminosity-deck-2on97/
1038,piltoverarchive,1160c60e-d17d-4217-a7b8-d4094c2b7ff4,Counter Meta Jax,"Jax, Grandmaster at Arms",Legend,12.0007,91.99,697.0,0,14.00,https://piltoverarchive.com/decks/view/1160c60e-d17d-4217-a7b8-d4094c2b7ff4
1039,piltoverarchive,977c5997-8ea1-402a-980a-e1e27285175c,Rek&#x27;Sai Hook V1.1,"Rek'Sai, Void Burrower",Legend,12.0003,213.88,1500.0,0,30.00,https://piltoverarchive.com/decks/view/977c5997-8ea1-402a-980a-e1e27285175c
1040,riftboundgg,sett-the-boss-deck-copy-dcjqp,Sett - The Boss Deck - copy,Sett - The Boss,Legend,11.9977,403.24,21.0,,0.99,https://riftbound.gg/decks/sett-the-boss-deck-copy-dcjqp/
1041,piltoverarchive,4e99fcb0-35c1-4c28-8b5a-3dbd8768b4bc,Viktor skrimish list 12/13/25,"Viktor, Herald of the Arcane",Legend,11.9961,36.47,1700.0,0,60.00,https://piltoverarchive.com/decks/view/4e99fcb0-35c1-4c28-8b5a-3dbd8768b4bc
1042,piltoverarchive,3fe5757b-afe0-4f1d-9265-1e2a3e98c218,Season 1 National Open - #19,"Sett, The Boss",Legend,11.9926,107.17,7300.0,0,90.00,https://piltoverarchive.com/decks/view/3fe5757b-afe0-4f1d-9265-1e2a3e98c218
1043,riftboundgg,kaisa-tl,Kai'sa TL,Kai'Sa - Daughter of the Void,Legend,11.9896,117.03,28456.0,,206.64,https://riftbound.gg/decks/kaisa-tl/
1044,riftboundgg,darius-2nd-runes-rift-cash-cup,Darius 2nd Runes & Rift Cash Cup,Darius - Hand of Noxus,Legend,11.9883,332.16,22774.0,,167.82,https://riftbound.gg/decks/darius-2nd-runes-rift-cash-cup/
1045,piltoverarchive,77cadcae-cebd-4f05-985b-1e68565ef56b,6th place - 	PewQ - Runes &amp; Rift Invitational,"Viktor, Herald of the Arcane",Legend,11.9756,28.58,10000.0,1,30.00,https://piltoverarchive.com/decks/view/77cadcae-cebd-4f05-985b-1e68565ef56b
1046,riftboundgg,lux-lady-of-luminosity-deck-copy-g5kbp,Lux Lady of Luminosity Deck - copy,Lux - Lady of Luminosity,Legend,11.9689,334.89,13081.0,,283.21,https://riftbound.gg/decks/lux-lady-of-luminosity-deck-copy-g5kbp/
1047,riftboundgg,master-yi-wuju-master-deck-l9k8d,Master Yi - Wuju Master Deck,Master Yi - Wuju Master,Legend,11.9684,242.39,6.0,,1.47,https://riftbound.gg/decks/master-yi-wuju-master-deck-l9k8d/
1048,riftboundgg,jinx-loose-cannon-deck-copy-6rb36,Jinx Loose Cannon Deck - copy,Jinx - Loose Cannon,Legend,11.9615,470.70,15650.0,,289.41,https://riftbound.gg/decks/jinx-loose-cannon-deck-copy-6rb36/
1049,riftboundgg,best-reksai-from-vegas-t64-j2rlh,Best Rek'Sai from Vegas (T64,Rek'Sai - Void Burrower,Legend,11.9580,213.19,18337.0,,77.18,https://riftbound.gg/decks/best-reksai-from-vegas-t64-j2rlh/
1050,riftboundgg,miss-fortune-chinese-national-27th,Miss Fortune Chinese National 27th,Miss Fortune - Bounty Hunter,Legend,11.9498,198.45,33926.0,,197.53,https://riftbound.gg/decks/miss-fortune-chinese-national-27th/
1051,piltoverarchive,6f1867bc-a433-4d2b-b649-2ba797657b68,Darius - 2.0,"Darius, Hand of Noxus",Legend,11.9480,277.12,3500.0,0,60.00,https://piltoverarchive.com/decks/view/6f1867bc-a433-4d2b-b649-2ba797657b68
1052,piltoverarchive,4090de13-ebe1-480a-be1c-da4c71290050,1st Place Lisboa - Nexus Night Constructed Week #1 @ Templars Arena,"Sett, The Boss",Legend,11.9471,109.27,4100.0,0,90.00,https://piltoverarchive.com/decks/view/4090de13-ebe1-480a-be1c-da4c71290050
1053,piltoverarchive,b0edebd9-f5bc-421c-8293-f979a8922cab,Miss Fortune Aurora - 2nd Place 26-10 Beijing City Challenge,"Miss Fortune, Bounty Hunter",Legend,11.9438,178.37,25100.0,0,120.00,https://piltoverarchive.com/decks/view/b0edebd9-f5bc-421c-8293-f979a8922cab
1054,riftboundgg,jinx-loose-cannon-deck-noqmq,Jinx Loose Cannon Deck,Jinx - Loose Cannon,Legend,11.9424,406.67,18339.0,,279.13,https://riftbound.gg/decks/jinx-loose-cannon-deck-noqmq/
1055,piltoverarchive,a0cf5d70-3609-41ad-8bd4-ec5ce7d8a386,Sett - Best of Legend Shanghai National Open,"Sett, The Boss",Legend,11.9412,107.13,5400.0,1,90.00,https://piltoverarchive.com/decks/view/a0cf5d70-3609-41ad-8bd4-ec5ce7d8a386
1056,riftboundgg,sivir-battle-mistress-deck-13px6,Sivir - Battle Mistress Deck,Sivir - Battle Mistress,Legend,11.9385,1013.40,2.0,,0.05,https://riftbound.gg/decks/sivir-battle-mistress-deck-13px6/
1057,piltoverarchive,a4ecd108-8557-4d07-a23d-d2f3bf81683f,MF 10th Guangzhou CC,"Miss Fortune, Bounty Hunter",Legend,11.9325,161.18,1200.0,1,28.00,https://piltoverarchive.com/decks/view/a4ecd108-8557-4d07-a23d-d2f3bf81683f
1058,riftboundgg,jinx-loose-cannon-deck-copy-uqii8,Jinx Loose Cannon Deck - copy,Jinx - Loose Cannon,Legend,11.9227,385.91,19179.0,,279.37,https://riftbound.gg/decks/jinx-loose-cannon-deck-copy-uqii8/
1059,riftboundgg,ganztrax-4-0-riftlab-clash-ii-aug-23rd-tq2vt,GanZtrax: 4-0 - Riftlab Clash II (Aug 23rd),Darius - Hand of Noxus,Legend,11.9206,390.35,252443.0,,263.40,https://riftbound.gg/decks/ganztrax-4-0-riftlab-clash-ii-aug-23rd-tq2vt/
1060,riftboundgg,jinx-loose-cannon-deck-qxoar,Jinx Loose Cannon Deck,Jinx - Loose Cannon,Legend,11.9196,391.81,17894.0,,279.94,https://riftbound.gg/decks/jinx-loose-cannon-deck-qxoar/
1061,riftboundgg,jinx-loose-cannon-deck-sez8d,Jinx Loose Cannon Deck,Jinx - Loose Cannon,Legend,11.9195,353.90,51773.0,,304.88,https://riftbound.gg/decks/jinx-loose-cannon-deck-sez8d/
1062,riftboundgg,sivir-wins-wilkes-barre-beatdown-2-riftbound-5k-copy,Sivir wins Wilkes-Barre Beatdown 2 Riftbound $5K - copy,Sivir - Battle Mistress,Legend,11.9189,266.49,151.0,,1.54,https://riftbound.gg/decks/sivir-wins-wilkes-barre-beatdown-2-riftbound-5k-copy/
1063,riftboundgg,jinx-loose-cannon-deck-copy-nh25h,Jinx Loose Cannon Deck - copy,Jinx - Loose Cannon,Legend,11.9140,453.32,17581.0,,305.00,https://riftbound.gg/decks/jinx-loose-cannon-deck-copy-nh25h/
1064,riftboundgg,new-deck-glr2c,New Deck,Kai'Sa - Survivor,Champion,11.9119,258.95,5.0,,0.31,https://riftbound.gg/decks/new-deck-glr2c/
1065,riftboundgg,lux-lady-of-luminosity-deck-zfgk5,Lux Lady of Luminosity Deck,Lux - Lady of Luminosity,Legend,11.9101,254.36,26946.0,,283.06,https://riftbound.gg/decks/lux-lady-of-luminosity-deck-zfgk5/
1066,riftboundgg,darius-tl,Darius TL,Darius - Hand of Noxus,Legend,11.9058,409.81,28314.0,,206.57,https://riftbound.gg/decks/darius-tl/
1067,piltoverarchive,13f6bf66-cfc3-45d5-b1a9-f3181373efc1,Azir (Move Man),"Azir, Emperor of the Sands",Legend,11.9033,78.75,3700.0,0,60.00,https://piltoverarchive.com/decks/view/13f6bf66-cfc3-45d5-b1a9-f3181373efc1
1068,piltoverarchive,57b65d2b-913a-4ca8-8f44-1c252f0ddc7c,nickdanger darius edited 2nd Place Riftlab Trial 1 August 8,"Darius, Hand of Noxus",Legend,11.8987,466.66,7700.0,0,180.00,https://piltoverarchive.com/decks/view/57b65d2b-913a-4ca8-8f44-1c252f0ddc7c
1069,riftboundgg,ornn-on-a-budget,Ornn on a budget,Ornn - Fire Below the Mountain,Legend,11.8982,214.17,15382.0,,86.30,https://riftbound.gg/decks/ornn-on-a-budget/
1070,piltoverarchive,aa8ccc83-3799-4328-aa22-e29873847153,MF Aurora - v2,"Miss Fortune, Bounty Hunter",Legend,11.8960,140.19,3200.0,0,18.00,https://piltoverarchive.com/decks/view/aa8ccc83-3799-4328-aa22-e29873847153
1071,riftboundgg,best-volibear-from-bologna,Best Volibear from Bologna,Volibear - Relentless Storm,Legend,11.8918,154.40,31921.0,,1.54,https://riftbound.gg/decks/best-volibear-from-bologna/
1072,riftboundgg,jinx-loose-cannon-deck-zx5rw,Jinx Loose Cannon Deck,Jinx - Loose Cannon,Legend,11.8898,362.18,18998.0,,280.02,https://riftbound.gg/decks/jinx-loose-cannon-deck-zx5rw/
1073,riftboundgg,robomaster18-3-4th-luxury-riftbound-cs-1k-aug-16th-copy-vmhgc,Robomaster18: 3-4th - Luxury Riftbound CS 1K (Aug 16th) - copy,Sett - The Boss,Legend,11.8870,123.50,49868.0,,272.26,https://riftbound.gg/decks/robomaster18-3-4th-luxury-riftbound-cs-1k-aug-16th-copy-vmhgc/
1074,piltoverarchive,f68a8c16-6e82-4490-be07-8711560699d1,Winter League Bologna - 01/10/26 - Top16 - G. Moroselli,"Rek'Sai, Void Burrower",Legend,11.8745,197.82,2700.0,0,30.00,https://piltoverarchive.com/decks/view/f68a8c16-6e82-4490-be07-8711560699d1
1075,riftboundgg,viktor-premade-origins-champion-deck,Viktor Premade Origins Champion Deck,Viktor - Herald of the Arcane,Legend,11.8708,39.26,37072.0,,0.37,https://riftbound.gg/decks/viktor-premade-origins-champion-deck/
1076,piltoverarchive,011b6ae0-deeb-457e-ad21-d0c02157b6bf,Miss Fortune Midrange,"Miss Fortune, Bounty Hunter",Legend,11.8697,176.34,1500.0,0,60.00,https://piltoverarchive.com/decks/view/011b6ae0-deeb-457e-ad21-d0c02157b6bf
1077,riftboundgg,kai-sa-darius,Kai Sa-Darius,Kai'Sa - Daughter of the Void,Legend,11.8691,121.24,26289.0,,279.42,https://riftbound.gg/decks/kai-sa-darius/
1078,piltoverarchive,aaa631e8-4cb6-479f-b952-327890aedfb0,MF Skirmish 1st Place,"Miss Fortune, Bounty Hunter",Legend,11.8603,184.65,2300.0,0,90.00,https://piltoverarchive.com/decks/view/aaa631e8-4cb6-479f-b952-327890aedfb0
1079,riftboundgg,best-ahri-origins,Best Ahri Origins,Ahri - Nine-Tailed Fox,Legend,11.8561,174.18,32809.0,,149.63,https://riftbound.gg/decks/best-ahri-origins/
1080,riftboundgg,jinx-loose-cannon-deck-copy-b5m6r,Jinx Loose Cannon Deck - copy,Jinx - Loose Cannon,Legend,11.8557,350.15,20195.0,,288.47,https://riftbound.gg/decks/jinx-loose-cannon-deck-copy-b5m6r/
1081,piltoverarchive,1301923c-53e4-44b5-b1aa-4779b79a7bc2,Budget Viktor Set 1 V2.4,"Viktor, Herald of the Arcane",Legend,11.8545,30.30,2500.0,0,24.00,https://piltoverarchive.com/decks/view/1301923c-53e4-44b5-b1aa-4779b79a7bc2
1082,piltoverarchive,d4c596f9-f68c-45c1-9767-3a129b718e04,Ornn Deck 2,"Ornn, Fire Below the Mountain",Legend,11.8420,180.64,5700.0,0,30.00,https://piltoverarchive.com/decks/view/d4c596f9-f68c-45c1-9767-3a129b718e04
1083,piltoverarchive,85982365-93e9-47c5-9bd6-7939923ba00a,1st Place Nexus Nights Arena Porto,"Annie, Dark Child",Legend,11.8379,171.31,5100.0,0,90.00,https://piltoverarchive.com/decks/view/85982365-93e9-47c5-9bd6-7939923ba00a
1084,riftboundgg,miss-fortune-bounty-hunter-deck-4picb,Miss Fortune Bounty Hunter Deck,Miss Fortune - Bounty Hunter,Legend,11.8346,212.03,16699.0,,283.54,https://riftbound.gg/decks/miss-fortune-bounty-hunter-deck-4picb/
1085,piltoverarchive,c5178c03-82ff-4fd3-b9b7-04631b8506a2,Silco&#x27;s Shimmer Lab | Jinx Reanimator Deck By MaesInSpace,"Jinx, Loose Cannon",Legend,11.8335,271.57,2100.0,0,60.00,https://piltoverarchive.com/decks/view/c5178c03-82ff-4fd3-b9b7-04631b8506a2
1086,piltoverarchive,7b57794b-5e58-48e2-9683-7da6baa398a7,Winter League Bologna - 01/10/26 - Top8 - D. Ferrаno,"Viktor, Herald of the Arcane",Legend,11.8265,28.51,6700.0,1,30.00,https://piltoverarchive.com/decks/view/7b57794b-5e58-48e2-9683-7da6baa398a7
1087,riftboundgg,volibear-relentless-storm-deck-9mz5y,Volibear Relentless Storm Deck,Volibear - Relentless Storm,Legend,11.8264,298.21,21062.0,,289.28,https://riftbound.gg/decks/volibear-relentless-storm-deck-9mz5y/
1088,riftboundgg,irelia-blade-dancer-deck-bcl9z,Irelia - Blade Dancer Deck,Irelia - Blade Dancer,Legend,11.8194,144.82,185.0,,1.42,https://riftbound.gg/decks/irelia-blade-dancer-deck-bcl9z/
1089,piltoverarchive,229102fd-bc0f-4091-86bc-b7ee9143fc40,Miss Fortune SET 2 Orange Control,"Miss Fortune, Bounty Hunter",Legend,11.8192,153.85,1500.0,0,26.00,https://piltoverarchive.com/decks/view/229102fd-bc0f-4091-86bc-b7ee9143fc40
1090,riftboundgg,volibear-relentless-storm-deck-copy-2-s5s56,Volibear Relentless Storm Deck - copy 2,Volibear - Relentless Storm,Legend,11.8157,325.39,17495.0,,299.83,https://riftbound.gg/decks/volibear-relentless-storm-deck-copy-2-s5s56/
1091,piltoverarchive,6121a5ec-e638-41c5-bfe3-96fc693c9bed,[Set 2] Lux,"Lux, Lady of Luminosity",Legend,11.7976,183.08,1800.0,0,30.00,https://piltoverarchive.com/decks/view/6121a5ec-e638-41c5-bfe3-96fc693c9bed
1092,piltoverarchive,61e87ec5-37e8-4b28-b179-69a9b00f66ac,Yasumeme,"Yasuo, Unforgiven",Legend,11.7920,252.20,886.0,1,30.00,https://piltoverarchive.com/decks/view/61e87ec5-37e8-4b28-b179-69a9b00f66ac
1093,riftboundgg,fiora-wins-s3-beijing-city-challenge-copy-fs3a8,Fiora wins S3 Beijing City Challenge - copy,Sett - Brawler,Champion,11.7844,240.50,14.0,,1.28,https://riftbound.gg/decks/fiora-wins-s3-beijing-city-challenge-copy-fs3a8/
1094,riftboundgg,volibear-relentless-storm-deck-copy-ecsi5,Volibear Relentless Storm Deck - copy,Volibear - Relentless Storm,Legend,11.7836,264.00,31786.0,,300.55,https://riftbound.gg/decks/volibear-relentless-storm-deck-copy-ecsi5/
1095,piltoverarchive,a7a24162-1768-4678-8428-bb834701546b,1st PLACE AFTER SWISS AT HOUSTON REGIONALS,"Miss Fortune, Bounty Hunter",Legend,11.7717,158.56,5600.0,0,60.00,https://piltoverarchive.com/decks/view/a7a24162-1768-4678-8428-bb834701546b
1096,piltoverarchive,c22b6c32-5bec-4670-9dbc-7ba795019a89,Kaisa Spirtiforged V2.6,"Kai'Sa, Daughter of the Void",Legend,11.7663,108.22,4500.0,0,3.00,https://piltoverarchive.com/decks/view/c22b6c32-5bec-4670-9dbc-7ba795019a89
1097,riftboundgg,best-origins-darius,Best Origins Darius,Darius - Hand of Noxus,Legend,11.7634,293.88,27890.0,,149.62,https://riftbound.gg/decks/best-origins-darius/
1098,piltoverarchive,bc38e8a0-0473-484f-9493-360dcdeb61d7,Ornn -- Svelsongur Ezreal,"Ornn, Fire Below the Mountain",Legend,11.7632,219.42,1700.0,0,60.00,https://piltoverarchive.com/decks/view/bc38e8a0-0473-484f-9493-360dcdeb61d7
1099,riftboundgg,annie-dark-child-starter-deck-q8hol,Annie - Dark Child - Starter Deck,Annie - Dark Child,Legend,11.7396,386.03,7.0,,1.34,https://riftbound.gg/decks/annie-dark-child-starter-deck-q8hol/
1100,piltoverarchive,7c63e6cb-9f71-4d69-aced-53f72918f9f3,ChallengerTCG Kaisa Control,"Kai'Sa, Daughter of the Void",Legend,11.7388,199.88,49.0,0,1.00,https://piltoverarchive.com/decks/view/7c63e6cb-9f71-4d69-aced-53f72918f9f3
1101,piltoverarchive,29aaf347-a00e-4ca4-ba6d-db4c6d75dfd9,MONO SHURIMA CINEMA,"Azir, Emperor of the Sands",Legend,11.7383,128.25,1400.0,0,0.25,https://piltoverarchive.com/decks/view/29aaf347-a00e-4ca4-ba6d-db4c6d75dfd9
1102,piltoverarchive,2a8a2e91-976d-4142-8257-95ec4b90291e,Leona hook,"Leona, Radiant Dawn",Legend,11.7307,113.41,1800.0,0,25.00,https://piltoverarchive.com/decks/view/2a8a2e91-976d-4142-8257-95ec4b90291e
1103,riftboundgg,volibears-roar,Volibear's Roar,Volibear - Relentless Storm,Legend,11.7260,193.39,125072.0,,286.64,https://riftbound.gg/decks/volibears-roar/
1104,piltoverarchive,0a4223ef-acbb-4386-9a95-e431cfe6ac79,Beijing City Challenge 21st December - Top 8 - 零点QAQ,"Fiora, Grand Duelist",Legend,11.7223,83.84,1900.0,0,60.00,https://piltoverarchive.com/decks/view/0a4223ef-acbb-4386-9a95-e431cfe6ac79
1105,riftboundgg,volibear-relentless-storm-deck-tflqd,Volibear Relentless Storm Deck,Volibear - Relentless Storm,Legend,11.7218,238.99,18254.0,,284.05,https://riftbound.gg/decks/volibear-relentless-storm-deck-tflqd/
1106,piltoverarchive,da82d78b-3930-4e4a-a263-499bf4f3f53b,Miss Fortune - Best of Legend Shanghai National Open,"Miss Fortune, Bounty Hunter",Legend,11.7170,164.94,10700.0,0,90.00,https://piltoverarchive.com/decks/view/da82d78b-3930-4e4a-a263-499bf4f3f53b
1107,piltoverarchive,9bb21f43-ed2d-4c4d-8aa5-a31cedeb26a1,Best of Ahri 98th Place Houston Regional,"Ahri, Nine-Tailed Fox",Legend,11.7148,128.75,28200.0,6,60.00,https://piltoverarchive.com/decks/view/9bb21f43-ed2d-4c4d-8aa5-a31cedeb26a1
1108,piltoverarchive,98a34731-a37f-4a3a-931a-29eb5154d43a,Miss fortuine,"Miss Fortune, Bounty Hunter",Legend,11.7049,158.01,974.0,0,30.00,https://piltoverarchive.com/decks/view/98a34731-a37f-4a3a-931a-29eb5154d43a
1109,piltoverarchive,9ad1719b-ac4b-4021-8eb9-3b800c6011ef,Kai&#x27;Sa Blitz,"Kai'Sa, Daughter of the Void",Legend,11.7019,92.94,813.0,0,30.00,https://piltoverarchive.com/decks/view/9ad1719b-ac4b-4021-8eb9-3b800c6011ef
1110,riftboundgg,teemo-swift-scout-deck-3i1y3,Teemo Swift Scout Deck,Teemo - Swift Scout,Legend,11.7017,255.66,22007.0,,295.57,https://riftbound.gg/decks/teemo-swift-scout-deck-3i1y3/
1111,riftboundgg,lucian-top-16-dinan-regional,Lucian top 16 Dinan Regional,Lucian - Purifier,Legend,11.6904,207.39,48904.0,,109.10,https://riftbound.gg/decks/lucian-top-16-dinan-regional/
1112,piltoverarchive,80414b87-ff79-44ac-bf6e-939d7a207583,Guangzhou Regional Open - 7th Place,"Teemo, Swift Scout",Legend,11.6886,235.16,5200.0,0,150.00,https://piltoverarchive.com/decks/view/80414b87-ff79-44ac-bf6e-939d7a207583
1113,piltoverarchive,e43ee3fc-2196-4365-b67e-513b3eb8661c,Lucian Multi Score,"Lucian, Purifier",Legend,11.6852,204.85,979.0,0,30.00,https://piltoverarchive.com/decks/view/e43ee3fc-2196-4365-b67e-513b3eb8661c
1114,riftboundgg,jinx-premade-origins-champion-deck,Jinx Premade Origins Champion Deck,Jinx - Loose Cannon,Legend,11.6850,297.75,37090.0,,0.10,https://riftbound.gg/decks/jinx-premade-origins-champion-deck/
1115,riftboundgg,jinx-loose-cannon-deck-z5u79,Jinx Loose Cannon Deck,Jinx - Loose Cannon,Legend,11.6768,326.44,20565.0,,288.47,https://riftbound.gg/decks/jinx-loose-cannon-deck-z5u79/
1116,piltoverarchive,c5247c81-d6f5-46d9-994a-7881c017871c,Yasuo No Remorse,"Yasuo, Unforgiven",Legend,11.6681,197.10,1100.0,0,30.00,https://piltoverarchive.com/decks/view/c5247c81-d6f5-46d9-994a-7881c017871c
1117,piltoverarchive,1ec08283-e218-42bb-8e46-5b8f667b2ab3,Jinx - Disco Queen!,"Jinx, Loose Cannon",Legend,11.6571,211.55,1800.0,0,12.00,https://piltoverarchive.com/decks/view/1ec08283-e218-42bb-8e46-5b8f667b2ab3
1118,riftboundgg,darius-hand-of-noxus-deck-copy,Darius Hand of Noxus Deck - copy,Darius - Hand of Noxus,Legend,11.6453,553.82,13377.0,,287.10,https://riftbound.gg/decks/darius-hand-of-noxus-deck-copy/
1119,piltoverarchive,7e894f55-6231-474b-8dbd-2246f8508dfa,Most consistent Anti-Meta Lux *12/09 UPDATED*,"Lux, Lady of Luminosity",Legend,11.6372,175.30,10600.0,0,60.00,https://piltoverarchive.com/decks/view/7e894f55-6231-474b-8dbd-2246f8508dfa
1120,piltoverarchive,dfee26c3-e0a1-4074-880b-ff36b6f72767,【City Challenge】Chengdu Station - #3,"Lucian, Purifier",Legend,11.6348,204.75,3600.0,1,60.00,https://piltoverarchive.com/decks/view/dfee26c3-e0a1-4074-880b-ff36b6f72767
1121,riftboundgg,sett-the-boss-deck-copy-2-j66sz,Sett The Boss Deck - copy 2,Sett - The Boss,Legend,11.6319,121.60,26417.0,,305.06,https://riftbound.gg/decks/sett-the-boss-deck-copy-2-j66sz/
1122,riftboundgg,darius-hand-of-noxus-deck-jzo9p,Darius Hand of Noxus Deck,Darius - Hand of Noxus,Legend,11.6275,486.56,16737.0,,281.54,https://riftbound.gg/decks/darius-hand-of-noxus-deck-jzo9p/
1123,riftboundgg,jax-top-8-at-win-a-case-royaume-du-tcg-copy-p0xfw,Jax Top 8 at Win a case Royaume du TCG - copy,Jax - Grandmaster at Arms,Legend,11.6247,397.64,194.0,,1.54,https://riftbound.gg/decks/jax-top-8-at-win-a-case-royaume-du-tcg-copy-p0xfw/
1124,piltoverarchive,5137354b-8016-4dde-8c66-a6dca92a4070,Baited Hook Rek&#x27;Sai,"Rek'Sai, Void Burrower",Legend,11.6185,224.38,3000.0,3,4.00,https://piltoverarchive.com/decks/view/5137354b-8016-4dde-8c66-a6dca92a4070
1125,piltoverarchive,149a6e4a-188f-480c-9eac-1d3eae71640a,"Darius, Legion and Removal (Combat)","Darius, Hand of Noxus",Legend,11.6165,295.03,9500.0,2,150.00,https://piltoverarchive.com/decks/view/149a6e4a-188f-480c-9eac-1d3eae71640a
1126,riftboundgg,irelia-blade-dancer-deck-99kjx,Irelia - Blade Dancer Deck,Irelia - Blade Dancer,Legend,11.6102,179.64,10.0,,1.18,https://riftbound.gg/decks/irelia-blade-dancer-deck-99kjx/
1127,riftboundgg,master-yi-wuju-bladesman-deck-ovzj7,Master Yi Wuju Bladesman Deck,Master Yi - Wuju Bladesman,Legend,11.6098,78.05,74243.0,,301.35,https://riftbound.gg/decks/master-yi-wuju-bladesman-deck-ovzj7/
1128,piltoverarchive,b08cdd76-f163-4949-8f12-6a37a27cc811,riftbound meta top 8 teemo,"Teemo, Swift Scout",Legend,11.6077,231.65,12000.0,0,180.00,https://piltoverarchive.com/decks/view/b08cdd76-f163-4949-8f12-6a37a27cc811
1129,riftboundgg,yasuo-top-128-chengdu-regional,Yasuo Top 128 Chengdu Regional,Yasuo - Unforgiven,Legend,11.6067,215.96,14939.0,,91.61,https://riftbound.gg/decks/yasuo-top-128-chengdu-regional/
1130,riftboundgg,prismaticism-1st-luxury-riftbound-cs-1k-aug-16th-copy-w57ol,Prismaticism: 1st - Luxury Riftbound CS 1K (Aug 16th) - copy,Darius - Hand of Noxus,Legend,11.6033,396.63,21418.0,,268.38,https://riftbound.gg/decks/prismaticism-1st-luxury-riftbound-cs-1k-aug-16th-copy-w57ol/
1131,riftboundgg,teemo-swift-scout-deck-m1zqw,Teemo Swift Scout Deck,Teemo - Swift Scout,Legend,11.5935,238.69,78529.0,,274.37,https://riftbound.gg/decks/teemo-swift-scout-deck-m1zqw/
1132,riftboundgg,erosxyz-5-8th-riftbound-france-cup-season-0-1-aug-10th,ErosXyz: 5-8th - Riftbound France Cup Season 0 #1 (Aug 10th),Sett - The Boss,Legend,11.5897,120.97,13351.0,,283.29,https://riftbound.gg/decks/erosxyz-5-8th-riftbound-france-cup-season-0-1-aug-10th/
1133,riftboundgg,darius-hand-of-noxus-deck-21cgk,Darius Hand of Noxus Deck,Darius - Hand of Noxus,Legend,11.5868,366.88,44323.0,,289.07,https://riftbound.gg/decks/darius-hand-of-noxus-deck-21cgk/
1134,piltoverarchive,41504635-9d0d-4d35-b9f3-6795a31cf62a,1st Place - Summoner Skirmish - Viktor,"Viktor, Herald of the Arcane",Legend,11.5816,31.77,4100.0,0,60.00,https://piltoverarchive.com/decks/view/41504635-9d0d-4d35-b9f3-6795a31cf62a
1135,piltoverarchive,23919e52-cbca-44f3-9eff-56be392f72be,Be afraid of Purple Jinx - Spiritforge u.u,"Jinx, Loose Cannon",Legend,11.5792,195.42,3000.0,2,14.00,https://piltoverarchive.com/decks/view/23919e52-cbca-44f3-9eff-56be392f72be
1136,piltoverarchive,0c55ff7f-3394-4101-8e52-cf3bff6c722d,[Set 2] Viktor,"Viktor, Herald of the Arcane",Legend,11.5779,27.29,6200.0,0,30.00,https://piltoverarchive.com/decks/view/0c55ff7f-3394-4101-8e52-cf3bff6c722d
1137,riftboundgg,volibear-top-128-nanjing-regional,Volibear Top 128 Nanjing Regional,Volibear - Relentless Storm,Legend,11.5703,154.37,22970.0,,102.00,https://riftbound.gg/decks/volibear-top-128-nanjing-regional/
1138,piltoverarchive,011c65ea-cf3d-4c0d-a79f-7acc6a61c9e3,Volibear Huston Malakx Top 64 Foil Metal Card,"Volibear, Relentless Storm",Legend,11.5637,134.10,18800.0,2,30.00,https://piltoverarchive.com/decks/view/011c65ea-cf3d-4c0d-a79f-7acc6a61c9e3
1139,riftboundgg,darius-hand-of-noxus-deck-m20d8,Darius Hand of Noxus Deck,Darius - Hand of Noxus,Legend,11.5491,349.80,68918.0,,310.26,https://riftbound.gg/decks/darius-hand-of-noxus-deck-m20d8/
1140,piltoverarchive,653dec38-72a5-4f36-ac7f-ca3868055abc,Pocket Sand Azir,"Azir, Emperor of the Sands",Legend,11.5452,73.57,3100.0,0,60.00,https://piltoverarchive.com/decks/view/653dec38-72a5-4f36-ac7f-ca3868055abc
1141,riftboundgg,azir-wins-black-cat-card-game-x-cat-island-pilgrimage-joint-tournament-copy-2,Azir wins Black Cat Card Game X Cat Island Pilgrimage Joint Tournament - copy 2,Azir - Emperor of the Sands,Legend,11.5442,208.60,24.0,,1.51,https://riftbound.gg/decks/azir-wins-black-cat-card-game-x-cat-island-pilgrimage-joint-tournament-copy-2/
1142,piltoverarchive,a5191e7f-ceac-4f60-9a42-1467a4af5c11,right where i want you yasuo,"Yasuo, Unforgiven",Legend,11.5420,194.65,888.0,0,30.00,https://piltoverarchive.com/decks/view/a5191e7f-ceac-4f60-9a42-1467a4af5c11
1143,piltoverarchive,8b365705-2ef1-448b-88f2-9c75d04d677b,Hook Darius v2 3-0-1 Nexus Night,"Darius, Hand of Noxus",Legend,11.5340,279.99,2300.0,0,90.00,https://piltoverarchive.com/decks/view/8b365705-2ef1-448b-88f2-9c75d04d677b
1144,riftboundgg,khazix-combat,Kha'Zix Combat,Sett - Brawler,Champion,11.5317,510.01,7.0,,0.68,https://riftbound.gg/decks/khazix-combat/
1145,riftboundgg,noxian-fervor,Noxian Fervor,Darius - Hand of Noxus,Legend,11.5283,394.51,19004.0,,286.94,https://riftbound.gg/decks/noxian-fervor/
1146,riftboundgg,sivir-battle-mistress-deck-yylyk,Sivir - Battle Mistress Deck,Sivir - Battle Mistress,Legend,11.5153,305.28,19.0,,1.04,https://riftbound.gg/decks/sivir-battle-mistress-deck-yylyk/
1147,piltoverarchive,9831c628-fd16-4bce-becb-3eec03915965,Volibear Control,"Volibear, Relentless Storm",Legend,11.5113,146.09,5400.0,0,60.00,https://piltoverarchive.com/decks/view/9831c628-fd16-4bce-becb-3eec03915965
1148,piltoverarchive,d798cb0c-f6ef-43ab-b743-3c77c8d3079e,Rek&#x27;sai Aggro V1.5,"Rek'Sai, Void Burrower",Legend,11.5067,180.91,11000.0,4,60.00,https://piltoverarchive.com/decks/view/d798cb0c-f6ef-43ab-b743-3c77c8d3079e
1149,riftboundgg,lux-lady-of-luminosity-deck-uayrm,Lux Lady of Luminosity Deck,Lux - Lady of Luminosity,Legend,11.5061,233.36,17275.0,,262.87,https://riftbound.gg/decks/lux-lady-of-luminosity-deck-uayrm/
1150,riftboundgg,teemo-swift-scout-deck-i18h8,Teemo Swift Scout Deck,Teemo - Swift Scout,Legend,11.5018,242.88,23195.0,,282.48,https://riftbound.gg/decks/teemo-swift-scout-deck-i18h8/
1151,riftboundgg,annie-2nd-in-city-league-shanghai-copy-zksq4,Annie 2nd in City League: Shanghai - copy,Annie - Dark Child,Legend,11.4939,336.38,18.0,,1.54,https://riftbound.gg/decks/annie-2nd-in-city-league-shanghai-copy-zksq4/
1152,piltoverarchive,ebcbca5a-daf8-4e47-a288-ef84cb53f40f,Jinx Reanimator,"Jinx, Loose Cannon",Legend,11.4926,252.38,1900.0,0,60.00,https://piltoverarchive.com/decks/view/ebcbca5a-daf8-4e47-a288-ef84cb53f40f
1153,riftboundgg,volibear-relentless-storm-deck-hf85c,Volibear Relentless Storm Deck,Volibear - Relentless Storm,Legend,11.4701,193.79,17716.0,,299.42,https://riftbound.gg/decks/volibear-relentless-storm-deck-hf85c/
1154,piltoverarchive,b8b471c2-f5a2-4b58-88be-795231dac7ba,voli,"Volibear, Relentless Storm",Legend,11.4688,140.42,665.0,2,18.00,https://piltoverarchive.com/decks/view/b8b471c2-f5a2-4b58-88be-795231dac7ba
1155,piltoverarchive,0f506cfa-7b34-420c-a5d3-d593cbf7ec02,Best-Of Viktor - 56th Place - Fuzhou Regional Open,"Viktor, Herald of the Arcane",Legend,11.4683,30.24,944.0,1,27.00,https://piltoverarchive.com/decks/view/0f506cfa-7b34-420c-a5d3-d593cbf7ec02
1156,piltoverarchive,5f0c6448-2982-4af7-b718-5a8027cdbc59,Wuhan City Challenge - 27th December - Top16 -  星域预备队-E,"Lucian, Purifier",Legend,11.4669,207.34,1800.0,0,60.00,https://piltoverarchive.com/decks/view/5f0c6448-2982-4af7-b718-5a8027cdbc59
1157,riftboundgg,lux-iluminating-rainbow,Lux Iluminating Rainbow,Lux - Lady of Luminosity,Legend,11.4553,222.32,105680.0,,276.28,https://riftbound.gg/decks/lux-iluminating-rainbow/
1158,piltoverarchive,fb076d45-3c82-4bb7-8451-4b9a7efbccf1,Runes and Rift Weekly - Jan 14th - 2nd Place - SLAY,"Viktor, Herald of the Arcane",Legend,11.4459,29.60,1300.0,1,29.00,https://piltoverarchive.com/decks/view/fb076d45-3c82-4bb7-8451-4b9a7efbccf1
1159,piltoverarchive,211459e4-b2b2-408f-85cf-610da9d3d1cb,TIMEWARP_IS_BAIT,"Ahri, Nine-Tailed Fox",Legend,11.4433,173.61,3700.0,0,150.00,https://piltoverarchive.com/decks/view/211459e4-b2b2-408f-85cf-610da9d3d1cb
1160,riftboundgg,miss-fortune-bounty-hunter-deck-qjac5,Miss Fortune Bounty Hunter Deck,Miss Fortune - Bounty Hunter,Legend,11.4417,188.88,55775.0,,277.15,https://riftbound.gg/decks/miss-fortune-bounty-hunter-deck-qjac5/
1161,riftboundgg,annie-top-32-at-sydney-regional-qualifier-copy-dlnmt,Annie Top 32 at Sydney Regional Qualifier - copy,Annie - Dark Child,Legend,11.4324,385.14,11.0,,0.27,https://riftbound.gg/decks/annie-top-32-at-sydney-regional-qualifier-copy-dlnmt/
1162,riftboundgg,jinx-loose-cannon-deck-k3gc4,Jinx Loose Cannon Deck,Jinx - Loose Cannon,Legend,11.4269,321.69,13043.0,,339.21,https://riftbound.gg/decks/jinx-loose-cannon-deck-k3gc4/
1163,piltoverarchive,b68d7ba1-62e6-4246-9bea-c62bf90661de,Rek&#x27;sai Swarm,"Rek'Sai, Void Burrower",Legend,11.4208,211.46,1200.0,0,60.00,https://piltoverarchive.com/decks/view/b68d7ba1-62e6-4246-9bea-c62bf90661de
1164,riftboundgg,yasuo-top-16-zhongshan-city-challenge,Yasuo Top 16 Zhongshan City Challenge,Yasuo - Unforgiven,Legend,11.4170,245.27,26306.0,,128.36,https://riftbound.gg/decks/yasuo-top-16-zhongshan-city-challenge/
1165,piltoverarchive,cc0720fc-2986-417f-a8ab-ae5222ff20b6,Makoo&#x27;s Budget Viktor,"Viktor, Herald of the Arcane",Legend,11.4144,32.49,6100.0,0,90.00,https://piltoverarchive.com/decks/view/cc0720fc-2986-417f-a8ab-ae5222ff20b6
1166,riftboundgg,shrooooooooom,SHROOOOOOOOOM,Teemo - Swift Scout,Legend,11.3898,234.78,31180.0,,278.91,https://riftbound.gg/decks/shrooooooooom/
1167,piltoverarchive,88795680-8430-4cf6-9dd8-0c8ed3b83f6d,Spencer F. - SCGCON Vegas Riftbound 10k - Top 32,"Miss Fortune, Bounty Hunter",Legend,11.3885,160.55,4400.0,0,90.00,https://piltoverarchive.com/decks/view/88795680-8430-4cf6-9dd8-0c8ed3b83f6d
1168,riftboundgg,teemo-swift-scout-deck-8gmaj,Teemo Swift Scout Deck,Teemo - Swift Scout,Legend,11.3804,236.35,41206.0,,302.32,https://riftbound.gg/decks/teemo-swift-scout-deck-8gmaj/
1169,riftboundgg,azir-emperor-of-the-sands-deck-copy-otwqn,Azir - Emperor of the Sands Deck - copy,Azir - Emperor of the Sands,Legend,11.3618,300.24,20.0,,0.93,https://riftbound.gg/decks/azir-emperor-of-the-sands-deck-copy-otwqn/
1170,riftboundgg,sivir-tutan,Sivir tutan,Sivir - Battle Mistress,Legend,11.3355,329.63,5.0,,0.88,https://riftbound.gg/decks/sivir-tutan/
1171,riftboundgg,volibear-relentless-storm-deck-nt91m,Volibear Relentless Storm Deck,Volibear - Relentless Storm,Legend,11.3286,184.71,22077.0,,278.88,https://riftbound.gg/decks/volibear-relentless-storm-deck-nt91m/
1172,riftboundgg,sett-the-boss-deck-q5yjv,Sett - The Boss Deck,Sett - The Boss,Legend,11.3070,262.33,14.0,,0.09,https://riftbound.gg/decks/sett-the-boss-deck-q5yjv/
1173,riftboundgg,teemo-swift-scout-deck-y9r6g,Teemo Swift Scout Deck,Teemo - Swift Scout,Legend,11.3014,232.91,25497.0,,287.63,https://riftbound.gg/decks/teemo-swift-scout-deck-y9r6g/
1174,riftboundgg,sett-the-boss-deck-copy-zm8lf,Sett The Boss Deck - copy,Sett - The Boss,Legend,11.2956,114.28,13930.0,,290.14,https://riftbound.gg/decks/sett-the-boss-deck-copy-zm8lf/
1175,riftboundgg,kaisa-on-a-budget,Kai'Sa on a budget,Kai'Sa - Daughter of the Void,Legend,11.2790,83.94,15157.0,,86.00,https://riftbound.gg/decks/kaisa-on-a-budget/
1176,riftboundgg,volibear-relentless-storm-deck-copy-5sqdo,Volibear Relentless Storm Deck - copy,Volibear - Relentless Storm,Legend,11.2786,184.80,15558.0,,282.31,https://riftbound.gg/decks/volibear-relentless-storm-deck-copy-5sqdo/
1177,riftboundgg,best-darius-from-bologna,Best Darius From Bologna,Darius - Hand of Noxus,Legend,11.2650,221.50,27844.0,,1.54,https://riftbound.gg/decks/best-darius-from-bologna/
1178,riftboundgg,master-yi-wuju-bladesman-deck-c4ngi,Master Yi Wuju Bladesman Deck,Teemo - Swift Scout,Legend,11.2647,234.23,26885.0,,311.58,https://riftbound.gg/decks/master-yi-wuju-bladesman-deck-c4ngi/
1179,riftboundgg,azir-top-32-at-sydney-regional-qualifier-copy-1kywp,Azir Top 32 at Sydney Regional Qualifier - copy,Azir - Emperor of the Sands,Legend,11.2619,239.76,15.0,,1.15,https://riftbound.gg/decks/azir-top-32-at-sydney-regional-qualifier-copy-1kywp/
1180,riot-bologna,riot-bologna-490-ghostfunk,Bologna #490 - Ghostfunk,"Ornn, the Fire Below the Mountain",Legend,11.2501,208.62,,,210.35,https://riftbound.leagueoflegends.com/en-us/news/organizedplay/the-best-decks-out-of-bologna/
1181,riftboundgg,miss-fortune-bounty-hunter-deck-u9756,Miss Fortune - Bounty Hunter Deck,Miss Fortune - Bounty Hunter,Legend,11.2471,282.80,199.0,,0.82,https://riftbound.gg/decks/miss-fortune-bounty-hunter-deck-u9756/
1182,piltoverarchive,37cbd5ec-c1e5-48c8-af9d-bdf5dff41fa5,Top 8 mf aurora deck 50 PLAYER NEXUS NIGHT,"Miss Fortune, Bounty Hunter",Legend,11.2469,159.93,2600.0,0,90.00,https://piltoverarchive.com/decks/view/37cbd5ec-c1e5-48c8-af9d-bdf5dff41fa5
1183,piltoverarchive,53bbd272-3c5a-4044-b23d-ade1ee7e5f8b,Top16 Winter League Bologna 10/01/2026 - Teemo,"Teemo, Swift Scout",Legend,11.2466,129.72,10500.0,9,30.00,https://piltoverarchive.com/decks/view/53bbd272-3c5a-4044-b23d-ade1ee7e5f8b
1184,piltoverarchive,ae479e55-ba9f-4505-b202-09f2d5fdc2e2,Shenzhen 4th,"Rek'Sai, Void Burrower",Legend,11.2431,183.14,978.0,1,30.00,https://piltoverarchive.com/decks/view/ae479e55-ba9f-4505-b202-09f2d5fdc2e2
1185,riftboundgg,annie-ncipq,Annie,Annie - Dark Child,Legend,11.2370,181.05,23948.0,,290.22,https://riftbound.gg/decks/annie-ncipq/
1186,piltoverarchive,c57465b6-51e3-46d4-9ff7-e680a0c1733f,Lux Heimer control v2,"Lux, Lady of Luminosity",Legend,11.2218,161.79,1400.0,0,8.00,https://piltoverarchive.com/decks/view/c57465b6-51e3-46d4-9ff7-e680a0c1733f
1187,riftboundgg,miss-fortune-bounty-hunter-deck-brdfp,Miss Fortune Bounty Hunter Deck,Miss Fortune - Bounty Hunter,Legend,11.2217,184.53,23202.0,,279.04,https://riftbound.gg/decks/miss-fortune-bounty-hunter-deck-brdfp/
1188,riftboundgg,azir-current-to-build,Azir - Current To Build,Azir - Emperor of the Sands,Legend,11.2153,230.72,12.0,,1.28,https://riftbound.gg/decks/azir-current-to-build/
1189,riftboundgg,miss-fortune-bounty-hunter-deck-439r1,Miss Fortune Bounty Hunter Deck,Miss Fortune - Bounty Hunter,Legend,11.2120,185.01,26115.0,,290.64,https://riftbound.gg/decks/miss-fortune-bounty-hunter-deck-439r1/
1190,piltoverarchive,627d31f5-dc06-458d-a6f5-9295d83bed89,Guangzhou City Challenge 28th December - 4th Place -  奉轩,"Viktor, Herald of the Arcane",Legend,11.2060,30.50,2100.0,0,60.00,https://piltoverarchive.com/decks/view/627d31f5-dc06-458d-a6f5-9295d83bed89
1191,riftboundgg,lucian-top-64-sydney-regional,Lucian Top 64 Sydney Regional,Lucian - Purifier,Legend,11.2029,290.53,1248.0,,1.28,https://riftbound.gg/decks/lucian-top-64-sydney-regional/
1192,piltoverarchive,229fea52-c3a0-4518-84f3-648e8ddc46ed,Miss MindSplitter - Houston 18th Miss Fortune,"Miss Fortune, Bounty Hunter",Legend,11.1983,140.24,4500.0,0,60.00,https://piltoverarchive.com/decks/view/229fea52-c3a0-4518-84f3-648e8ddc46ed
1193,piltoverarchive,a54a0a1f-6a87-4de9-82ed-814d8d64566d,Kai&#x27;Sa Spiritforged Mech,"Kai'Sa, Daughter of the Void",Legend,11.1975,88.66,1300.0,0,60.00,https://piltoverarchive.com/decks/view/a54a0a1f-6a87-4de9-82ed-814d8d64566d
1194,piltoverarchive,6174ed9c-54b9-46d7-96b9-c55a3c06d809,YOUR EMPEROR HAS RETURNED,"Azir, Emperor of the Sands",Legend,11.1884,107.13,1600.0,0,0.58,https://piltoverarchive.com/decks/view/6174ed9c-54b9-46d7-96b9-c55a3c06d809
1195,riftboundgg,azir-emperor-of-the-sands-deck-ysmlk,Azir - Emperor of the Sands Deck,Azir - Emperor of the Sands,Legend,11.1883,242.41,15.0,,0.96,https://riftbound.gg/decks/azir-emperor-of-the-sands-deck-ysmlk/
1196,riftboundgg,master-yi-solo-defenderramp,Master Yi Solo Defender/Ramp,Master Yi - Wuju Bladesman,Legend,11.1867,68.88,172564.0,,276.33,https://riftbound.gg/decks/master-yi-solo-defenderramp/
1197,piltoverarchive,16d90765-6cbf-4be5-8fe2-30af1f70b956,Poor mans ride the wind,"Volibear, Relentless Storm",Legend,11.1646,129.92,1600.0,0,30.00,https://piltoverarchive.com/decks/view/16d90765-6cbf-4be5-8fe2-30af1f70b956
1198,riftboundgg,azir-emperor-of-the-sands-deck-pce06,Azir - Emperor of the Sands Deck,Azir - Emperor of the Sands,Legend,11.1613,249.21,16.0,,0.81,https://riftbound.gg/decks/azir-emperor-of-the-sands-deck-pce06/
1199,riftboundgg,azir-emperor-of-the-sands-deck-cq4fy,Azir - Emperor of the Sands Deck,Azir - Emperor of the Sands,Legend,11.1544,244.12,12.0,,0.30,https://riftbound.gg/decks/azir-emperor-of-the-sands-deck-cq4fy/
1200,piltoverarchive,04703cc0-ccc4-4cd1-9f38-d68f0b06b8b3,Top 8 mf aurora deck 63 player nexus night,"Miss Fortune, Bounty Hunter",Legend,11.1504,158.24,2100.0,0,90.00,https://piltoverarchive.com/decks/view/04703cc0-ccc4-4cd1-9f38-d68f0b06b8b3
1201,piltoverarchive,771e1eaa-3e29-4e15-af81-6cc956ec7d1b,Big Lux,"Lux, Lady of Luminosity",Legend,11.1468,160.30,1300.0,0,30.00,https://piltoverarchive.com/decks/view/771e1eaa-3e29-4e15-af81-6cc956ec7d1b
1202,riftboundgg,annie-voli-spell-damage-matters,Annie Voli -spell damage matters,Volibear - Relentless Storm,Legend,11.1330,172.82,53717.0,,277.43,https://riftbound.gg/decks/annie-voli-spell-damage-matters/
1203,piltoverarchive,d1b50f00-d946-43db-a692-08cfa4b2ae06,【City Challenge】Guangzhou Station - #119,"Jax, Grandmaster at Arms",Legend,11.1229,78.00,4700.0,1,60.00,https://piltoverarchive.com/decks/view/d1b50f00-d946-43db-a692-08cfa4b2ae06
1204,piltoverarchive,0647b16d-7432-49b6-9e24-fb75942b1f67,Igzolt&#x27;s Ornn v2.0,"Ornn, Fire Below the Mountain",Legend,11.1126,171.52,6300.0,0,60.00,https://piltoverarchive.com/decks/view/0647b16d-7432-49b6-9e24-fb75942b1f67
1205,riftboundgg,kaisa-daughter-of-the-void-deck-fzliz,Kai'Sa Daughter of the Void Deck,Kai'Sa - Daughter of the Void,Legend,11.1113,105.88,18176.0,,295.59,https://riftbound.gg/decks/kaisa-daughter-of-the-void-deck-fzliz/
1206,riftboundgg,ahri-nine-tailed-fox-deck-cqesv,Ahri Nine-Tailed Fox Deck,Ahri - Nine-Tailed Fox,Legend,11.1012,168.62,33736.0,,269.98,https://riftbound.gg/decks/ahri-nine-tailed-fox-deck-cqesv/
1207,piltoverarchive,2765cda7-64f8-47ec-8d73-8fdb206379eb,Teemo Houston Edited,"Teemo, Swift Scout",Legend,11.0904,155.34,2300.0,0,30.00,https://piltoverarchive.com/decks/view/2765cda7-64f8-47ec-8d73-8fdb206379eb
1208,riftboundgg,annie-copy-ndc6r,Annie - copy,Annie - Dark Child,Legend,11.0771,171.93,27511.0,,270.83,https://riftbound.gg/decks/annie-copy-ndc6r/
1209,piltoverarchive,3b9efbeb-377a-4579-a1d7-6fa6cd6eac76,Darius Hook - 3rd Place 26-10 Beijing City Challenge,"Darius, Hand of Noxus",Legend,11.0755,239.15,20500.0,0,120.00,https://piltoverarchive.com/decks/view/3b9efbeb-377a-4579-a1d7-6fa6cd6eac76
1210,piltoverarchive,d0d571d2-2cda-4a97-920b-f704460b1def,Volibear Infernal (Origins),"Volibear, Relentless Storm",Legend,11.0695,116.43,1100.0,2,12.00,https://piltoverarchive.com/decks/view/d0d571d2-2cda-4a97-920b-f704460b1def
1211,riftboundgg,sett-on-a-budget,Sett on a budget,Sett - The Boss,Legend,11.0635,82.50,15214.0,,86.08,https://riftbound.gg/decks/sett-on-a-budget/
1212,riftboundgg,jax-top-256-suzhou-regional,Jax Top 256 Suzhou Regional,Jax - Grandmaster at Arms,Legend,11.0598,120.13,1296.0,,1.28,https://riftbound.gg/decks/jax-top-256-suzhou-regional/
1213,riftboundgg,azir-emperor-of-the-sands-deck-g9glz,Azir - Emperor of the Sands Deck,Azir - Emperor of the Sands,Legend,11.0460,232.56,9.0,,1.13,https://riftbound.gg/decks/azir-emperor-of-the-sands-deck-g9glz/
1214,piltoverarchive,23a8baad-fbaa-4136-94fc-432183cf7e20,China’s No.1 Darius — 74th place at the Shanghai National Open. By 波波,"Darius, Hand of Noxus",Legend,11.0435,236.38,5700.0,0,90.00,https://piltoverarchive.com/decks/view/23a8baad-fbaa-4136-94fc-432183cf7e20
1215,piltoverarchive,f1723f99-54a3-46df-9927-9eca7eb6c84c,Top 16 - 512 Player Regional China,"Miss Fortune, Bounty Hunter",Legend,11.0408,166.29,3800.0,0,150.00,https://piltoverarchive.com/decks/view/f1723f99-54a3-46df-9927-9eca7eb6c84c
1216,piltoverarchive,d98d0dc7-fd98-40fd-b7bb-349f0bbc86b0,3rd place group A (Ascension League) - 23/09/2025,"Annie, Dark Child",Legend,11.0408,162.94,3100.0,0,150.00,https://piltoverarchive.com/decks/view/d98d0dc7-fd98-40fd-b7bb-349f0bbc86b0
1217,riftboundgg,azir-emperor-of-the-sands-deck-hjk0o,Azir - Emperor of the Sands Deck,Azir - Emperor of the Sands,Legend,11.0377,284.35,15.0,,0.46,https://riftbound.gg/decks/azir-emperor-of-the-sands-deck-hjk0o/
1218,riftboundgg,best-origins-volibear,Best Origins Volibear,Volibear - Relentless Storm,Legend,11.0147,148.06,29692.0,,149.61,https://riftbound.gg/decks/best-origins-volibear/
1219,riftboundgg,lux-lady-of-luminosity-deck-eb10h,Lux Lady of Luminosity Deck,Lux - Lady of Luminosity,Legend,11.0084,208.26,42888.0,,289.08,https://riftbound.gg/decks/lux-lady-of-luminosity-deck-eb10h/
1220,riftboundgg,miss-fortune-bounty-hunter-deck-pj0xz,Miss Fortune Bounty Hunter Deck,Miss Fortune - Bounty Hunter,Legend,11.0039,178.56,17806.0,,290.85,https://riftbound.gg/decks/miss-fortune-bounty-hunter-deck-pj0xz/
1221,piltoverarchive,8c280909-2eea-4eed-b431-e3d24568fded,Jayce Viktor Vanguard Armory,"Viktor, Herald of the Arcane",Legend,10.9964,27.40,796.0,0,24.00,https://piltoverarchive.com/decks/view/8c280909-2eea-4eed-b431-e3d24568fded
1222,piltoverarchive,3010c8fe-3265-4375-bfc8-69ed0d1de0dc,Volibear Control,"Volibear, Relentless Storm",Legend,10.9897,133.30,3200.0,0,60.00,https://piltoverarchive.com/decks/view/3010c8fe-3265-4375-bfc8-69ed0d1de0dc
1223,piltoverarchive,b51b70f0-db02-438a-8f4c-bd942a36df63,Volibear Shanghai! Day 1 Final Game 2-0 Vs Kay&#x27;sa,"Volibear, Relentless Storm",Legend,10.9878,130.95,17400.0,1,90.00,https://piltoverarchive.com/decks/view/b51b70f0-db02-438a-8f4c-bd942a36df63
1224,riftboundgg,lux-lady-of-luminosity-deck-t4ttk,Lux Lady of Luminosity Deck,Lux - Lady of Luminosity,Legend,10.9781,208.14,26549.0,,280.03,https://riftbound.gg/decks/lux-lady-of-luminosity-deck-t4ttk/
1225,piltoverarchive,26d293ae-8931-449a-9c4a-abd893dc7ae8,Miss Fortune Aurora,"Miss Fortune, Bounty Hunter",Legend,10.9689,140.20,2000.0,0,60.00,https://piltoverarchive.com/decks/view/26d293ae-8931-449a-9c4a-abd893dc7ae8
1226,piltoverarchive,43b853ac-e832-4558-bc32-271182caa0ae,KYS DARIUS,"Darius, Hand of Noxus",Legend,10.9587,208.88,836.0,1,25.00,https://piltoverarchive.com/decks/view/43b853ac-e832-4558-bc32-271182caa0ae
1227,riftboundgg,miss-fortune-wins-s3-shenyang-city-challenge-copy-2,Miss Fortune wins S3 Shenyang City Challenge - copy 2,Miss Fortune - Bounty Hunter,Legend,10.9506,322.88,21.0,,0.88,https://riftbound.gg/decks/miss-fortune-wins-s3-shenyang-city-challenge-copy-2/
1228,piltoverarchive,918efae7-12d2-47e1-bc70-7c81fbf4c0dc,Ahri Top 1 Micelion,"Ahri, Nine-Tailed Fox",Legend,10.9376,139.54,12400.0,0,120.00,https://piltoverarchive.com/decks/view/918efae7-12d2-47e1-bc70-7c81fbf4c0dc
1229,riftboundgg,darius-chinese-national-74th,Darius Chinese National 74th,Darius - Hand of Noxus,Legend,10.9341,256.38,40041.0,,197.55,https://riftbound.gg/decks/darius-chinese-national-74th/
1230,riftboundgg,master-yi-top-64-fuzhou-regional,Master Yi Top 64 Fuzhou Regional,Master Yi - Wuju Bladesman,Legend,10.9289,57.36,19714.0,,121.08,https://riftbound.gg/decks/master-yi-top-64-fuzhou-regional/
1231,piltoverarchive,63e8226d-2ec3-404d-b8fd-f97ee0b9f265,Copy of China #1 Voli,"Volibear, Relentless Storm",Legend,10.9283,129.60,830.0,0,30.00,https://piltoverarchive.com/decks/view/63e8226d-2ec3-404d-b8fd-f97ee0b9f265
1232,piltoverarchive,a973bf59-ea34-467f-8e57-24e2c2243101,MF Aurora current,"Miss Fortune, Bounty Hunter",Legend,10.9277,139.80,1800.0,0,60.00,https://piltoverarchive.com/decks/view/a973bf59-ea34-467f-8e57-24e2c2243101
1233,riftboundgg,010-power-spike-yasuo,0/10 Power Spike Yasuo,Yasuo - Unforgiven,Legend,10.9185,451.26,57209.0,,303.75,https://riftbound.gg/decks/010-power-spike-yasuo/
1234,piltoverarchive,075ebaf6-e47a-42eb-b601-2e09eb2bb8f9,Yas Tier 1 (Hope),"Yasuo, Unforgiven",Legend,10.9112,152.60,1800.0,0,26.00,https://piltoverarchive.com/decks/view/075ebaf6-e47a-42eb-b601-2e09eb2bb8f9
1235,piltoverarchive,c1231d97-bace-4c73-ac38-5d0a5cef3933,Teemo gear and hidden,"Teemo, Swift Scout",Legend,10.8960,135.06,3000.0,0,20.00,https://piltoverarchive.com/decks/view/c1231d97-bace-4c73-ac38-5d0a5cef3933
1236,riftboundgg,fiora-grand-duelist-deck-evk1r,Fiora - Grand Duelist Deck,Fiora - Grand Duelist,Legend,10.8933,130.08,108.0,,1.25,https://riftbound.gg/decks/fiora-grand-duelist-deck-evk1r/
1237,piltoverarchive,2f66a09a-531b-4001-bf24-8acf75065729,Miss Fortune Movement &amp; Tempo Control,"Miss Fortune, Bounty Hunter",Legend,10.8924,119.87,1600.0,2,27.00,https://piltoverarchive.com/decks/view/2f66a09a-531b-4001-bf24-8acf75065729
1238,riftboundgg,2nd-guangzhou-regionals-tournament-aug-2025,幻影: 2nd - Guangzhou Regionals Tournament (Aug 2025),Master Yi - Wuju Bladesman,Legend,10.8803,58.65,4107307.0,,265.71,https://riftbound.gg/decks/2nd-guangzhou-regionals-tournament-aug-2025/
1239,piltoverarchive,38a1568e-97a5-4d69-ae30-d0e68da30f7a,Ahri Sona Control,"Ahri, Nine-Tailed Fox",Legend,10.8784,102.49,7100.0,0,30.00,https://piltoverarchive.com/decks/view/38a1568e-97a5-4d69-ae30-d0e68da30f7a
1240,riftboundgg,manu-3-4th-luxury-riftbound-cs-1k-aug-16th,Manu: 3-4th - Luxury Riftbound CS 1K (Aug 16th),Master Yi - Wuju Bladesman,Legend,10.8720,58.82,4483182.0,,274.39,https://riftbound.gg/decks/manu-3-4th-luxury-riftbound-cs-1k-aug-16th/
1241,riftboundgg,miss-fortune-2nd-at-common-box-games-summoner-skirmish-copy-rdgdq,Miss Fortune 2nd at Common Box Games Summoner Skirmish - copy,Miss Fortune - Bounty Hunter,Legend,10.8617,248.39,146.0,,1.54,https://riftbound.gg/decks/miss-fortune-2nd-at-common-box-games-summoner-skirmish-copy-rdgdq/
1242,riftboundgg,yasuo-more,Yasuo more,Yasuo - Unforgiven,Legend,10.8553,288.95,80077.0,,272.07,https://riftbound.gg/decks/yasuo-more/
1243,piltoverarchive,1faf1e36-b37f-4bad-8b49-4109b5dc4167,Ahri Skirmish 1st Place,"Ahri, Nine-Tailed Fox",Legend,10.8430,133.64,1300.0,0,60.00,https://piltoverarchive.com/decks/view/1faf1e36-b37f-4bad-8b49-4109b5dc4167
1244,riftboundgg,yasuo-brew-pile,Yasuo Brew Pile,Yasuo - Unforgiven,Legend,10.8392,300.09,51955.0,,266.79,https://riftbound.gg/decks/yasuo-brew-pile/
1245,riftboundgg,pyke-bloodharbor-ripper-deck-7ujfn,Pyke - Bloodharbor Ripper Deck,Ezreal - Prodigy,Champion,10.8389,145.42,9.0,,1.27,https://riftbound.gg/decks/pyke-bloodharbor-ripper-deck-7ujfn/
1246,riftboundgg,darius-top-256-chengdu-regional,Darius Top 256 Chengdu Regional,"Darius, Hand of Noxus (Origins Release Event Promo)",Legend,10.8353,228.36,13153.0,,116.12,https://riftbound.gg/decks/darius-top-256-chengdu-regional/
1247,riftboundgg,kaisa-daughter-of-the-void-origins-release-event-promo-deck-0dhry,"Kai'Sa, Daughter of the Void (Origins Release Event Promo) Deck",Kai'Sa - Daughter of the Void,Legend,10.8294,192.69,9.0,,0.82,https://riftbound.gg/decks/kaisa-daughter-of-the-void-origins-release-event-promo-deck-0dhry/
1248,riftboundgg,010-yasuo-spike-c8r58,0/10 Yasuo Spike,Yasuo - Unforgiven,Legend,10.8290,445.09,27326.0,,303.75,https://riftbound.gg/decks/010-yasuo-spike-c8r58/
1249,riftboundgg,presto-2nd-riftbound-meta-weekly-aug-10th,Presto: 2nd - Riftbound Meta Weekly (Aug 10th),Master Yi - Wuju Bladesman,Legend,10.8237,58.77,4416272.0,,283.28,https://riftbound.gg/decks/presto-2nd-riftbound-meta-weekly-aug-10th/
1250,riftboundgg,noheroes-jey-5-8th-riftlab-trial-i-aug-9th,NoHeroes_Jey: 5-8th - Riftlab Trial I (Aug 9th),Master Yi - Wuju Bladesman,Legend,10.8208,58.72,3666662.0,,278.43,https://riftbound.gg/decks/noheroes-jey-5-8th-riftlab-trial-i-aug-9th/
1251,piltoverarchive,38e0b34b-e78d-428b-93ea-3028b3e4e382,Greenpeace Brehamm&#x27;s Ahri,"Ahri, Nine-Tailed Fox",Legend,10.8154,128.03,7500.0,2,90.00,https://piltoverarchive.com/decks/view/38e0b34b-e78d-428b-93ea-3028b3e4e382
1252,piltoverarchive,c03bca7c-22a3-4e59-9fa4-f12256446e4a,"Budget Aggro Darius, no hook","Darius, Hand of Noxus",Legend,10.8098,218.72,1900.0,0,60.00,https://piltoverarchive.com/decks/view/c03bca7c-22a3-4e59-9fa4-f12256446e4a
1253,riftboundgg,sivir-on-a-budget,Sivir on a budget,Sivir - Battle Mistress,Legend,10.8079,108.61,15453.0,,85.15,https://riftbound.gg/decks/sivir-on-a-budget/
1254,piltoverarchive,a99935f8-6370-46f1-94d4-0e60f84877e4,1st Place Nexus Night Manga Couple Store,"Ahri, Nine-Tailed Fox",Legend,10.8045,121.89,19400.0,0,90.00,https://piltoverarchive.com/decks/view/a99935f8-6370-46f1-94d4-0e60f84877e4
1255,piltoverarchive,b4b3c7a7-951e-4da5-9fc2-6da8878952e5,Houston Texans Defense Rek&#x27;Sai (The Swarm),"Rek'Sai, Void Burrower",Legend,10.7706,199.66,999.0,4,4.00,https://piltoverarchive.com/decks/view/b4b3c7a7-951e-4da5-9fc2-6da8878952e5
1256,riftboundgg,lux-lady-of-luminosity-deck-9cgt9,Lux Lady of Luminosity Deck,Lux - Lady of Luminosity,Legend,10.7674,194.22,42453.0,,269.34,https://riftbound.gg/decks/lux-lady-of-luminosity-deck-9cgt9/
1257,riftboundgg,bane,Bane,Yasuo - Unforgiven,Legend,10.7621,244.48,70055.0,,271.73,https://riftbound.gg/decks/bane/
1258,riftboundgg,overwhelming-attacks,Overwhelming Attacks,Volibear - Relentless Storm,Legend,10.7494,162.15,33731.0,,290.88,https://riftbound.gg/decks/overwhelming-attacks/
1259,piltoverarchive,e5a4bd4d-28aa-4186-bec0-b9bc16b78205,Mostly body midrange,"Volibear, Relentless Storm",Legend,10.7479,117.32,858.0,0,20.00,https://piltoverarchive.com/decks/view/e5a4bd4d-28aa-4186-bec0-b9bc16b78205
1260,piltoverarchive,b4682480-c3b2-4689-b4ee-953397513adf,Jinx Optimal,"Jinx, Loose Cannon",Legend,10.7472,223.88,2600.0,0,90.00,https://piltoverarchive.com/decks/view/b4682480-c3b2-4689-b4ee-953397513adf
1261,mobalytics-tournament,teemo-swift-scout-scgcon-vegas-top8-prismaticism,"Teemo, Swift Scout: SCG Vegas Riftbound 10K Constructed Top 8 (Prismaticism)","Teemo, Swift Scout",Legend,10.7449,65.91,26400.0,0,60.00,https://mobalytics.gg/riftbound/decks/teemo-swift-scout-scgcon-vegas-top8-prismaticism
1262,riftboundgg,azir-emperor-of-the-sands-deck-h8fql,Azir - Emperor of the Sands Deck,Azir - Emperor of the Sands,Legend,10.7377,207.50,9.0,,0.46,https://riftbound.gg/decks/azir-emperor-of-the-sands-deck-h8fql/
1263,riftboundgg,yasuo-unforgiven-deck-rtd8y,Yasuo Unforgiven Deck,Yasuo - Unforgiven,Legend,10.7362,323.86,31536.0,,290.37,https://riftbound.gg/decks/yasuo-unforgiven-deck-rtd8y/
1264,riftboundgg,yasuo-unforgiven-deck-copy,Yasuo Unforgiven Deck - copy,Yasuo - Unforgiven,Legend,10.7287,309.55,25099.0,,277.40,https://riftbound.gg/decks/yasuo-unforgiven-deck-copy/
1265,riftboundgg,azir-wins-lille-regional-qualifier-copy-o0pjt,Azir Wins Lille Regional Qualifier - copy,Azir - Emperor of the Sands,Legend,10.7280,215.80,8.0,,0.51,https://riftbound.gg/decks/azir-wins-lille-regional-qualifier-copy-o0pjt/
1266,piltoverarchive,7a62202c-f013-45a9-a9f2-7c2e423e78d6,Ahri Cantrip Control,"Ahri, Nine-Tailed Fox",Legend,10.7221,115.82,6200.0,0,60.00,https://piltoverarchive.com/decks/view/7a62202c-f013-45a9-a9f2-7c2e423e78d6
1267,piltoverarchive,004c1df9-d4b4-4a16-b123-c88273ec8b49,Tell The People! (Midrange Azir),"Azir, Emperor of the Sands",Legend,10.7215,62.06,2200.0,0,60.00,https://piltoverarchive.com/decks/view/004c1df9-d4b4-4a16-b123-c88273ec8b49
1268,piltoverarchive,d7d75b88-1040-40f6-b2e4-fc44a3af92a2,Hand Control Sivir,"Sivir, Battle Mistress",Legend,10.7156,121.46,1300.0,0,5.00,https://piltoverarchive.com/decks/view/d7d75b88-1040-40f6-b2e4-fc44a3af92a2
1269,riftboundgg,yasuo-unforgiven-deck-a06kp,Yasuo Unforgiven Deck,Yasuo - Unforgiven,Legend,10.7128,322.25,23146.0,,285.38,https://riftbound.gg/decks/yasuo-unforgiven-deck-a06kp/
1270,riftboundgg,sivir-2nd-at-sydney-regional-qualifier-copy-9ln66,Sivir 2nd at Sydney Regional Qualifier - copy,Sivir - Battle Mistress,Legend,10.7086,236.57,24.0,,1.76,https://riftbound.gg/decks/sivir-2nd-at-sydney-regional-qualifier-copy-9ln66/
1271,piltoverarchive,f1df6c32-b286-4975-a4f5-1d60cce52564,Batsu spiritforged Darius,"Darius, Hand of Noxus",Legend,10.7017,222.84,2000.0,9,3.00,https://piltoverarchive.com/decks/view/f1df6c32-b286-4975-a4f5-1d60cce52564
1272,piltoverarchive,ffc4fbc2-c209-4e85-bfd5-5240a889c36f,kaisa 1st place Riftlab Trials 2,"Kai'Sa, Daughter of the Void",Legend,10.6909,83.01,6200.0,0,120.00,https://piltoverarchive.com/decks/view/ffc4fbc2-c209-4e85-bfd5-5240a889c36f
1273,piltoverarchive,3612456f-1bd6-427d-8b34-e1016211c61d,Top 16 - 512 Player Regional China,"Miss Fortune, Bounty Hunter",Legend,10.6711,156.32,5400.0,0,180.00,https://piltoverarchive.com/decks/view/3612456f-1bd6-427d-8b34-e1016211c61d
1274,piltoverarchive,526d0c0a-4d2f-43db-8f4b-09c58838da14,Sivir,"Sivir, Battle Mistress",Legend,10.6658,102.81,1100.0,0,30.00,https://piltoverarchive.com/decks/view/526d0c0a-4d2f-43db-8f4b-09c58838da14
1275,riftboundgg,ahri-nine-tailed-fox-deck-bx8u1,Ahri - Nine-Tailed Fox Deck,Ahri - Nine-Tailed Fox,Legend,10.6609,959.03,120.0,,0.01,https://riftbound.gg/decks/ahri-nine-tailed-fox-deck-bx8u1/
1276,piltoverarchive,01952a6c-64b2-434f-a4b0-0878af66f682,BEST LUCIAN DECK SO FAR (FULLY TESTED),"Lucian, Purifier",Legend,10.6585,171.83,4900.0,2,90.00,https://piltoverarchive.com/decks/view/01952a6c-64b2-434f-a4b0-0878af66f682
1277,riftboundgg,yasuo-no-poro,Yasuo no poro,Yasuo - Unforgiven,Legend,10.6545,218.38,44358.0,,271.49,https://riftbound.gg/decks/yasuo-no-poro/
1278,riftboundgg,azir-emperor-of-the-sands-deck-30cs2,Azir - Emperor of the Sands Deck,Azir - Emperor of the Sands,Legend,10.6538,294.25,6.0,,0.31,https://riftbound.gg/decks/azir-emperor-of-the-sands-deck-30cs2/
1279,riftboundgg,lux-lady-of-luminosity-deck-5tjsv,Lux Lady of Luminosity Deck,Lux - Lady of Luminosity,Legend,10.6404,187.54,67832.0,,279.11,https://riftbound.gg/decks/lux-lady-of-luminosity-deck-5tjsv/
1280,riftboundgg,no-poro-but-good,No Poro but good,Yasuo - Unforgiven,Legend,10.6398,220.15,37759.0,,271.12,https://riftbound.gg/decks/no-poro-but-good/
1281,piltoverarchive,3c91202f-27ad-4199-a503-7a0119f7e14f,4th-Foshan City Challenge,"Lux, Lady of Luminosity",Legend,10.6385,163.99,9400.0,0,120.00,https://piltoverarchive.com/decks/view/3c91202f-27ad-4199-a503-7a0119f7e14f
1282,piltoverarchive,6e6f313e-f026-445e-8efa-a740eb94d14c,1st Place Nexus Night Manga Couple Store,"Ahri, Nine-Tailed Fox",Legend,10.6293,122.83,2000.0,0,60.00,https://piltoverarchive.com/decks/view/6e6f313e-f026-445e-8efa-a740eb94d14c
1283,riftboundgg,ahri-nine-tailed-fox-deck-qn6h4,Ahri Nine-Tailed Fox Deck,Ahri - Nine-Tailed Fox,Legend,10.6275,156.45,26997.0,,306.59,https://riftbound.gg/decks/ahri-nine-tailed-fox-deck-qn6h4/
1284,riftboundgg,lucian-purifier-deck-ewt20,Lucian - Purifier Deck,Lucian - Purifier,Legend,10.6195,391.15,76.0,,0.80,https://riftbound.gg/decks/lucian-purifier-deck-ewt20/
1285,riftboundgg,aebonrock-8th-maxtapera-tournament,AEbonrock: 8th - MaxTapera Tournament,Darius - Hand of Noxus,Legend,10.6192,236.31,3338924.0,,317.96,https://riftbound.gg/decks/aebonrock-8th-maxtapera-tournament/
1286,riftboundgg,yasuo-unforgiven-deck-copy-dgwbk,Yasuo Unforgiven Deck - copy,Yasuo - Unforgiven,Legend,10.6182,284.10,19630.0,,290.90,https://riftbound.gg/decks/yasuo-unforgiven-deck-copy-dgwbk/
1287,riftboundgg,teemo-tl,Teemo TL,Teemo - Swift Scout,Legend,10.6169,184.74,28326.0,,206.52,https://riftbound.gg/decks/teemo-tl/
1288,riftboundgg,yasuo-unforgiven-deck-xi0df,Yasuo Unforgiven Deck,Yasuo - Unforgiven,Legend,10.6074,216.83,41916.0,,282.38,https://riftbound.gg/decks/yasuo-unforgiven-deck-xi0df/
1289,riftboundgg,volibear-chinese-national-137th,Volibear Chinese National 137th,Volibear - Relentless Storm,Legend,10.6031,141.38,49959.0,,197.57,https://riftbound.gg/decks/volibear-chinese-national-137th/
1290,riftboundgg,leona-radiant-dawn-deck-cyryi,Leona - Radiant Dawn Deck,Leona - Radiant Dawn,Legend,10.5961,328.20,143.0,,1.61,https://riftbound.gg/decks/leona-radiant-dawn-deck-cyryi/
1291,piltoverarchive,47afbb47-2191-45c0-ba13-61a208e8fa53,2nd place group A (Ascension League - Stage 3) - 06/10/2025,"Kai'Sa, Daughter of the Void",Legend,10.5954,84.21,2900.0,0,120.00,https://piltoverarchive.com/decks/view/47afbb47-2191-45c0-ba13-61a208e8fa53
1292,riftboundgg,teemo-top-16-runes-league-italy,Teemo Top 16 Runes League Italy,Teemo - Swift Scout,Legend,10.5846,161.67,26417.0,,128.35,https://riftbound.gg/decks/teemo-top-16-runes-league-italy/
1293,piltoverarchive,9d3a8415-3964-4609-bf88-6b869bce1955,Lux Control v2 (📈📈📈),"Lux, Lady of Luminosity",Legend,10.5785,152.75,6800.0,0,90.00,https://piltoverarchive.com/decks/view/9d3a8415-3964-4609-bf88-6b869bce1955
1294,riftboundgg,ahri-top-8-in-city-league-fujian-grand-final-copy-lj4yu,Ahri Top 8 in City League: Fujian - Grand Final - copy,Ahri - Nine-Tailed Fox,Legend,10.5739,565.93,35.0,,1.54,https://riftbound.gg/decks/ahri-top-8-in-city-league-fujian-grand-final-copy-lj4yu/
1295,riftboundgg,sett-2nd-at-45-afternoon-summoner-skirmish-copy,Sett 2nd at 4.5 Afternoon Summoner Skirmish - copy,Sett - The Boss,Legend,10.5638,174.85,11.0,,1.54,https://riftbound.gg/decks/sett-2nd-at-45-afternoon-summoner-skirmish-copy/
1296,piltoverarchive,5536509d-ca3f-4054-ac4e-1dfb8bf4a857,Jinx 1 Place Skirmich Conce.,"Jinx, Loose Cannon",Legend,10.5609,208.18,3900.0,0,90.00,https://piltoverarchive.com/decks/view/5536509d-ca3f-4054-ac4e-1dfb8bf4a857
1297,riftboundgg,yasuo-unforgiven-deck-qdqti,Yasuo Unforgiven Deck,Yasuo - Unforgiven,Legend,10.5565,250.97,16555.0,,285.41,https://riftbound.gg/decks/yasuo-unforgiven-deck-qdqti/
1298,riftboundgg,volibear-tl,Volibear TL,Volibear - Relentless Storm,Legend,10.5499,144.08,28341.0,,206.48,https://riftbound.gg/decks/volibear-tl/
1299,riftboundgg,jax-cook,Jax Cook,Jax - Grandmaster at Arms,Legend,10.5487,801.03,9.0,,1.32,https://riftbound.gg/decks/jax-cook/
1300,riftboundgg,viktor-top-32-sydney-regional-copy-2,Viktor Top 32 Sydney regional - copy 2,Viktor - Herald of the Arcane,Legend,10.5481,60.58,17.0,,0.50,https://riftbound.gg/decks/viktor-top-32-sydney-regional-copy-2/
1301,riftboundgg,kaisa-void,Kai'sa Void,Kai'Sa - Daughter of the Void,Legend,10.5419,92.33,27043.0,,290.85,https://riftbound.gg/decks/kaisa-void/
1302,riftboundgg,jax-grandmaster-at-arms-deck-ai65y,Jax - Grandmaster at Arms Deck,Jax - Grandmaster at Arms,Legend,10.5385,431.14,11.0,,1.67,https://riftbound.gg/decks/jax-grandmaster-at-arms-deck-ai65y/
1303,riftboundgg,kaisa-spells,Kaisa spells,Kai'Sa - Daughter of the Void,Legend,10.5349,86.19,378617.0,,294.29,https://riftbound.gg/decks/kaisa-spells/
1304,riftboundgg,migan-3-4th-riftlab-trial-i-aug-9th-copy-nc1e8,Migan: 3-4th - Riftlab Trial I (Aug 9th) - copy,Volibear - Relentless Storm,Legend,10.5292,154.35,16712.0,,266.20,https://riftbound.gg/decks/migan-3-4th-riftlab-trial-i-aug-9th-copy-nc1e8/
1305,piltoverarchive,e0cecd96-7ec9-43bf-8742-4f540309021f,3rd place group A (Ascension League - Stage 6) - 27/10/2025,"Ahri, Nine-Tailed Fox",Legend,10.5250,128.72,8200.0,0,120.00,https://piltoverarchive.com/decks/view/e0cecd96-7ec9-43bf-8742-4f540309021f
1306,piltoverarchive,5c1c6789-c00e-45b5-8227-cb0e54f9b1bf,Best of Teemo - 36th Place Houston Regionals,"Teemo, Swift Scout",Legend,10.5158,110.49,90800.0,3,30.00,https://piltoverarchive.com/decks/view/5c1c6789-c00e-45b5-8227-cb0e54f9b1bf
1307,piltoverarchive,7aaa04e9-721b-46c0-a7cd-b9e5b39c44fc,China’s No.1 Volibear — 137th place at the Shanghai National Open. By ZL希洛库玛,"Volibear, Relentless Storm",Legend,10.5129,127.54,4000.0,0,90.00,https://piltoverarchive.com/decks/view/7aaa04e9-721b-46c0-a7cd-b9e5b39c44fc
1308,piltoverarchive,b52a38b6-4e7a-4826-8241-47b35fe173df,That one mf deck that spiked Houston(6-2-1 cuz of stall : ( ),"Miss Fortune, Bounty Hunter",Legend,10.5048,120.60,3100.0,0,60.00,https://piltoverarchive.com/decks/view/b52a38b6-4e7a-4826-8241-47b35fe173df
1309,riftboundgg,volibear-relentless-storm-deck-2wszj,Volibear Relentless Storm Deck,Volibear - Relentless Storm,Legend,10.5045,150.74,43366.0,,278.25,https://riftbound.gg/decks/volibear-relentless-storm-deck-2wszj/
1310,riftboundgg,lux-tl,Lux TL,Lux - Lady of Luminosity,Legend,10.5038,173.61,28292.0,,206.50,https://riftbound.gg/decks/lux-tl/
1311,piltoverarchive,045a85e5-2cea-4c3c-89d5-5842fdc7ef29,Winter League Bologna - 01/10/26 - Top8 - Dellа Guаrdiа,"Master Yi, Wuju Bladesman",Legend,10.5011,43.90,2300.0,0,30.00,https://piltoverarchive.com/decks/view/045a85e5-2cea-4c3c-89d5-5842fdc7ef29
1312,piltoverarchive,90d79544-c5d9-4219-902c-3a59354a331c,Budget Darius 3-0 Nexus Night,"Darius, Hand of Noxus",Legend,10.4914,185.36,1100.0,0,30.00,https://piltoverarchive.com/decks/view/90d79544-c5d9-4219-902c-3a59354a331c
1313,riftboundgg,miss-fortune-top-16-atlanta,Miss Fortune Top 16 Atlanta,Miss Fortune - Bounty Hunter,Legend,10.4834,137.95,34468.0,,175.08,https://riftbound.gg/decks/miss-fortune-top-16-atlanta/
1314,piltoverarchive,ca53a42d-42bc-4487-85c2-0cf5db03606e,"Lux, Lady of Strategy","Lux, Lady of Luminosity",Legend,10.4775,158.25,2500.0,0,90.00,https://piltoverarchive.com/decks/view/ca53a42d-42bc-4487-85c2-0cf5db03606e
1315,piltoverarchive,920c914d-408f-4e00-ac24-88fdfa9f3051,Set 2 Dragon Voli,"Volibear, Relentless Storm",Legend,10.4448,104.55,1400.0,0,23.00,https://piltoverarchive.com/decks/view/920c914d-408f-4e00-ac24-88fdfa9f3051
1316,riftboundgg,annie-proving-grounds-deck-nkw8v,Annie Proving Grounds Deck,Annie - Dark Child,Legend,10.4424,135.12,52111.0,,198.62,https://riftbound.gg/decks/annie-proving-grounds-deck-nkw8v/
1317,riftboundgg,azir-emperor-of-the-sands-deck-dyawk,Azir - Emperor of the Sands Deck,Azir - Emperor of the Sands,Legend,10.4408,124.52,24.0,,0.42,https://riftbound.gg/decks/azir-emperor-of-the-sands-deck-dyawk/
1318,piltoverarchive,68e7914b-ad68-4886-8b6f-ec44583136ff,Volibear Dragon Ramp,"Volibear, Relentless Storm",Legend,10.4400,128.81,2500.0,0,90.00,https://piltoverarchive.com/decks/view/68e7914b-ad68-4886-8b6f-ec44583136ff
1319,riftboundgg,volibear-relentless-storm-deck-cfqq8,Volibear Relentless Storm Deck,Volibear - Relentless Storm,Legend,10.4387,150.70,32320.0,,287.45,https://riftbound.gg/decks/volibear-relentless-storm-deck-cfqq8/
1320,riftboundgg,presto-2nd-riftbound-meta-weekly-aug-10th-copy-2-vkd7u,Presto: 2nd - Riftbound Meta Weekly (Aug 10th) - copy 2,Master Yi - Wuju Bladesman,Legend,10.4345,62.56,13710.0,,277.40,https://riftbound.gg/decks/presto-2nd-riftbound-meta-weekly-aug-10th-copy-2-vkd7u/
1321,riftboundgg,dennis-alpizar-weekly-riftbound-cr-unl,Dennis Alpízar - Weekly Riftbound CR - UNL,Lucian - Purifier,Legend,10.4316,359.92,22.0,,0.81,https://riftbound.gg/decks/dennis-alpizar-weekly-riftbound-cr-unl/
1322,riftboundgg,lux-lady-of-luminosity-deck-mlzvu,Lux Lady of Luminosity Deck,Lux - Lady of Luminosity,Legend,10.4310,184.33,27310.0,,287.99,https://riftbound.gg/decks/lux-lady-of-luminosity-deck-mlzvu/
1323,riftboundgg,volibear-relentless-storm-deck-l5g8u,Volibear Relentless Storm Deck,Volibear - Relentless Storm,Legend,10.4247,150.25,33495.0,,289.21,https://riftbound.gg/decks/volibear-relentless-storm-deck-l5g8u/
1324,riftboundgg,leona-radiant-dawn-deck-e5fqv,Leona - Radiant Dawn Deck,Leona - Radiant Dawn,Legend,10.4218,310.23,96.0,,1.64,https://riftbound.gg/decks/leona-radiant-dawn-deck-e5fqv/
1325,riftboundgg,volibear-relentless-storm-deck-n9e83,Volibear Relentless Storm Deck,Volibear - Relentless Storm,Legend,10.4211,148.19,41784.0,,280.29,https://riftbound.gg/decks/volibear-relentless-storm-deck-n9e83/
1326,riftboundgg,sett-the-boss-deck-2mpr5,Sett The Boss Deck,Sett - The Boss,Legend,10.4157,94.27,13954.0,,287.02,https://riftbound.gg/decks/sett-the-boss-deck-2mpr5/
1327,riftboundgg,jinx-loose-cannon-deck-f8ptc,Jinx - Loose Cannon Deck,Jinx - Loose Cannon,Legend,10.4072,622.56,216.0,,0.98,https://riftbound.gg/decks/jinx-loose-cannon-deck-f8ptc/
1328,riftboundgg,midrange-darius-from-vegas,Midrange Darius From Vegas,Darius - Hand of Noxus,Legend,10.3929,177.66,16435.0,,77.17,https://riftbound.gg/decks/midrange-darius-from-vegas/
1329,piltoverarchive,2aa3b4e8-9fa3-431d-9897-1c42517978eb,Ornn Tested over 20 game (description),"Ornn, Fire Below the Mountain",Legend,10.3885,130.38,14000.0,2,60.00,https://piltoverarchive.com/decks/view/2aa3b4e8-9fa3-431d-9897-1c42517978eb
1330,riftboundgg,fiora-grand-duelist-deck-bbxzt,Fiora - Grand Duelist Deck,Fiora - Grand Duelist,Legend,10.3860,135.49,13.0,,1.70,https://riftbound.gg/decks/fiora-grand-duelist-deck-bbxzt/
1331,piltoverarchive,8c4a49c9-fd39-4399-b014-b140170f970e,SCG 10k Top 8,"Ahri, Nine-Tailed Fox",Legend,10.3781,93.76,4100.0,0,30.00,https://piltoverarchive.com/decks/view/8c4a49c9-fd39-4399-b014-b140170f970e
1332,riftboundgg,leona-radiant-dawn-deck-copy-crxt6,Leona - Radiant Dawn Deck - copy,Leona - Radiant Dawn,Legend,10.3578,309.34,164.0,,0.87,https://riftbound.gg/decks/leona-radiant-dawn-deck-copy-crxt6/
1333,riftboundgg,ahri-nine-tailed-fox-deck-rxkbm,Ahri - Nine-Tailed Fox Deck,Ahri - Nine-Tailed Fox,Legend,10.3489,781.39,14.0,,1.61,https://riftbound.gg/decks/ahri-nine-tailed-fox-deck-rxkbm/
1334,riftboundgg,mf-aggro-runes-rift-5th,MF Aggro Runes & Rift 5th,Miss Fortune - Bounty Hunter,Legend,10.3483,140.97,14310.0,,189.50,https://riftbound.gg/decks/mf-aggro-runes-rift-5th/
1335,riftboundgg,volibear-relentless-storm-deck-n7757,Volibear Relentless Storm Deck,Volibear - Relentless Storm,Legend,10.3472,149.86,15662.0,,281.68,https://riftbound.gg/decks/volibear-relentless-storm-deck-n7757/
1336,riftboundgg,zac-annie-guess-copy,Zac annie guess - copy,Annie - Dark Child,Legend,10.3444,146.72,23902.0,,277.85,https://riftbound.gg/decks/zac-annie-guess-copy/
1337,riftboundgg,josselyn-teyssier-5-8th-riftbound-france-cup-season-0-1-aug-10th,Josselyn Teyssier: 5-8th - Riftbound France Cup Season 0 #1 (Aug 10th),Volibear - Relentless Storm,Legend,10.3316,150.11,13469.0,,283.29,https://riftbound.gg/decks/josselyn-teyssier-5-8th-riftbound-france-cup-season-0-1-aug-10th/
1338,riftboundgg,master-yi-wuju-bladesman-deck-vhozd,Master Yi Wuju Bladesman Deck,Kai'Sa - Daughter of the Void,Legend,10.3295,86.70,64844.0,,303.08,https://riftbound.gg/decks/master-yi-wuju-bladesman-deck-vhozd/
1339,piltoverarchive,8132b6ac-f5b1-4e3f-a054-34ecdb2cf6dc,Best-Of Lee Sin - 185th Place - Fuzhou Regional Open,"Lee Sin, Blind Monk",Legend,10.3271,250.15,1500.0,2,27.00,https://piltoverarchive.com/decks/view/8132b6ac-f5b1-4e3f-a054-34ecdb2cf6dc
1340,riftboundgg,volibear-relentless-storm-deck-geek6,Volibear Relentless Storm Deck,Volibear - Relentless Storm,Legend,10.3223,144.76,40849.0,,279.21,https://riftbound.gg/decks/volibear-relentless-storm-deck-geek6/
1341,riftboundgg,leona-wins-city-league-shanghai-copy-catme,Leona wins City League: Shanghai - - copy,Leona - Radiant Dawn,Legend,10.3202,270.62,92.0,,1.54,https://riftbound.gg/decks/leona-wins-city-league-shanghai-copy-catme/
1342,riftboundgg,sivir-2nd-at-sydney-regional-qualifier-copy-hicqh,Sivir 2nd at Sydney Regional Qualifier - copy,Sivir - Battle Mistress,Legend,10.3144,238.12,14.0,,0.56,https://riftbound.gg/decks/sivir-2nd-at-sydney-regional-qualifier-copy-hicqh/
1343,riftboundgg,yasuo-unforgiven-deck-fkgdl,Yasuo Unforgiven Deck,Yasuo - Unforgiven,Legend,10.3111,182.47,85836.0,,273.51,https://riftbound.gg/decks/yasuo-unforgiven-deck-fkgdl/
1344,riftboundgg,ssg-ghosty-5-8th-riftlab-trial-i-aug-9th,SSG_Ghosty: 5-8th - Riftlab Trial I (Aug 9th),Master Yi - Wuju Bladesman,Legend,10.2967,51.93,3644656.0,,279.13,https://riftbound.gg/decks/ssg-ghosty-5-8th-riftlab-trial-i-aug-9th/
1345,piltoverarchive,6f28627c-706e-453c-a652-aa144104a492,Gorica Houston List Updated,"Teemo, Swift Scout",Legend,10.2835,111.57,35600.0,3,60.00,https://piltoverarchive.com/decks/view/6f28627c-706e-453c-a652-aa144104a492
1346,piltoverarchive,c1647c2b-5241-4190-847d-f0fc9983f54f,Yasuo - 4th Place 26-10 Chengdu City Challenge,"Yasuo, Unforgiven",Legend,10.2776,151.10,24200.0,0,120.00,https://piltoverarchive.com/decks/view/c1647c2b-5241-4190-847d-f0fc9983f54f
1347,riftboundgg,number-go-up,Number go Up,Lucian - Purifier,Legend,10.2763,593.40,18.0,,1.02,https://riftbound.gg/decks/number-go-up/
1348,piltoverarchive,a9e996d1-f9d1-4bba-a6b8-e16f48878445,Jinx Combo Burn,"Jinx, Loose Cannon",Legend,10.2733,163.54,1500.0,0,29.00,https://piltoverarchive.com/decks/view/a9e996d1-f9d1-4bba-a6b8-e16f48878445
1349,piltoverarchive,e205d96b-f5fd-4b2f-86b1-5859434c9b27,aloneindiscord Teemo Spriteforged,"Teemo, Swift Scout",Legend,10.2649,136.23,3600.0,1,60.00,https://piltoverarchive.com/decks/view/e205d96b-f5fd-4b2f-86b1-5859434c9b27
1350,riftboundgg,teemo-swift-scout-deck-s7qbe,Teemo - Swift Scout Deck,Teemo - Swift Scout,Legend,10.2630,290.76,136.0,,0.14,https://riftbound.gg/decks/teemo-swift-scout-deck-s7qbe/
1351,riftboundgg,kendall-noimnot-5-8th-luxury-riftbound-cs-1k-aug-16th,Kendall Noimnot: 5-8th - Luxury Riftbound CS 1K (Aug 16th),Master Yi - Wuju Bladesman,Legend,10.2608,50.88,4472307.0,,274.38,https://riftbound.gg/decks/kendall-noimnot-5-8th-luxury-riftbound-cs-1k-aug-16th/
1352,piltoverarchive,908e7717-c0ff-49c9-9220-c55a35f5ca33,Jinx the Wind,"Jinx, Loose Cannon",Legend,10.2516,151.93,18800.0,0,60.00,https://piltoverarchive.com/decks/view/908e7717-c0ff-49c9-9220-c55a35f5ca33
1353,piltoverarchive,3670f9de-0ed9-4545-b7b2-75c9c590b030,Ornn Hybrid V1,"Ornn, Fire Below the Mountain",Legend,10.2393,149.38,1800.0,0,60.00,https://piltoverarchive.com/decks/view/3670f9de-0ed9-4545-b7b2-75c9c590b030
1354,riftboundgg,unleashed-kaisa-copy-hhwa8,Unleashed - Kai'sa - copy,Kai'Sa - Daughter of the Void,Legend,10.2343,170.76,12.0,,0.45,https://riftbound.gg/decks/unleashed-kaisa-copy-hhwa8/
1355,piltoverarchive,7176ebac-3926-490b-84a5-3e504e95194f,Ed&#x27;s Cards Skirmish Winner Lee Sin,"Lee Sin, Blind Monk",Legend,10.2328,201.07,10500.0,2,60.00,https://piltoverarchive.com/decks/view/7176ebac-3926-490b-84a5-3e504e95194f
1356,riftboundgg,master-yi-wuju-bladesman-deck-20epk,Master Yi Wuju Bladesman Deck,Master Yi - Wuju Bladesman,Legend,10.2320,58.55,27039.0,,274.61,https://riftbound.gg/decks/master-yi-wuju-bladesman-deck-20epk/
1357,piltoverarchive,620e86c5-bc11-4884-8425-1703b5f9eb29,VOLIBEAR BIG RAMP!,"Volibear, Relentless Storm",Legend,10.2241,115.18,6100.0,0,90.00,https://piltoverarchive.com/decks/view/620e86c5-bc11-4884-8425-1703b5f9eb29
1358,riftboundgg,yasuo-unforgiven-deck-gu0jg,Yasuo Unforgiven Deck,Yasuo - Unforgiven,Legend,10.2185,188.65,28181.0,,303.76,https://riftbound.gg/decks/yasuo-unforgiven-deck-gu0jg/
1359,piltoverarchive,0b2bbe76-2139-4522-9618-1d62688ee45f,"Budget Viktor V2.1 (1st Set), undefeated at NN 12/18","Viktor, Herald of the Arcane",Legend,10.2180,23.69,2900.0,0,60.00,https://piltoverarchive.com/decks/view/0b2bbe76-2139-4522-9618-1d62688ee45f
1360,riftboundgg,sett-the-boss-deck-zfi11,Sett - The Boss Deck,Sett - The Boss,Legend,10.2079,165.35,10.0,,1.36,https://riftbound.gg/decks/sett-the-boss-deck-zfi11/
1361,riftboundgg,best-origins-teemo,Best Origins Teemo,Teemo - Swift Scout,Legend,10.1866,150.98,31552.0,,149.59,https://riftbound.gg/decks/best-origins-teemo/
1362,piltoverarchive,c379c6e9-a986-4c4e-82a8-f0f3d6220a78,"Upgraded Budget Viktor 2.0, 4th at Skirmish","Viktor, Herald of the Arcane",Legend,10.1651,22.52,4900.0,0,60.00,https://piltoverarchive.com/decks/view/c379c6e9-a986-4c4e-82a8-f0f3d6220a78
1363,riftboundgg,master-yi-wins-xian-city-challenge,Master Yi Wins Xi'an City Challenge,Master Yi - Wuju Bladesman,Legend,10.1634,47.81,25492.0,,128.52,https://riftbound.gg/decks/master-yi-wins-xian-city-challenge/
1364,riftboundgg,kuvira-3-4th-riftlab-trial-i-aug-9th,Kuvira: 3-4th - Riftlab Trial I (Aug 9th),Master Yi - Wuju Bladesman,Legend,10.1530,48.22,15966328.0,,283.32,https://riftbound.gg/decks/kuvira-3-4th-riftlab-trial-i-aug-9th/
1365,riftboundgg,jax-grandmaster-at-arms-deck-dcrl1,Jax - Grandmaster at Arms Deck,Jax - Grandmaster at Arms,Legend,10.1442,442.26,9.0,,0.80,https://riftbound.gg/decks/jax-grandmaster-at-arms-deck-dcrl1/
1366,piltoverarchive,df17f64e-836c-48b8-9939-8633e4a79b1a,[Set 2] RUMBLE,"Rumble, Mechanized Menace",Legend,10.1421,187.66,6100.0,1,30.00,https://piltoverarchive.com/decks/view/df17f64e-836c-48b8-9939-8633e4a79b1a
1367,riftboundgg,teemo-top-8-at-sydney-regional-qualifier-copy-ph1bv,Teemo Top 8 at Sydney Regional Qualifier - copy,Teemo - Swift Scout,Legend,10.1371,317.44,183.0,,0.41,https://riftbound.gg/decks/teemo-top-8-at-sydney-regional-qualifier-copy-ph1bv/
1368,piltoverarchive,346089b4-40c3-4f5d-a6bf-47238ca685f5,Jinx,"Jinx, Loose Cannon",Legend,10.1316,178.02,1800.0,0,60.00,https://piltoverarchive.com/decks/view/346089b4-40c3-4f5d-a6bf-47238ca685f5
1369,piltoverarchive,4b7dee30-c5a2-42d9-aff0-478d1ae11971,Lux/Karthus Deathknell,"Lux, Lady of Luminosity",Legend,10.1210,125.37,4000.0,1,60.00,https://piltoverarchive.com/decks/view/4b7dee30-c5a2-42d9-aff0-478d1ae11971
1370,piltoverarchive,68021660-ea67-42cf-919f-ae42941c5368,Lee Sin Aggro,"Lee Sin, Blind Monk",Legend,10.1085,137.19,3600.0,0,30.00,https://piltoverarchive.com/decks/view/68021660-ea67-42cf-919f-ae42941c5368
1371,riftboundgg,viktor-herald-of-the-arcane-deck-tpc2m,Viktor - Herald of the Arcane Deck,Viktor - Herald of the Arcane,Legend,10.1047,52.29,20.0,,0.94,https://riftbound.gg/decks/viktor-herald-of-the-arcane-deck-tpc2m/
1372,piltoverarchive,ca41db95-d51e-4b25-821d-787fd4527948,Lee Sin,"Lee Sin, Blind Monk",Legend,10.1009,195.63,30400.0,4,90.00,https://piltoverarchive.com/decks/view/ca41db95-d51e-4b25-821d-787fd4527948
1373,piltoverarchive,40be0dfd-24d8-4f65-bc6d-c4231c0611fc,Jinx 2nd Place Skirmish Loja Calabouço Store,"Jinx, Loose Cannon",Legend,10.0947,164.78,4100.0,0,60.00,https://piltoverarchive.com/decks/view/40be0dfd-24d8-4f65-bc6d-c4231c0611fc
1374,piltoverarchive,7b1134a6-4738-4eea-92ff-f84346adda6e,4th place group A (Ascension League - Stage 5) - 20/10/2025,"Ahri, Nine-Tailed Fox",Legend,10.0938,122.24,2700.0,0,120.00,https://piltoverarchive.com/decks/view/7b1134a6-4738-4eea-92ff-f84346adda6e
1375,riftboundgg,yasuo-unforgiven-deck-copy-2,Yasuo Unforgiven Deck - copy 2,Yasuo - Unforgiven,Legend,10.0820,189.36,13161.0,,330.69,https://riftbound.gg/decks/yasuo-unforgiven-deck-copy-2/
1376,riftboundgg,sett-the-boss-deck-ekge0,Sett - The Boss Deck,Sett - The Boss,Legend,10.0708,162.79,11.0,,1.08,https://riftbound.gg/decks/sett-the-boss-deck-ekge0/
1377,piltoverarchive,793b0697-3015-4826-9298-7fc0a265022e,Jinx Riftbound National Open,"Jinx, Loose Cannon",Legend,10.0598,169.80,10700.0,0,90.00,https://piltoverarchive.com/decks/view/793b0697-3015-4826-9298-7fc0a265022e
1378,piltoverarchive,76594b3e-cd11-4b70-a3e6-b2b443655a65,My IRL deck,"Master Yi, Wuju Bladesman",Legend,10.0526,41.03,1300.0,0,30.00,https://piltoverarchive.com/decks/view/76594b3e-cd11-4b70-a3e6-b2b443655a65
1379,riftboundgg,ahri-top-128-at-sydney-regional-qualifier-copy-8ao1k,Ahri Top 128 at Sydney Regional Qualifier - copy,Ahri - Nine-Tailed Fox,Legend,10.0499,312.36,23.0,,1.15,https://riftbound.gg/decks/ahri-top-128-at-sydney-regional-qualifier-copy-8ao1k/
1380,piltoverarchive,9de46dd6-b34d-4b0a-a78c-048702ee02f7,Mono red aggro,"Jinx, Loose Cannon",Legend,10.0486,152.78,1600.0,0,30.00,https://piltoverarchive.com/decks/view/9de46dd6-b34d-4b0a-a78c-048702ee02f7
1381,piltoverarchive,589fa9be-f7f6-470b-9229-f1f5bc4ed8a4,Ahri Sona Hold,"Ahri, Nine-Tailed Fox",Legend,10.0365,85.79,17600.0,3,60.00,https://piltoverarchive.com/decks/view/589fa9be-f7f6-470b-9229-f1f5bc4ed8a4
1382,piltoverarchive,f8b7f800-3044-443a-9a46-88c80a1e7f6f,Lux Test for Vegas,"Lux, Lady of Luminosity",Legend,10.0311,121.26,998.0,0,30.00,https://piltoverarchive.com/decks/view/f8b7f800-3044-443a-9a46-88c80a1e7f6f
1383,riftboundgg,lucian-runner-up-at-new-zealand-10k-open-copy-8m1o0,Lucian Runner-Up at New Zealand 10K Open - copy,Lucian - Purifier,Legend,10.0222,252.34,200.0,,1.54,https://riftbound.gg/decks/lucian-runner-up-at-new-zealand-10k-open-copy-8m1o0/
1384,riftboundgg,miss-fortune-2nd-at-common-box-games-summoner-skirmish-copy-pxemw,Miss Fortune 2nd at Common Box Games Summoner Skirmish - copy,Miss Fortune - Bounty Hunter,Legend,9.9930,317.96,4.0,,0.14,https://riftbound.gg/decks/miss-fortune-2nd-at-common-box-games-summoner-skirmish-copy-pxemw/
1385,riftboundgg,annie-dark-child-starter-deck-hlups,Annie - Dark Child - Starter Deck,Annie - Dark Child,Legend,9.9770,211.85,138.0,,0.58,https://riftbound.gg/decks/annie-dark-child-starter-deck-hlups/
1386,riftboundgg,take,Take,Darius - Hand of Noxus,Legend,9.9756,215.86,66428.0,,275.39,https://riftbound.gg/decks/take/
1387,riftboundgg,fiora-grand-duelist-deck-fcfaw,Fiora - Grand Duelist Deck,Fiora - Grand Duelist,Legend,9.9739,130.93,11.0,,1.15,https://riftbound.gg/decks/fiora-grand-duelist-deck-fcfaw/
1388,riftboundgg,sett-the-boss-deck-yl2zj,Sett - The Boss Deck,Sett - The Boss,Legend,9.9720,173.87,9.0,,0.24,https://riftbound.gg/decks/sett-the-boss-deck-yl2zj/
1389,riftboundgg,new-deck-bpdt8,New Deck,Viktor - Herald of the Arcane,Legend,9.9601,55.45,13.0,,0.29,https://riftbound.gg/decks/new-deck-bpdt8/
1390,piltoverarchive,83765cd0-1e1e-43b4-a1af-805136f0c117,Jinx set 1,"Jinx, Loose Cannon",Legend,9.9534,155.91,1000.0,0,30.00,https://piltoverarchive.com/decks/view/83765cd0-1e1e-43b4-a1af-805136f0c117
1391,riftboundgg,lucian-purifier-deck-gpbcx,Lucian - Purifier Deck,Lucian - Purifier,Legend,9.9518,560.19,6.0,,1.32,https://riftbound.gg/decks/lucian-purifier-deck-gpbcx/
1392,riftboundgg,volibear-relentless-storm-deck-hi129,Volibear Relentless Storm Deck,Volibear - Relentless Storm,Legend,9.9458,129.33,65236.0,,272.95,https://riftbound.gg/decks/volibear-relentless-storm-deck-hi129/
1393,piltoverarchive,de0b9569-d720-48eb-87f4-4592188b7f4b,Mother,"Rek'Sai, Void Burrower",Legend,9.9435,142.96,4900.0,1,90.00,https://piltoverarchive.com/decks/view/de0b9569-d720-48eb-87f4-4592188b7f4b
1394,riftboundgg,miss-fortune-cook-aurora,Miss Fortune Cook [Aurora],Miss Fortune - Bounty Hunter,Legend,9.9394,296.41,8.0,,0.18,https://riftbound.gg/decks/miss-fortune-cook-aurora/
1395,piltoverarchive,9f998d02-f0a2-45d4-ae4f-2eab74fcd14c,Leona Top 8 Shenzhen City Challenge,"Leona, Radiant Dawn",Legend,9.9357,85.27,1300.0,0,60.00,https://piltoverarchive.com/decks/view/9f998d02-f0a2-45d4-ae4f-2eab74fcd14c
1396,piltoverarchive,e5d9d5d1-06f9-4b2b-998b-f5d4f6197907,Ahri/Sona = Bae (OGN),"Ahri, Nine-Tailed Fox",Legend,9.9183,114.46,417.0,0,60.00,https://piltoverarchive.com/decks/view/e5d9d5d1-06f9-4b2b-998b-f5d4f6197907
1397,piltoverarchive,8ad287d0-68de-4ded-9335-f108374d90c8,azir first try,"Azir, Emperor of the Sands",Legend,9.9174,48.42,3800.0,0,60.00,https://piltoverarchive.com/decks/view/8ad287d0-68de-4ded-9335-f108374d90c8
1398,riftboundgg,volibear-relentless-storm-deck-0bvh0,Volibear - Relentless Storm Deck,Volibear - Relentless Storm,Legend,9.9169,232.21,125.0,,1.11,https://riftbound.gg/decks/volibear-relentless-storm-deck-0bvh0/
1399,riftboundgg,lux-top-8-guangzhou-city-challenge,Lux Top 8 Guangzhou City Challenge,Lux - Lady of Luminosity,Legend,9.9167,131.11,24266.0,,128.37,https://riftbound.gg/decks/lux-top-8-guangzhou-city-challenge/
1400,piltoverarchive,df405085-0568-4e82-b73f-40ae98d60209,Sol Ring,"Lux, Lady of Luminosity",Legend,9.9116,115.91,1100.0,0,30.00,https://piltoverarchive.com/decks/view/df405085-0568-4e82-b73f-40ae98d60209
1401,piltoverarchive,fd10a252-74f6-4427-88e8-375c983bba68,Jinx Assault (11/21/25 nexus night 3-0),"Jinx, Loose Cannon",Legend,9.9052,175.28,3500.0,0,90.00,https://piltoverarchive.com/decks/view/fd10a252-74f6-4427-88e8-375c983bba68
1402,piltoverarchive,2826ab16-37bb-4a7f-9f12-77e987ea70c4,Aurora Udyr Buff,"Lee Sin, Blind Monk",Legend,9.9042,219.86,751.0,0,30.00,https://piltoverarchive.com/decks/view/2826ab16-37bb-4a7f-9f12-77e987ea70c4
1403,riftboundgg,lucian-purifier-deck-am3rs,Lucian - Purifier Deck,Jax - Unrelenting,Champion,9.8933,150.39,5.0,,1.74,https://riftbound.gg/decks/lucian-purifier-deck-am3rs/
1404,riftboundgg,leona-top-256-at-sydney-regional-qualifier-copy-8vofk,Leona Top 256 at Sydney Regional Qualifier - copy,Leona - Radiant Dawn,Legend,9.8859,572.65,26.0,,0.02,https://riftbound.gg/decks/leona-top-256-at-sydney-regional-qualifier-copy-8vofk/
1405,piltoverarchive,aea0e5f0-f74f-4d6d-bb1f-64843b51526c,Darius - Karthus abuse,"Darius, Hand of Noxus",Legend,9.8840,162.07,1500.0,1,6.00,https://piltoverarchive.com/decks/view/aea0e5f0-f74f-4d6d-bb1f-64843b51526c
1406,piltoverarchive,f576f748-dd3c-445e-9f2d-fa09b9e31788,Kens Lee Sin v4 with seals,"Lee Sin, Blind Monk",Legend,9.8780,204.46,768.0,0,30.00,https://piltoverarchive.com/decks/view/f576f748-dd3c-445e-9f2d-fa09b9e31788
1407,piltoverarchive,8632e098-9d8e-4adf-a9b6-86787c91bc16,Guangzhou S2 City Challange top 8 lux,"Lux, Lady of Luminosity",Legend,9.8730,116.49,937.0,0,30.00,https://piltoverarchive.com/decks/view/8632e098-9d8e-4adf-a9b6-86787c91bc16
1408,riftboundgg,master-yi-wuju-bladesman-deck-copy-3-mnf4i,Master Yi Wuju Bladesman Deck - copy 3,Master Yi - Wuju Bladesman,Legend,9.8674,54.14,31026.0,,289.21,https://riftbound.gg/decks/master-yi-wuju-bladesman-deck-copy-3-mnf4i/
1409,riftboundgg,jax-grandmaster-at-arms-deck-trnra,Jax - Grandmaster at Arms Deck,Jax - Grandmaster at Arms,Legend,9.8621,246.31,9.0,,0.35,https://riftbound.gg/decks/jax-grandmaster-at-arms-deck-trnra/
1410,piltoverarchive,0820d95a-a0de-443f-b7a2-09f22745e083,Shenyang - 1st-place Teemo,"Teemo, Swift Scout",Legend,9.8574,126.45,34500.0,2,120.00,https://piltoverarchive.com/decks/view/0820d95a-a0de-443f-b7a2-09f22745e083
1411,piltoverarchive,49cacf25-b687-4f16-87ee-96d1895ace36,Purple jinx is the real deal,"Jinx, Loose Cannon",Legend,9.8565,151.70,4700.0,0,60.00,https://piltoverarchive.com/decks/view/49cacf25-b687-4f16-87ee-96d1895ace36
1412,riftboundgg,teemo-city-challenge-winner,Teemo City Challenge Winner,Teemo - Swift Scout,Legend,9.8564,153.11,14132.0,,189.51,https://riftbound.gg/decks/teemo-city-challenge-winner/
1413,piltoverarchive,384934e5-c6b1-4525-a10a-0f168997101a,跳舞熊 Bears Top #1 Europe&#x27;s tournament,"Volibear, Relentless Storm",Legend,9.8483,121.66,9900.0,0,180.00,https://piltoverarchive.com/decks/view/384934e5-c6b1-4525-a10a-0f168997101a
1414,piltoverarchive,f298aa02-1414-429f-9442-ab3c38afeb28,【City Challenge】Guangzhou Station - #3,"Lux, Lady of Luminosity",Legend,9.8476,116.63,4000.0,0,60.00,https://piltoverarchive.com/decks/view/f298aa02-1414-429f-9442-ab3c38afeb28
1415,riftboundgg,leona-radiant-dawn-deck-14vki,Leona - Radiant Dawn Deck,Leona - Radiant Dawn,Legend,9.8444,434.07,59.0,,0.27,https://riftbound.gg/decks/leona-radiant-dawn-deck-14vki/
1416,riftboundgg,annie-on-a-budget,Annie on a budget,Annie - Dark Child,Legend,9.8359,76.49,15204.0,,85.18,https://riftbound.gg/decks/annie-on-a-budget/
1417,piltoverarchive,b4b446bf-1ce8-44f3-848b-16199bf8eff4,Leona Spiritforge  2.0,"Leona, Radiant Dawn",Legend,9.8320,74.33,695.0,1,24.00,https://piltoverarchive.com/decks/view/b4b446bf-1ce8-44f3-848b-16199bf8eff4
1418,riftboundgg,lee-sin-top-128-dinan-regional,Lee Sin top 128 Dinan Regional,Lee Sin - Blind Monk,Legend,9.8248,172.82,46303.0,,109.09,https://riftbound.gg/decks/lee-sin-top-128-dinan-regional/
1419,riftboundgg,ctcg-aurora-copy,CTCG Aurora - copy,Miss Fortune - Bounty Hunter,Legend,9.8123,232.37,86.0,,0.00,https://riftbound.gg/decks/ctcg-aurora-copy/
1420,riftboundgg,annie-dark-child-starter-deck-4mel5,Annie - Dark Child - Starter Deck,Annie - Dark Child,Legend,9.8076,213.32,69.0,,0.82,https://riftbound.gg/decks/annie-dark-child-starter-deck-4mel5/
1421,mobalytics-tournament,miss-fortune-bounty-hunter-houston-regional-qualifier-best-of-trinityjohn,"Miss Fortune, Bounty Hunter: Houston Regional Qualifier Best-Of (TrinityJohn)","Miss Fortune, Bounty Hunter",Legend,9.8035,176.05,,,153.77,https://mobalytics.gg/riftbound/decks/miss-fortune-bounty-hunter-houston-regional-qualifier-best-of-trinityjohn
1422,piltoverarchive,6b91cbac-ecb0-4a5f-a787-ed5a9bc89899,fun camel sivir hold deck,"Sivir, Battle Mistress",Legend,9.7967,83.80,685.0,0,28.00,https://piltoverarchive.com/decks/view/6b91cbac-ecb0-4a5f-a787-ed5a9bc89899
1423,piltoverarchive,3104f2e4-d378-42a9-b751-f6511898c714,Momentum Is Lethal,"Sivir, Battle Mistress",Legend,9.7900,35.21,3700.0,2,20.00,https://piltoverarchive.com/decks/view/3104f2e4-d378-42a9-b751-f6511898c714
1424,piltoverarchive,6d5cd559-b5ea-4c64-b875-421ff3a035fe,Kai&#x27;sa Budget - Golbez,"Kai'Sa, Daughter of the Void",Legend,9.7803,29.05,2800.0,1,90.00,https://piltoverarchive.com/decks/view/6d5cd559-b5ea-4c64-b875-421ff3a035fe
1425,piltoverarchive,2d5a6ddd-c5db-49ec-8eaa-693346ab1e18,REK THEM GOOD,"Rek'Sai, Void Burrower",Legend,9.7771,124.92,4000.0,0,60.00,https://piltoverarchive.com/decks/view/2d5a6ddd-c5db-49ec-8eaa-693346ab1e18
1426,piltoverarchive,0ff145d8-9c3a-4b09-8ea7-98dec962fc88,Teemo - 1st Chengdu City Challenge,"Teemo, Swift Scout",Legend,9.7722,121.16,12700.0,0,90.00,https://piltoverarchive.com/decks/view/0ff145d8-9c3a-4b09-8ea7-98dec962fc88
1427,piltoverarchive,65fd7401-dce6-4e36-9c57-ee63d75f0018,Ornn 2025 01  17,"Ornn, Fire Below the Mountain",Legend,9.7660,124.20,3300.0,0,60.00,https://piltoverarchive.com/decks/view/65fd7401-dce6-4e36-9c57-ee63d75f0018
1428,riftboundgg,best-of-teemo-by-gorica-houston-regional-qualifiers,Best of Teemo by Gorica (Houston Regional Qualifiers),Teemo - Swift Scout,Legend,9.7602,142.44,17035.0,,164.67,https://riftbound.gg/decks/best-of-teemo-by-gorica-houston-regional-qualifiers/
1429,riftboundgg,best-viktor-from-lille-regional-qualifier-copy-2-dr2oq,Best Viktor from Lille Regional Qualifier - copy 2,Viktor - Herald of the Arcane,Legend,9.7558,51.32,16.0,,0.35,https://riftbound.gg/decks/best-viktor-from-lille-regional-qualifier-copy-2-dr2oq/
1430,riftboundgg,master-yi-wuju-bladesman-deck-0n5pa,Master Yi Wuju Bladesman Deck,Master Yi - Wuju Bladesman,Legend,9.7459,53.75,16335.0,,295.00,https://riftbound.gg/decks/master-yi-wuju-bladesman-deck-0n5pa/
1431,riftboundgg,cheap-kaisa,Cheap Kai'sa,Kai'Sa - Daughter of the Void,Legend,9.7452,47.43,46193.0,,195.17,https://riftbound.gg/decks/cheap-kaisa/
1432,piltoverarchive,5e08ec92-9feb-494a-a4f8-3b29d19d65e7,Only Jinx that wins at Nexus Nights and Skirmish - by TomRa,"Jinx, Loose Cannon",Legend,9.7403,159.67,1700.0,0,60.00,https://piltoverarchive.com/decks/view/5e08ec92-9feb-494a-a4f8-3b29d19d65e7
1433,riftboundgg,new-deck-zwonv,New Deck,Ahri - Alluring,Champion,9.7378,169.14,188.0,,1.67,https://riftbound.gg/decks/new-deck-zwonv/
1434,piltoverarchive,9b47ac95-9e26-4095-98da-127775d28134,1st place group B (Ascension League Season 2 - Stage 2) - 13/01/2026,"Master Yi, Wuju Bladesman",Legend,9.7332,36.21,1700.0,1,30.00,https://piltoverarchive.com/decks/view/9b47ac95-9e26-4095-98da-127775d28134
1435,riftboundgg,teemo-chinese-tournament-30th,Teemo Chinese Tournament 30th,Teemo - Swift Scout,Legend,9.7312,141.79,52141.0,,197.54,https://riftbound.gg/decks/teemo-chinese-tournament-30th/
1436,riftboundgg,lux-lady-of-luminosity-deck-copy-3,Lux Lady of Luminosity Deck - copy 3,Lux - Lady of Luminosity,Legend,9.7286,154.47,22283.0,,277.47,https://riftbound.gg/decks/lux-lady-of-luminosity-deck-copy-3/
1437,riftboundgg,lee-sin-top-256-chengdu-regional-g1axd,Lee Sin Top 256 Chengdu Regional,Lee Sin - Blind Monk,Legend,9.7283,289.31,13178.0,,116.07,https://riftbound.gg/decks/lee-sin-top-256-chengdu-regional-g1axd/
1438,piltoverarchive,597eb558-cac4-4636-b166-c909032a701e,Exor Games Nexus Night 11/6/25 *1st Place*,"Master Yi, Wuju Bladesman",Legend,9.7245,45.12,1900.0,0,90.00,https://piltoverarchive.com/decks/view/597eb558-cac4-4636-b166-c909032a701e
1439,piltoverarchive,c26b2f84-ace8-4362-9208-2c0f1d4b9488,Best Lux Shanghai National,"Lux, Lady of Luminosity",Legend,9.7200,125.67,3700.0,0,90.00,https://piltoverarchive.com/decks/view/c26b2f84-ace8-4362-9208-2c0f1d4b9488
1440,piltoverarchive,425ebd37-953e-4ba5-ba39-8d1440561fd3,"I&#x27;ve Got You, Bro!","Yasuo, Unforgiven",Legend,9.7120,110.07,1500.0,2,30.00,https://piltoverarchive.com/decks/view/425ebd37-953e-4ba5-ba39-8d1440561fd3
1441,piltoverarchive,f3b4cf9f-99c6-45f8-adcc-00335b40d3f3,Teemo Gear 2.0,"Teemo, Swift Scout",Legend,9.7062,111.06,922.0,1,26.00,https://piltoverarchive.com/decks/view/f3b4cf9f-99c6-45f8-adcc-00335b40d3f3
1442,riftboundgg,migan-3-4th-riftlab-trial-i-aug-9th,Migan: 3-4th - Riftlab Trial I (Aug 9th),Volibear - Relentless Storm,Legend,9.7054,102.81,15992746.0,,283.29,https://riftbound.gg/decks/migan-3-4th-riftlab-trial-i-aug-9th/
1443,piltoverarchive,1afeb88d-4fd8-42f9-b9c9-ab5aec7aeee7,Ahri Jan 2026,"Ahri, Nine-Tailed Fox",Legend,9.7031,84.82,664.0,0,15.00,https://piltoverarchive.com/decks/view/1afeb88d-4fd8-42f9-b9c9-ab5aec7aeee7
1444,riftboundgg,yasuo-on-a-budget,Yasuo On a budget,Yasuo - Unforgiven,Legend,9.7022,118.85,15245.0,,86.26,https://riftbound.gg/decks/yasuo-on-a-budget/
1445,riot-bologna,riot-bologna-162-boxingringxd,Bologna #162 - Boxingringxd,"Lee Sin, Blind Monk",Legend,9.6994,402.89,,,210.35,https://riftbound.leagueoflegends.com/en-us/news/organizedplay/the-best-decks-out-of-bologna/
1446,piltoverarchive,7e91456b-8da3-4984-85cb-2ccab9eed9da,Anti-Meta Sivir Midrange,"Sivir, Battle Mistress",Legend,9.6861,54.13,1600.0,1,18.00,https://piltoverarchive.com/decks/view/7e91456b-8da3-4984-85cb-2ccab9eed9da
1447,piltoverarchive,fb4768e1-cadb-4c32-a98a-c05410b84ce4,S tier leona,"Leona, Radiant Dawn",Legend,9.6845,97.48,8800.0,4,240.00,https://piltoverarchive.com/decks/view/fb4768e1-cadb-4c32-a98a-c05410b84ce4
1448,piltoverarchive,b1a255de-fe2f-47f0-a6f9-ab8956366a68,Cooking set 2 MF,"Miss Fortune, Bounty Hunter",Legend,9.6785,93.40,3400.0,2,60.00,https://piltoverarchive.com/decks/view/b1a255de-fe2f-47f0-a6f9-ab8956366a68
1449,riftboundgg,ahri-nine-tailed-fox-deck-d1spl,Ahri Nine-Tailed Fox Deck,Ahri - Nine-Tailed Fox,Legend,9.6765,118.27,49777.0,,268.01,https://riftbound.gg/decks/ahri-nine-tailed-fox-deck-d1spl/
1450,piltoverarchive,6443f92e-9c87-4045-bd07-c5a1fd4876f7,Nanjing City Challenge - 28th December - Top16 - 问号,"Lux, Lady of Luminosity",Legend,9.6723,116.39,2200.0,0,60.00,https://piltoverarchive.com/decks/view/6443f92e-9c87-4045-bd07-c5a1fd4876f7
1451,riftboundgg,ahri-nine-tailed-fox-deck-0alb1,Ahri - Nine-Tailed Fox Deck,Ahri - Nine-Tailed Fox,Legend,9.6656,345.87,12.0,,0.68,https://riftbound.gg/decks/ahri-nine-tailed-fox-deck-0alb1/
1452,piltoverarchive,2bff500a-9598-4363-bae4-f44975bf6763,monored jinx 2nd Place Riftbound Meta Weekly July 26,"Jinx, Loose Cannon",Legend,9.6633,181.27,6100.0,0,150.00,https://piltoverarchive.com/decks/view/2bff500a-9598-4363-bae4-f44975bf6763
1453,piltoverarchive,f5eb3059-076c-4830-98ad-ad64938188f3,YAnnie,"Yasuo, Unforgiven",Legend,9.6627,125.02,1900.0,0,60.00,https://piltoverarchive.com/decks/view/f5eb3059-076c-4830-98ad-ad64938188f3
1454,piltoverarchive,417807a9-d345-40a5-9de4-a75aee4d6aef,Lee Sin Surprise the Meta,"Lee Sin, Blind Monk",Legend,9.6598,147.77,11900.0,0,90.00,https://piltoverarchive.com/decks/view/417807a9-d345-40a5-9de4-a75aee4d6aef
1455,riftboundgg,lux-top-64-nanjing-regional,Lux Top 64 Nanjing Regional,Lux - Lady of Luminosity,Legend,9.6579,110.05,34883.0,,102.01,https://riftbound.gg/decks/lux-top-64-nanjing-regional/
1456,riftboundgg,volibear-relentless-storm-deck-copy-rd82h,Volibear Relentless Storm Deck - copy,Volibear - Relentless Storm,Legend,9.6448,121.08,39291.0,,268.33,https://riftbound.gg/decks/volibear-relentless-storm-deck-copy-rd82h/
1457,piltoverarchive,80e7a7ab-4e94-48e2-8940-e94195c5b108,Ahri upgraded forreal,"Ahri, Nine-Tailed Fox",Legend,9.6430,100.30,867.0,0,60.00,https://piltoverarchive.com/decks/view/80e7a7ab-4e94-48e2-8940-e94195c5b108
1458,piltoverarchive,fa6459f3-044c-43be-9dc6-79c53c366538,Houston Best Lux,"Lux, Lady of Luminosity",Legend,9.6334,101.61,1700.0,0,30.00,https://piltoverarchive.com/decks/view/fa6459f3-044c-43be-9dc6-79c53c366538
1459,piltoverarchive,948f073b-e59d-433b-a6aa-a071472dd1bd,Jinx - 1st @ MPO Summoner&#x27;s Skirmish Dec,"Jinx, Loose Cannon",Legend,9.6321,157.14,1400.0,0,60.00,https://piltoverarchive.com/decks/view/948f073b-e59d-433b-a6aa-a071472dd1bd
1460,riftboundgg,jinx-stay-or-die,Jinx - stay or die,Jinx - Loose Cannon,Legend,9.6164,691.07,19.0,,1.42,https://riftbound.gg/decks/jinx-stay-or-die/
1461,riftboundgg,jinx-loose-cannon-deck-k0oaf,Jinx - Loose Cannon Deck,Jinx - Loose Cannon,Legend,9.6099,1148.21,17.0,,1.01,https://riftbound.gg/decks/jinx-loose-cannon-deck-k0oaf/
1462,riftboundgg,jinx-loose-cannon-deck-q4we4,Jinx - Loose Cannon Deck,Jinx - Loose Cannon,Legend,9.6061,808.02,15.0,,1.50,https://riftbound.gg/decks/jinx-loose-cannon-deck-q4we4/
1463,piltoverarchive,ffb3c437-072e-4789-a907-5fbbfa3845df,Bun Chinese Ahri For Real,"Ahri, Nine-Tailed Fox",Legend,9.5979,99.09,860.0,0,60.00,https://piltoverarchive.com/decks/view/ffb3c437-072e-4789-a907-5fbbfa3845df
1464,piltoverarchive,cbf85711-2f59-4417-8558-ae0e656c1435,Ahri Set1 Skirmish,"Ahri, Nine-Tailed Fox",Legend,9.5939,81.97,1400.0,1,30.00,https://piltoverarchive.com/decks/view/cbf85711-2f59-4417-8558-ae0e656c1435
1465,piltoverarchive,9b680b85-8518-48c1-8850-87baa979a4e7,Best Jinx Shanghai National,"Jinx, Loose Cannon",Legend,9.5881,154.78,5500.0,0,90.00,https://piltoverarchive.com/decks/view/9b680b85-8518-48c1-8850-87baa979a4e7
1466,piltoverarchive,7dc5b430-3d25-419c-b411-1c80ea922d28,Leona OTP,"Leona, Radiant Dawn",Legend,9.5865,74.12,2200.0,0,60.00,https://piltoverarchive.com/decks/view/7dc5b430-3d25-419c-b411-1c80ea922d28
1467,piltoverarchive,6890ce6d-11a9-49e5-869a-e87cb339d2db,Ornn Deck,"Ornn, Fire Below the Mountain",Legend,9.5711,125.93,1400.0,0,60.00,https://piltoverarchive.com/decks/view/6890ce6d-11a9-49e5-869a-e87cb339d2db
1468,piltoverarchive,3e5926d5-ddf1-4d34-bb6f-1d1872615791,Viktor - Silent Knight Budget,"Viktor, Herald of the Arcane",Legend,9.5624,20.40,2200.0,0,60.00,https://piltoverarchive.com/decks/view/3e5926d5-ddf1-4d34-bb6f-1d1872615791
1469,riftboundgg,cheap-master-yi,Cheap Master Yi,Master Yi - Wuju Bladesman,Legend,9.5535,44.81,46325.0,,195.18,https://riftbound.gg/decks/cheap-master-yi/
1470,piltoverarchive,0bbef0ce-c454-47d1-8312-81aa04abe39d,Lee Sin First Tournament,"Lee Sin, Blind Monk",Legend,9.5448,193.93,4300.0,0,90.00,https://piltoverarchive.com/decks/view/0bbef0ce-c454-47d1-8312-81aa04abe39d
1471,riftboundgg,lux-top-128-chengdu-regional,Lux Top 128 Chengdu Regional,Lux - Lady of Luminosity,Legend,9.5375,118.07,13187.0,,116.13,https://riftbound.gg/decks/lux-top-128-chengdu-regional/
1472,riftboundgg,master-yi-unleashed-copy-h6m66,Master Yi - Unleashed - copy,Master Yi - Wuju Bladesman,Legend,9.5364,111.07,4.0,,0.14,https://riftbound.gg/decks/master-yi-unleashed-copy-h6m66/
1473,piltoverarchive,b94e5271-d716-451f-81d9-38aa82ee9ee1,1st place group B (Ascension League - Stage 6) - 27/10/2025,"Jinx, Loose Cannon",Legend,9.5262,147.52,25500.0,3,120.00,https://piltoverarchive.com/decks/view/b94e5271-d716-451f-81d9-38aa82ee9ee1
1474,riftboundgg,lux-lady-of-luminosity-deck,Lux Lady of Luminosity Deck,Lux - Lady of Luminosity,Legend,9.5256,149.58,14625.0,,287.41,https://riftbound.gg/decks/lux-lady-of-luminosity-deck/
1475,riftboundgg,jinx-21st-at-atlanta-rq-copy-v32ib,Jinx 21st at Atlanta RQ - copy,Jinx - Loose Cannon,Legend,9.5216,427.17,18.0,,1.71,https://riftbound.gg/decks/jinx-21st-at-atlanta-rq-copy-v32ib/
1476,riftboundgg,new-deck-cbvp6,New Deck,Jinx - Loose Cannon,Legend,9.5161,631.69,20.0,,1.16,https://riftbound.gg/decks/new-deck-cbvp6/
1477,piltoverarchive,6b520988-9345-46f9-851d-05bc32d1a96e,"Wind Cuts Deep, Shadows Cut Deeper","Yasuo, Unforgiven",Legend,9.5138,119.03,2000.0,0,60.00,https://piltoverarchive.com/decks/view/6b520988-9345-46f9-851d-05bc32d1a96e
1478,piltoverarchive,6eacd5c6-9366-4579-b8b9-2f9c4fbe4d61,Jinx - 13th Place National Open Division B City Challenge,"Jinx, Loose Cannon",Legend,9.5081,156.38,3400.0,0,90.00,https://piltoverarchive.com/decks/view/6eacd5c6-9366-4579-b8b9-2f9c4fbe4d61
1479,riftboundgg,master-yi-wuju-bladesman-starter-deck-m7ec7,Master Yi - Wuju Bladesman - Starter Deck,Master Yi - Wuju Bladesman,Legend,9.5031,91.66,15.0,,1.00,https://riftbound.gg/decks/master-yi-wuju-bladesman-starter-deck-m7ec7/
1480,riftboundgg,lux-chinese-national-208th,Lux Chinese National 208th,Lux - Lady of Luminosity,Legend,9.4952,129.59,42091.0,,197.98,https://riftbound.gg/decks/lux-chinese-national-208th/
1481,riftboundgg,teemo-swift-scout-deck-wx8jn,Teemo - Swift Scout Deck,Teemo - Swift Scout,Legend,9.4934,415.90,17.0,,1.00,https://riftbound.gg/decks/teemo-swift-scout-deck-wx8jn/
1482,piltoverarchive,d550b8bf-eef9-4bdb-8ec2-bbb8089402b5,Viktor Budget,"Viktor, Herald of the Arcane",Legend,9.4894,16.04,5200.0,1,60.00,https://piltoverarchive.com/decks/view/d550b8bf-eef9-4bdb-8ec2-bbb8089402b5
1483,piltoverarchive,9edb8577-f5fe-485b-9673-93ca27ef0a31,Teemo 16/11 Nexus Night Top 4,"Teemo, Swift Scout",Legend,9.4853,121.85,3500.0,0,90.00,https://piltoverarchive.com/decks/view/9edb8577-f5fe-485b-9673-93ca27ef0a31
1484,riftboundgg,knightingale-3rd-riftbound-meta-weekly-aug-2nd,KnightinGale: 3rd - Riftbound Meta Weekly (Aug 2nd),Master Yi - Wuju Bladesman,Legend,9.4815,42.00,6321707.0,,290.34,https://riftbound.gg/decks/knightingale-3rd-riftbound-meta-weekly-aug-2nd/
1485,piltoverarchive,323b368d-e65d-42f2-a3fe-a82967795d9d,SouledOut - Runes &amp; Rift Invitational,"Fiora, Grand Duelist",Legend,9.4766,38.70,3700.0,0,30.00,https://piltoverarchive.com/decks/view/323b368d-e65d-42f2-a3fe-a82967795d9d
1486,riftboundgg,darius-top-8-nanjing-city-challenge,Darius Top 8 Nanjing City Challenge,"Darius, Hand of Noxus (Origins Release Event Promo)",Legend,9.4645,154.96,24881.0,,128.37,https://riftbound.gg/decks/darius-top-8-nanjing-city-challenge/
1487,riftboundgg,sett-deck,sett deck,Sett - The Boss,Legend,9.4571,68.05,324767.0,,266.42,https://riftbound.gg/decks/sett-deck/
1488,riftboundgg,knightingale-5-8th-riftlab-trial-i-aug-9th,KnightinGale: 5-8th Riftlab Trial I (Aug 9th),Master Yi - Wuju Bladesman,Legend,9.4538,42.05,3642985.0,,283.32,https://riftbound.gg/decks/knightingale-5-8th-riftlab-trial-i-aug-9th/
1489,piltoverarchive,45f3d0f6-1673-4fbe-9340-ca08f7e5f096,Ahri Holder,"Ahri, Nine-Tailed Fox",Legend,9.4396,90.93,1400.0,0,60.00,https://piltoverarchive.com/decks/view/45f3d0f6-1673-4fbe-9340-ca08f7e5f096
1490,piltoverarchive,2fc30258-94db-4efc-aca6-74d6c34ca544,Nece&#x27;s Aggro Jinx,"Jinx, Loose Cannon",Legend,9.4340,156.99,14000.0,7,150.00,https://piltoverarchive.com/decks/view/2fc30258-94db-4efc-aca6-74d6c34ca544
1491,piltoverarchive,d71f9a2d-9602-4df0-9184-5de296338754,EZ Crank,"Ornn, Fire Below the Mountain",Legend,9.4290,103.49,1500.0,0,30.00,https://piltoverarchive.com/decks/view/d71f9a2d-9602-4df0-9184-5de296338754
1492,riftboundgg,rumble-top-128-dinan-regional,Rumble top 128 Dinan Regional,Rumble - Mechanized Menace,Legend,9.4060,218.93,31117.0,,109.09,https://riftbound.gg/decks/rumble-top-128-dinan-regional/
1493,riftboundgg,teemo-swift-scout-deck-h56kb,Teemo - Swift Scout Deck,Teemo - Swift Scout,Legend,9.4060,405.16,12.0,,1.17,https://riftbound.gg/decks/teemo-swift-scout-deck-h56kb/
1494,riftboundgg,jinx-loose-cannon-deck-h0kn2,Jinx - Loose Cannon Deck,Jinx - Loose Cannon,Legend,9.4006,465.57,16.0,,1.40,https://riftbound.gg/decks/jinx-loose-cannon-deck-h0kn2/
1495,riftboundgg,teemo-swift-scout-deck-6s09m,Teemo - Swift Scout Deck,Teemo - Swift Scout,Legend,9.3983,306.67,13.0,,1.34,https://riftbound.gg/decks/teemo-swift-scout-deck-6s09m/
1496,riftboundgg,sett-the-boss-deck-y5d0q,Sett - The Boss Deck,Sett - The Boss,Legend,9.3949,149.97,4.0,,1.17,https://riftbound.gg/decks/sett-the-boss-deck-y5d0q/
1497,riftboundgg,leona-radiant-dawn-deck-tcppp,Leona - Radiant Dawn Deck,Leona - Radiant Dawn,Legend,9.3915,339.18,19.0,,0.48,https://riftbound.gg/decks/leona-radiant-dawn-deck-tcppp/
1498,piltoverarchive,6cfb4394-03ce-4fbe-bccb-1856b665a5a8,2nd Place Nexus Night Arzu 11/9/25 Jinx Aggro,"Jinx, Loose Cannon",Legend,9.3801,151.80,3000.0,0,90.00,https://piltoverarchive.com/decks/view/6cfb4394-03ce-4fbe-bccb-1856b665a5a8
1499,piltoverarchive,25b5648a-a4e6-4624-8201-1f99b460e8f6,Teemo spiritforge,"Teemo, Swift Scout",Legend,9.3801,113.84,1500.0,0,60.00,https://piltoverarchive.com/decks/view/25b5648a-a4e6-4624-8201-1f99b460e8f6
1500,riftboundgg,volibear-relentless-storm-deck-itkx8,Volibear Relentless Storm Deck,Volibear - Relentless Storm,Legend,9.3752,114.38,23202.0,,265.52,https://riftbound.gg/decks/volibear-relentless-storm-deck-itkx8/
1501,riftboundgg,sett-atlanta-cgs-winner,Sett Atlanta CGS Winner,Sett - The Boss,Legend,9.3739,62.16,37993.0,,175.11,https://riftbound.gg/decks/sett-atlanta-cgs-winner/
1502,riftboundgg,reksai-void-burrower-deck-copy-tgytq,Rek'Sai - Void Burrower Deck - copy,Rek'Sai - Void Burrower,Legend,9.3710,417.13,19.0,,1.07,https://riftbound.gg/decks/reksai-void-burrower-deck-copy-tgytq/
1503,piltoverarchive,2036a9c0-d8c8-41ff-84f5-23410638c110,MASTER YI 2,"Master Yi, Wuju Bladesman",Legend,9.3700,32.83,1600.0,0,29.00,https://piltoverarchive.com/decks/view/2036a9c0-d8c8-41ff-84f5-23410638c110
1504,piltoverarchive,c2346c4a-30e8-4d5e-9a31-9f1dabeee85c,JINX ONLY DISCARD AND GAAAS,"Jinx, Loose Cannon",Legend,9.3652,142.93,6400.0,0,90.00,https://piltoverarchive.com/decks/view/c2346c4a-30e8-4d5e-9a31-9f1dabeee85c
1505,piltoverarchive,1c0de5d4-436b-4058-9de7-cc09fe9bd5fb,Tempo Ahri Skirmish Dec 20,"Ahri, Nine-Tailed Fox",Legend,9.3601,85.44,2200.0,0,60.00,https://piltoverarchive.com/decks/view/1c0de5d4-436b-4058-9de7-cc09fe9bd5fb
1506,piltoverarchive,6233761c-0ec1-4610-914c-3789c9ad3ff5,Leona is stunning,"Leona, Radiant Dawn",Legend,9.3596,48.82,5800.0,0,20.00,https://piltoverarchive.com/decks/view/6233761c-0ec1-4610-914c-3789c9ad3ff5
1507,riftboundgg,lux-lady-of-luminosity-deck-jt22i,Lux Lady of Luminosity Deck,Lux - Lady of Luminosity,Legend,9.3489,133.44,75315.0,,272.36,https://riftbound.gg/decks/lux-lady-of-luminosity-deck-jt22i/
1508,riftboundgg,jinx-current-post-ban-copy-lzti8,Jinx Current Post Ban - copy,Jinx - Loose Cannon,Legend,9.3480,563.75,21.0,,0.73,https://riftbound.gg/decks/jinx-current-post-ban-copy-lzti8/
1509,piltoverarchive,e9d5c0f4-6f24-4cd4-a345-7a41518cb66b,Season 1 National Open - #87,"Lee Sin, Blind Monk",Legend,9.3454,141.60,3900.0,0,90.00,https://piltoverarchive.com/decks/view/e9d5c0f4-6f24-4cd4-a345-7a41518cb66b
1510,piltoverarchive,0471fdea-228a-45d2-a4dc-190365ecfd42,Jinx Phoenix 2.0,"Jinx, Loose Cannon",Legend,9.3366,120.76,1700.0,0,30.00,https://piltoverarchive.com/decks/view/0471fdea-228a-45d2-a4dc-190365ecfd42
1511,piltoverarchive,95585505-94f1-46a9-a640-ddb0a423cc68,Chinese National Teemo TOP16,"Teemo, Swift Scout",Legend,9.3352,100.25,26300.0,0,90.00,https://piltoverarchive.com/decks/view/95585505-94f1-46a9-a640-ddb0a423cc68
1512,piltoverarchive,0fa1a48a-c248-4c03-83a4-1b7abfa65ac2,2nd place group A (Ascension League Season 2 - Stage 1) - 05/01/2026,"Master Yi, Wuju Bladesman",Legend,9.3310,17.45,8100.0,4,30.00,https://piltoverarchive.com/decks/view/0fa1a48a-c248-4c03-83a4-1b7abfa65ac2
1513,riftboundgg,best-lux-from-vegas-t128,Best Lux from Vegas (T128),Lux - Lady of Luminosity,Legend,9.3309,94.43,18071.0,,77.17,https://riftbound.gg/decks/best-lux-from-vegas-t128/
1514,piltoverarchive,69249b76-0d96-4a8d-9b44-aafee826f216,2nd Place - 512 Player Regional China,"Master Yi, Wuju Bladesman",Legend,9.3295,45.05,5900.0,0,180.00,https://piltoverarchive.com/decks/view/69249b76-0d96-4a8d-9b44-aafee826f216
1515,riftboundgg,annie-dark-child-starter-deck-8bmc7,Annie - Dark Child - Starter Deck,Leona - Radiant Dawn,Legend,9.3148,407.93,9.0,,0.90,https://riftbound.gg/decks/annie-dark-child-starter-deck-8bmc7/
1516,piltoverarchive,760a0834-a912-42bd-8444-3eb8949511dd,Aurora Voli set 2,"Volibear, Relentless Storm",Legend,9.3121,138.72,677.0,3,0.62,https://piltoverarchive.com/decks/view/760a0834-a912-42bd-8444-3eb8949511dd
1517,riftboundgg,lucian-on-a-budget,Lucian On a Budget,Lucian - Purifier,Legend,9.3090,107.50,15400.0,,86.22,https://riftbound.gg/decks/lucian-on-a-budget/
1518,piltoverarchive,970b9478-a30c-4003-b444-fbd94de2babf,Ornn,"Ornn, Fire Below the Mountain",Legend,9.3012,123.36,2300.0,0,90.00,https://piltoverarchive.com/decks/view/970b9478-a30c-4003-b444-fbd94de2babf
1519,piltoverarchive,4914a50d-e844-4462-bd78-387559b1d931,spiritforge mf agro,"Miss Fortune, Bounty Hunter",Legend,9.2982,36.73,6200.0,0,30.00,https://piltoverarchive.com/decks/view/4914a50d-e844-4462-bd78-387559b1d931
1520,piltoverarchive,35925714-9d75-4c75-9477-b7f90af5d166,"Upgraded Budget Viktor, 6th at Skirmish","Viktor, Herald of the Arcane",Legend,9.2891,19.23,1800.0,0,60.00,https://piltoverarchive.com/decks/view/35925714-9d75-4c75-9477-b7f90af5d166
1521,piltoverarchive,42591b92-e19d-43ba-8619-944782c92301,Viktor Spiritforged update,"Viktor, Herald of the Arcane",Legend,9.2882,42.41,26.0,0,0.83,https://piltoverarchive.com/decks/view/42591b92-e19d-43ba-8619-944782c92301
1522,riftboundgg,best-rumble-from-bologna-ehdrt,Best Rumble From Bologna,Rumble - Mechanized Menace,Legend,9.2665,130.22,32493.0,,87.08,https://riftbound.gg/decks/best-rumble-from-bologna-ehdrt/
1523,piltoverarchive,bd4e40ec-c41f-4014-8f5c-46d6e90a092d,Tenacious Lee - Budget Friendly,"Lee Sin, Blind Monk",Legend,9.2582,139.85,3200.0,0,90.00,https://piltoverarchive.com/decks/view/bd4e40ec-c41f-4014-8f5c-46d6e90a092d
1524,riftboundgg,ahri-nine-tailed-fox-deck-d6cvn,Ahri - Nine-Tailed Fox Deck,Ahri - Nine-Tailed Fox,Legend,9.2433,163.35,133.0,,0.97,https://riftbound.gg/decks/ahri-nine-tailed-fox-deck-d6cvn/
1525,riftboundgg,darius-take-1,Darius Take 1,Darius - Hand of Noxus,Legend,9.2067,172.41,99250.0,,275.97,https://riftbound.gg/decks/darius-take-1/
1526,piltoverarchive,76866aeb-02e1-43fd-8d46-055eea7891a1,Guangzhou City Challenge Winner,"Jinx, Loose Cannon",Legend,9.2010,156.80,2600.0,0,120.00,https://piltoverarchive.com/decks/view/76866aeb-02e1-43fd-8d46-055eea7891a1
1527,piltoverarchive,b96b3269-07cb-4988-b581-aa2d2bab880b,Jinx Top 64 Houston,"Jinx, Loose Cannon",Legend,9.1963,110.96,2300.0,0,30.00,https://piltoverarchive.com/decks/view/b96b3269-07cb-4988-b581-aa2d2bab880b
1528,piltoverarchive,835b6f69-56fd-41a0-8d21-f5c8da6a02f5,Pre Set Ornn,"Ornn, Fire Below the Mountain",Legend,9.1860,164.69,1900.0,0,0.17,https://piltoverarchive.com/decks/view/835b6f69-56fd-41a0-8d21-f5c8da6a02f5
1529,riftboundgg,teemo-swift-scout-deck-vn9ei,Teemo - Swift Scout Deck,Teemo - Swift Scout,Legend,9.1769,397.31,7.0,,1.10,https://riftbound.gg/decks/teemo-swift-scout-deck-vn9ei/
1530,riftboundgg,teemo-top-8-at-sydney-regional-qualifier-copy-2-xt2nm,Teemo Top 8 at Sydney Regional Qualifier - copy 2,Teemo - Swift Scout,Legend,9.1763,287.57,17.0,,0.45,https://riftbound.gg/decks/teemo-top-8-at-sydney-regional-qualifier-copy-2-xt2nm/
1531,piltoverarchive,8ed98c70-90aa-424d-a601-99d9baa24651,Garen Tokens for Chads,"Garen, Might of Demacia",Legend,9.1661,160.91,889.0,0,25.00,https://piltoverarchive.com/decks/view/8ed98c70-90aa-424d-a601-99d9baa24651
1532,riftboundgg,best-origins-lux,Best Origins Lux,Lux - Lady of Luminosity,Legend,9.1606,110.17,26418.0,,150.74,https://riftbound.gg/decks/best-origins-lux/
1533,riftboundgg,volibear-relentless-storm-deck-oxpa8,Volibear Relentless Storm Deck,Volibear - Relentless Storm,Legend,9.1563,105.20,98430.0,,291.46,https://riftbound.gg/decks/volibear-relentless-storm-deck-oxpa8/
1534,riftboundgg,lee-see-chinese-national-87th-751u9,Lee See Chinese National 87th,Lee Sin - Blind Monk,Legend,9.1295,171.61,44298.0,,197.55,https://riftbound.gg/decks/lee-see-chinese-national-87th-751u9/
1535,piltoverarchive,b05de7db-6e84-45b1-aff7-7134f896ca69,China’s No.1 Teemo — 30th place at the Shanghai National Open. By 淘金巢Ai霆霆,"Teemo, Swift Scout",Legend,9.1291,107.50,4400.0,0,90.00,https://piltoverarchive.com/decks/view/b05de7db-6e84-45b1-aff7-7134f896ca69
1536,piltoverarchive,5bc89d56-5414-4c37-9668-0b59bdde5fe8,Leona Stuning : P Testing 15+ games,"Leona, Radiant Dawn",Legend,9.1175,46.71,5800.0,1,26.00,https://piltoverarchive.com/decks/view/5bc89d56-5414-4c37-9668-0b59bdde5fe8
1537,riftboundgg,teemo-swift-scout-deck-ygqsu,Teemo - Swift Scout Deck,Teemo - Swift Scout,Legend,9.1143,302.22,6.0,,1.37,https://riftbound.gg/decks/teemo-swift-scout-deck-ygqsu/
1538,riftboundgg,lux-lady-of-luminosity-deck-copy-6i9ck,Lux Lady of Luminosity Deck - copy,Lux - Lady of Luminosity,Legend,9.1142,127.92,87482.0,,302.33,https://riftbound.gg/decks/lux-lady-of-luminosity-deck-copy-6i9ck/
1539,piltoverarchive,5ef40e23-f939-4de3-ba8e-89081d624825,1st PLACE COMPETITIVE LEONA DECK PROFILE!!!,"Leona, Radiant Dawn",Legend,9.1109,49.79,19400.0,6,60.00,https://piltoverarchive.com/decks/view/5ef40e23-f939-4de3-ba8e-89081d624825
1540,piltoverarchive,97474ba0-cc0e-49c2-a87a-fbc88171fa6a,Hopefully Less Dazzling Dependent Voli,"Volibear, Relentless Storm",Legend,9.1034,70.24,1800.0,0,30.00,https://piltoverarchive.com/decks/view/97474ba0-cc0e-49c2-a87a-fbc88171fa6a
1541,riftboundgg,lee-sin-blind-monk-deck-j2zb6,Lee Sin Blind Monk Deck,Lee Sin - Blind Monk,Legend,9.0923,315.09,50649.0,,275.69,https://riftbound.gg/decks/lee-sin-blind-monk-deck-j2zb6/
1542,piltoverarchive,a3a79e08-d7df-4af3-b3b0-59a7d1fb3f19,Budget Miss Fortune,"Miss Fortune, Bounty Hunter",Legend,9.0892,88.24,3500.0,0,90.00,https://piltoverarchive.com/decks/view/a3a79e08-d7df-4af3-b3b0-59a7d1fb3f19
1543,piltoverarchive,ac3462c1-0265-4ced-9a41-2a81f550f05a,Master Yi Bologna TOP64 Winter League 10/1/2026,"Master Yi, Wuju Bladesman",Legend,9.0863,30.69,1400.0,0,30.00,https://piltoverarchive.com/decks/view/ac3462c1-0265-4ced-9a41-2a81f550f05a
1544,riftboundgg,miss-fortune-on-a-budget-copy,Miss Fortune On a Budget - copy,Miss Fortune - Bounty Hunter,Legend,9.0816,77.37,15025.0,,85.15,https://riftbound.gg/decks/miss-fortune-on-a-budget-copy/
1545,piltoverarchive,f07fe6bb-2e3f-46c3-ad90-976a23f07690,Budget Viktor,"Viktor, Herald of the Arcane",Legend,9.0793,16.64,4700.0,0,90.00,https://piltoverarchive.com/decks/view/f07fe6bb-2e3f-46c3-ad90-976a23f07690
1546,piltoverarchive,b18e7657-25b3-4645-93f7-06298f68b40e,Best-Of Leona - 183rd Place - Fuzhou Regional Open,"Leona, Radiant Dawn",Legend,9.0699,60.97,649.0,0,27.00,https://piltoverarchive.com/decks/view/b18e7657-25b3-4645-93f7-06298f68b40e
1547,piltoverarchive,ca7d95e8-478f-4643-9f8a-f0025c8d8a27,Lux + Jayce Combo Control (WIP),"Lux, Lady of Luminosity",Legend,9.0618,78.20,12100.0,5,60.00,https://piltoverarchive.com/decks/view/ca7d95e8-478f-4643-9f8a-f0025c8d8a27
1548,piltoverarchive,d2cd8eb0-d947-4d5a-9ea9-87896708c867,Teemo (Invert Timelines Fizz) Set 2,"Teemo, Swift Scout",Legend,9.0616,105.47,1600.0,0,4.00,https://piltoverarchive.com/decks/view/d2cd8eb0-d947-4d5a-9ea9-87896708c867
1549,riftboundgg,jinx-copy-32w2f,Jinx - copy,Jinx - Loose Cannon,Legend,9.0580,310.03,15.0,,1.73,https://riftbound.gg/decks/jinx-copy-32w2f/
1550,piltoverarchive,30e36f2f-e555-4afd-82b8-cb53447e9366,4th place group A (Ascension League Season 2 - Stage 1) - 05/01/2026,"Master Yi, Wuju Bladesman",Legend,9.0325,29.87,1400.0,1,30.00,https://piltoverarchive.com/decks/view/30e36f2f-e555-4afd-82b8-cb53447e9366
1551,piltoverarchive,1b938ce7-321a-419f-b688-d8cfa11f5b3c,Skirmish Winning Deck,"Yasuo, Unforgiven",Legend,9.0293,46.00,50000.0,14,30.00,https://piltoverarchive.com/decks/view/1b938ce7-321a-419f-b688-d8cfa11f5b3c
1552,piltoverarchive,c55bcf05-16ce-480a-9f7e-f9a2159a22e7,Mid Range Miss Fortune (No Aurora),"Miss Fortune, Bounty Hunter",Legend,9.0277,74.92,1000.0,0,30.00,https://piltoverarchive.com/decks/view/c55bcf05-16ce-480a-9f7e-f9a2159a22e7
1553,riftboundgg,jinx-loose-cannon-deck-copy-aocg3,Jinx - Loose Cannon Deck - copy,Jinx - Loose Cannon,Legend,9.0265,408.25,12.0,,0.75,https://riftbound.gg/decks/jinx-loose-cannon-deck-copy-aocg3/
1554,riftboundgg,garen-lock,Garen lock,Garen - Might of Demacia,Legend,9.0180,239.14,80693.0,,270.05,https://riftbound.gg/decks/garen-lock/
1555,riftboundgg,reksai-void-burrower-deck-sxwul,Rek'Sai - Void Burrower Deck,Rek'Sai - Void Burrower,Legend,9.0085,195.70,162.0,,1.34,https://riftbound.gg/decks/reksai-void-burrower-deck-sxwul/
1556,riftboundgg,garen-might-of-demacia-deck-d80bk,Garen Might of Demacia Deck,Garen - Might of Demacia,Legend,8.9820,355.02,20154.0,,286.26,https://riftbound.gg/decks/garen-might-of-demacia-deck-d80bk/
1557,riftboundgg,ornn-fire-below-the-mountain-deck-pj0ty,Ornn - Fire Below the Mountain Deck,Ornn - Fire Below the Mountain,Legend,8.9782,316.89,6.0,,1.76,https://riftbound.gg/decks/ornn-fire-below-the-mountain-deck-pj0ty/
1558,piltoverarchive,d311aed1-2d6b-4ca8-a098-a69f6cca00b2,Ruin Runner&#x27;s Skyfall of Trinity,"Volibear, Relentless Storm",Legend,8.9771,68.75,1200.0,0,26.00,https://piltoverarchive.com/decks/view/d311aed1-2d6b-4ca8-a098-a69f6cca00b2
1559,riftboundgg,lucian-unleashed-copy-gjvna,Lucian - Unleashed - copy,Lucian - Purifier,Legend,8.9740,297.59,8.0,,0.46,https://riftbound.gg/decks/lucian-unleashed-copy-gjvna/
1560,piltoverarchive,35d11b69-7da5-4f5b-89d5-e2e393844306,🐸🪄🔥,"Teemo, Swift Scout",Legend,8.9733,65.05,10700.0,1,29.00,https://piltoverarchive.com/decks/view/35d11b69-7da5-4f5b-89d5-e2e393844306
1561,riftboundgg,volibear-relentless-storm-deck-d2ww8,Volibear Relentless Storm Deck,Volibear - Relentless Storm,Legend,8.9728,102.93,45724.0,,297.04,https://riftbound.gg/decks/volibear-relentless-storm-deck-d2ww8/
1562,riftboundgg,cheap-annie,Cheap Annie,Annie - Dark Child,Legend,8.9672,53.00,45474.0,,195.01,https://riftbound.gg/decks/cheap-annie/
1563,riftboundgg,best-origins-garen,Best Origins Garen,Garen - Might of Demacia,Legend,8.9666,184.56,18485.0,,142.16,https://riftbound.gg/decks/best-origins-garen/
1564,riftboundgg,blue-promise-teemo,Blue Promise Teemo,Teemo - Swift Scout,Legend,8.9600,128.59,29353.0,,279.75,https://riftbound.gg/decks/blue-promise-teemo/
1565,piltoverarchive,1944f1d9-b2b6-4492-aed5-ba2808b23026,Best-Of Lux - 82nd Place - Fuzhou Regional Open,"Lux, Lady of Luminosity",Legend,8.9358,86.29,812.0,0,27.00,https://piltoverarchive.com/decks/view/1944f1d9-b2b6-4492-aed5-ba2808b23026
1566,piltoverarchive,3349e218-42ba-48b8-976f-4fa2165d6cee,Lonely Leona,"Leona, Radiant Dawn",Legend,8.9351,56.38,934.0,1,30.00,https://piltoverarchive.com/decks/view/3349e218-42ba-48b8-976f-4fa2165d6cee
1567,riftboundgg,ornn-fire-below-the-mountain-deck-px85a,Ornn - Fire Below the Mountain Deck,Ornn - Fire Below the Mountain,Legend,8.9117,463.19,6.0,,1.13,https://riftbound.gg/decks/ornn-fire-below-the-mountain-deck-px85a/
1568,piltoverarchive,cd64fb8c-304e-44d9-9603-513d242db365,Teemo - 2nd Place 26-10 Chengdu City Challenge,"Teemo, Swift Scout",Legend,8.9114,105.46,7600.0,0,120.00,https://piltoverarchive.com/decks/view/cd64fb8c-304e-44d9-9603-513d242db365
1569,riot-bologna,riot-bologna-104-ochman,Bologna #104 - Ochman,"Lux, Lady of Luminosity",Legend,8.9022,93.71,,,210.35,https://riftbound.leagueoflegends.com/en-us/news/organizedplay/the-best-decks-out-of-bologna/
1570,piltoverarchive,695a16b3-24e7-4cb3-8bdb-9fcdfb156708,Jinx Mono-Redish V2,"Jinx, Loose Cannon",Legend,8.8865,121.82,1700.0,0,60.00,https://piltoverarchive.com/decks/view/695a16b3-24e7-4cb3-8bdb-9fcdfb156708
1571,riftboundgg,lee-sin-blind-monk-deck-vd4yj,Lee Sin Blind Monk Deck,Lee Sin - Blind Monk,Legend,8.8817,229.96,33250.0,,279.50,https://riftbound.gg/decks/lee-sin-blind-monk-deck-vd4yj/
1572,piltoverarchive,ef53ec8f-ebde-4b43-a3eb-58dde38f2c53,Renata Hook v1.4,"Renata Glasc, Chem-Baroness",Legend,8.8778,202.43,2100.0,0,11.00,https://piltoverarchive.com/decks/view/ef53ec8f-ebde-4b43-a3eb-58dde38f2c53
1573,piltoverarchive,1be69716-94fa-4442-8fbf-d8da25bd308c,Dragons MF,"Miss Fortune, Bounty Hunter",Legend,8.8486,38.22,1600.0,0,30.00,https://piltoverarchive.com/decks/view/1be69716-94fa-4442-8fbf-d8da25bd308c
1574,piltoverarchive,6bce9ad2-1b86-4a49-a835-c9aa8ccc01b0,Yi,"Master Yi, Wuju Bladesman",Legend,8.8470,32.89,1400.0,0,60.00,https://piltoverarchive.com/decks/view/6bce9ad2-1b86-4a49-a835-c9aa8ccc01b0
1575,piltoverarchive,505ac9e7-8894-440d-80ba-fabdd9bf181b,Renata semi aggro,"Renata Glasc, Chem-Baroness",Legend,8.8438,382.61,1900.0,0,30.00,https://piltoverarchive.com/decks/view/505ac9e7-8894-440d-80ba-fabdd9bf181b
1576,riftboundgg,sett-the-boss-deck-5cr9i,Sett - The Boss Deck,Sett - The Boss,Legend,8.8393,87.46,149.0,,1.22,https://riftbound.gg/decks/sett-the-boss-deck-5cr9i/
1577,piltoverarchive,907a28d0-2295-4f2e-97e2-189b37d4d1d9,Teemo ft. Dr. Singularity,"Teemo, Swift Scout",Legend,8.8390,69.29,2900.0,1,22.00,https://piltoverarchive.com/decks/view/907a28d0-2295-4f2e-97e2-189b37d4d1d9
1578,piltoverarchive,82f6aa0a-17be-42a0-88c1-9d6ad4a6a3ab,Leona - 2nd Nanjing City Challenge,"Leona, Radiant Dawn",Legend,8.8368,52.85,32400.0,1,90.00,https://piltoverarchive.com/decks/view/82f6aa0a-17be-42a0-88c1-9d6ad4a6a3ab
1579,riftboundgg,leona-radiant-dawn-deck-6v83e,Leona - Radiant Dawn Deck,Leona - Radiant Dawn,Legend,8.8355,443.96,4.0,,0.22,https://riftbound.gg/decks/leona-radiant-dawn-deck-6v83e/
1580,piltoverarchive,9d3cf542-de67-48d7-aab9-05ed5446f3ac,Control jinx,"Jinx, Loose Cannon",Legend,8.8335,116.21,2300.0,0,60.00,https://piltoverarchive.com/decks/view/9d3cf542-de67-48d7-aab9-05ed5446f3ac
1581,riftboundgg,miss-fortune-bounty-hunter-deck-ppuy9,Miss Fortune - Bounty Hunter Deck,Miss Fortune - Bounty Hunter,Legend,8.8325,218.15,11.0,,0.13,https://riftbound.gg/decks/miss-fortune-bounty-hunter-deck-ppuy9/
1582,riftboundgg,master-yi-wuju-bladesman-starter-spiritforged-nexus-night-promo-deck-m3bbs,Master Yi - Wuju Bladesman - Starter (Spiritforged Nexus Night Promo) Deck,Master Yi - Wuju Bladesman - Starter (Spiritforged Nexus Night Promo),Legend,8.8298,58.10,148.0,,1.22,https://riftbound.gg/decks/master-yi-wuju-bladesman-starter-spiritforged-nexus-night-promo-deck-m3bbs/
1583,piltoverarchive,6e55aab4-0204-4011-863e-69bb1d04088f,personal sett comp deck,"Sett, The Boss",Legend,8.8267,41.58,1400.0,0,30.00,https://piltoverarchive.com/decks/view/6e55aab4-0204-4011-863e-69bb1d04088f
1584,piltoverarchive,be940c51-3fb1-4fd4-b46d-8ea3b7b6ef68,Jax Unmatched,"Jax, Grandmaster at Arms",Legend,8.8231,59.04,2100.0,0,0.88,https://piltoverarchive.com/decks/view/be940c51-3fb1-4fd4-b46d-8ea3b7b6ef68
1585,piltoverarchive,ab2c50b9-d093-48fa-950d-04b3b8217aa4,TOP Lee Sin - Houston Regional  - Jeff Jones,"Lee Sin, Blind Monk",Legend,8.8221,89.67,19200.0,0,60.00,https://piltoverarchive.com/decks/view/ab2c50b9-d093-48fa-950d-04b3b8217aa4
1586,riftboundgg,jinx-loose-cannon-deck-a9t6g,Jinx - Loose Cannon Deck,Jinx - Loose Cannon,Legend,8.8201,611.74,7.0,,0.30,https://riftbound.gg/decks/jinx-loose-cannon-deck-a9t6g/
1587,piltoverarchive,8023e609-0008-4a2d-8ba8-427fee54fa61,Teemo copy from Gotica,"Teemo, Swift Scout",Legend,8.8114,71.73,3800.0,0,30.00,https://piltoverarchive.com/decks/view/8023e609-0008-4a2d-8ba8-427fee54fa61
1588,riftboundgg,darius-hand-of-noxus-deck-v8326,Darius Hand of Noxus Deck,Darius - Hand of Noxus,Legend,8.8110,161.95,43090.0,,302.01,https://riftbound.gg/decks/darius-hand-of-noxus-deck-v8326/
1589,piltoverarchive,3ac2ecfa-2544-4894-88ea-cf81d5bedabc,Renata Control (WIP),"Renata Glasc, Chem-Baroness",Legend,8.8007,225.05,12600.0,6,60.00,https://piltoverarchive.com/decks/view/3ac2ecfa-2544-4894-88ea-cf81d5bedabc
1590,piltoverarchive,9f36051c-e4f6-48da-bf9f-4df6e38a52a4,Teeto from MreMOEtional,"Teemo, Swift Scout",Legend,8.7788,100.33,2500.0,0,90.00,https://piltoverarchive.com/decks/view/9f36051c-e4f6-48da-bf9f-4df6e38a52a4
1591,riftboundgg,lee-sin-blind-monk-deck-copy,Lee Sin Blind Monk Deck - copy,Lee Sin - Blind Monk,Legend,8.7751,239.79,13481.0,,285.74,https://riftbound.gg/decks/lee-sin-blind-monk-deck-copy/
1592,piltoverarchive,26afb6ae-cad5-47e9-ab39-201379d93b6f,Sivir-Nocturne Spooks,"Sivir, Battle Mistress",Legend,8.7724,34.18,1800.0,1,60.00,https://piltoverarchive.com/decks/view/26afb6ae-cad5-47e9-ab39-201379d93b6f
1593,piltoverarchive,feb9674e-eaea-4803-9b4c-1bf821e84011,Garen - New Meta Deck Trust,"Garen, Might of Demacia",Legend,8.7620,139.98,1100.0,0,30.00,https://piltoverarchive.com/decks/view/feb9674e-eaea-4803-9b4c-1bf821e84011
1594,riftboundgg,best-origins-lee-sin,Best Origins Lee Sin,Lee Sin - Blind Monk,Legend,8.7262,119.78,29789.0,,149.61,https://riftbound.gg/decks/best-origins-lee-sin/
1595,piltoverarchive,695b4112-4ae8-487c-af08-86d5facb9307,Lux - The One TRUE Control Deck v 2.1.1 (SFD),"Lux, Lady of Luminosity",Legend,8.7225,81.65,3400.0,1,60.00,https://piltoverarchive.com/decks/view/695b4112-4ae8-487c-af08-86d5facb9307
1596,piltoverarchive,f625c5d1-421b-41dc-a1d9-2c9a8fa22398,[Set 2] Renata,"Renata Glasc, Chem-Baroness",Legend,8.6955,203.25,2800.0,0,23.00,https://piltoverarchive.com/decks/view/f625c5d1-421b-41dc-a1d9-2c9a8fa22398
1597,piltoverarchive,8031c175-7261-4e35-b9f6-9e2cdf440b7e,Serious windrunner,"Yasuo, Unforgiven",Legend,8.6925,81.77,1200.0,0,30.00,https://piltoverarchive.com/decks/view/8031c175-7261-4e35-b9f6-9e2cdf440b7e
1598,piltoverarchive,acab55e5-6f92-476c-8587-77a19f81aae3,"Teemo, Prismat/Gorica/Pavel/Chance Blend","Teemo, Swift Scout",Legend,8.6904,76.17,9100.0,0,60.00,https://piltoverarchive.com/decks/view/acab55e5-6f92-476c-8587-77a19f81aae3
1599,riftboundgg,annie-dark-child-deck-v1njx,Annie Dark Child Deck,Annie - Dark Child,Legend,8.6899,83.96,20555.0,,289.52,https://riftbound.gg/decks/annie-dark-child-deck-v1njx/
1600,riftboundgg,yasuo-18th-at-lille-regional-qualifier-copy-qg11j,Yasuo 18th at Lille Regional Qualifier - copy,Yasuo - Unforgiven,Legend,8.6842,332.76,24.0,,1.73,https://riftbound.gg/decks/yasuo-18th-at-lille-regional-qualifier-copy-qg11j/
1601,piltoverarchive,cb701bed-ee58-4a78-ab87-bdd7ec890f46,Beijing National Open (1st Place) #1 Garen Deck in Beijing,"Garen, Might of Demacia",Legend,8.6777,152.59,6300.0,1,90.00,https://piltoverarchive.com/decks/view/cb701bed-ee58-4a78-ab87-bdd7ec890f46
1602,riftboundgg,annie-dark-child-spell-deck,Annie Dark Child Spell Deck,Annie - Dark Child,Legend,8.6721,84.35,17321.0,,289.52,https://riftbound.gg/decks/annie-dark-child-spell-deck/
1603,riftboundgg,annie-dark-child-deck-7087q,Annie Dark Child Deck,Annie - Dark Child,Legend,8.6713,78.20,18184.0,,279.95,https://riftbound.gg/decks/annie-dark-child-deck-7087q/
1604,piltoverarchive,ffb6b368-f279-430a-b3f8-45983fd76dcc,Alex G. TTD 5k - 7th,"Teemo, Swift Scout",Legend,8.6621,99.51,1700.0,0,90.00,https://piltoverarchive.com/decks/view/ffb6b368-f279-430a-b3f8-45983fd76dcc
1605,piltoverarchive,94a12eb7-3c98-4c4c-83f0-3a5d742aafbc,Sivir testing for competitive play,"Sivir, Battle Mistress",Legend,8.6583,32.89,1400.0,0,60.00,https://piltoverarchive.com/decks/view/94a12eb7-3c98-4c4c-83f0-3a5d742aafbc
1606,piltoverarchive,0e504dd0-8812-4f16-88f5-5e272c37258e,Green Ahri yes yes yes,"Ahri, Nine-Tailed Fox",Legend,8.6540,63.04,949.0,0,29.00,https://piltoverarchive.com/decks/view/0e504dd0-8812-4f16-88f5-5e272c37258e
1607,riftboundgg,volibear-relentless-storm-deck-w361w,Volibear Relentless Storm Deck,Volibear - Relentless Storm,Legend,8.6471,93.47,35055.0,,285.03,https://riftbound.gg/decks/volibear-relentless-storm-deck-w361w/
1608,riftboundgg,garen-top-256-dinan-regional,Garen top 256 Dinan Regional,Garen - Might of Demacia,Legend,8.6471,142.53,34302.0,,109.07,https://riftbound.gg/decks/garen-top-256-dinan-regional/
1609,piltoverarchive,e0b32fb9-43f6-484a-84b6-78100e3f98fa,1st place Leona Nexus Night 3-0,"Leona, Radiant Dawn",Legend,8.6453,48.40,1600.0,0,30.00,https://piltoverarchive.com/decks/view/e0b32fb9-43f6-484a-84b6-78100e3f98fa
1610,piltoverarchive,87c4470b-08e9-4d0d-b03a-094fd636a23b,Rek&#x27;Sai Aggro!,"Rek'Sai, Void Burrower",Legend,8.6445,91.82,1900.0,1,60.00,https://piltoverarchive.com/decks/view/87c4470b-08e9-4d0d-b03a-094fd636a23b
1611,riftboundgg,teemo-on-a-budget-copy-lhup7,Teemo On a Budget - copy,Teemo - Swift Scout,Legend,8.6436,81.16,15121.0,,85.16,https://riftbound.gg/decks/teemo-on-a-budget-copy-lhup7/
1612,riftboundgg,reksai-no-penix-copy-t5q69,Rek'Sai - No Penix - copy,Rek'Sai - Void Burrower,Legend,8.6380,324.13,3.0,,1.12,https://riftbound.gg/decks/reksai-no-penix-copy-t5q69/
1613,riftboundgg,darius-top-128-dinan-regional,Darius Top 128 Dinan Regional,"Darius, Hand of Noxus (Origins Release Event Promo)",Legend,8.6185,109.43,27251.0,,109.08,https://riftbound.gg/decks/darius-top-128-dinan-regional/
1614,piltoverarchive,14d6ace6-ca36-4267-a4e2-f3cc51f72525,ADHDFORTUNE,"Miss Fortune, Bounty Hunter",Legend,8.6017,25.99,1300.0,0,30.00,https://piltoverarchive.com/decks/view/14d6ace6-ca36-4267-a4e2-f3cc51f72525
1615,piltoverarchive,39481617-9118-471b-ab41-f819d990a6c7,Heimerdinger Renata Superpoints Method,"Renata Glasc, Chem-Baroness",Legend,8.5903,209.45,2000.0,3,30.00,https://piltoverarchive.com/decks/view/39481617-9118-471b-ab41-f819d990a6c7
1616,piltoverarchive,3fd87847-7f7b-4de1-af65-98dad52ed875,Runes and Rift 700$ Cash Cup - 1st - Prismaticism - Teemo,"Teemo, Swift Scout",Legend,8.5857,64.77,23500.0,2,30.00,https://piltoverarchive.com/decks/view/3fd87847-7f7b-4de1-af65-98dad52ed875
1617,riftboundgg,ornn-fire-below-the-mountain-deck-9omwy,Ornn - Fire Below the Mountain Deck,Ornn - Fire Below the Mountain,Legend,8.5845,294.19,8.0,,0.29,https://riftbound.gg/decks/ornn-fire-below-the-mountain-deck-9omwy/
1618,piltoverarchive,4c954245-8208-4225-93d3-de2c6578617a,Yasuo Mover,"Yasuo, Unforgiven",Legend,8.5618,65.27,18500.0,1,20.00,https://piltoverarchive.com/decks/view/4c954245-8208-4225-93d3-de2c6578617a
1619,piltoverarchive,a8467145-a808-4c70-9e79-e23f2962973a,5-0 Nexus Night (Origins),"Yasuo, Unforgiven",Legend,8.5611,65.14,4600.0,0,30.00,https://piltoverarchive.com/decks/view/a8467145-a808-4c70-9e79-e23f2962973a
1620,piltoverarchive,97d21dd2-e6a1-4a67-a842-fd104b3b2212,Dragon Lee Set2,"Lee Sin, Blind Monk",Legend,8.5592,99.47,2800.0,0,60.00,https://piltoverarchive.com/decks/view/97d21dd2-e6a1-4a67-a842-fd104b3b2212
1621,piltoverarchive,75fdaf88-17de-473b-b716-e9c490f5326a,Chinese Midranged Sivir (Chengdu),"Sivir, Battle Mistress",Legend,8.5528,21.02,1800.0,1,60.00,https://piltoverarchive.com/decks/view/75fdaf88-17de-473b-b716-e9c490f5326a
1622,riftboundgg,jinx-loose-cannon-origins-release-event-promo-deck-rbce3,Jinx - Loose Cannon (Origins Release Event Promo) Deck,Jinx - Loose Cannon (Origins Release Event Promo),Legend,8.5519,308.97,7.0,,1.08,https://riftbound.gg/decks/jinx-loose-cannon-origins-release-event-promo-deck-rbce3/
1623,piltoverarchive,61b8d684-fb41-4432-bb25-cbef5cc9cc20,6-0-3 Detailed Guide - only Yasuo Guide you need!,"Yasuo, Unforgiven",Legend,8.5511,64.88,4600.0,0,30.00,https://piltoverarchive.com/decks/view/61b8d684-fb41-4432-bb25-cbef5cc9cc20
1624,riftboundgg,new-deck-o6ggp,New Deck,Lucian - Purifier,Legend,8.5483,281.23,5.0,,0.29,https://riftbound.gg/decks/new-deck-o6ggp/
1625,riftboundgg,teemo-runes-rift-cash-cup-ii-winner,Teemo Runes & Rift Cash Cup II Winner,Teemo - Swift Scout,Legend,8.5420,98.27,21820.0,,168.38,https://riftbound.gg/decks/teemo-runes-rift-cash-cup-ii-winner/
1626,riftboundgg,master-yi-wuju-bladesman-deck-copy-2-mgbu3,Master Yi Wuju Bladesman Deck - copy 2,Master Yi - Wuju Bladesman,Legend,8.5394,38.16,26544.0,,277.26,https://riftbound.gg/decks/master-yi-wuju-bladesman-deck-copy-2-mgbu3/
1627,piltoverarchive,3aaa541e-71f5-4506-80ee-5d2712c1b325,viktor but ass,"Viktor, Herald of the Arcane",Legend,8.5362,19.26,49.0,0,30.00,https://piltoverarchive.com/decks/view/3aaa541e-71f5-4506-80ee-5d2712c1b325
1628,riftboundgg,ornn-fire-below-the-mountain-deck-z24wi,Ornn - Fire Below the Mountain Deck,Ornn - Fire Below the Mountain,Legend,8.5316,211.75,64.0,,0.04,https://riftbound.gg/decks/ornn-fire-below-the-mountain-deck-z24wi/
1629,riftboundgg,yasuo-top-128-suzhou-regional-copy,Yasuo Top 128 Suzhou Regional - copy,Yasuo - Unforgiven,Legend,8.5273,259.94,25.0,,1.45,https://riftbound.gg/decks/yasuo-top-128-suzhou-regional-copy/
1630,piltoverarchive,200e8491-bd98-43b7-a31f-24b1a52909ed,Who let the dogs out? Lucian + Warwick!,"Lucian, Purifier",Legend,8.5215,77.03,1400.0,0,30.00,https://piltoverarchive.com/decks/view/200e8491-bd98-43b7-a31f-24b1a52909ed
1631,piltoverarchive,00151071-ad67-49b2-9f66-d2e87a639b42,Viktor Starter,"Viktor, Herald of the Arcane",Legend,8.5159,10.69,2900.0,0,120.00,https://piltoverarchive.com/decks/view/00151071-ad67-49b2-9f66-d2e87a639b42
1632,riftboundgg,kaisa-daughter-of-the-void-deck-da6f7,Kai'Sa - Daughter of the Void Deck,Kai'Sa - Daughter of the Void,Legend,8.5154,89.02,107.0,,0.07,https://riftbound.gg/decks/kaisa-daughter-of-the-void-deck-da6f7/
1633,riftboundgg,sivir-battle-mistress-deck-copy-cekqh,Sivir - Battle Mistress Deck - copy,Sivir - Battle Mistress,Legend,8.5144,148.86,12.0,,1.45,https://riftbound.gg/decks/sivir-battle-mistress-deck-copy-cekqh/
1634,riftboundgg,best-garen-vegas-t512-ojra2,Best Garen Vegas (T512),Garen - Might of Demacia,Legend,8.5043,125.82,14589.0,,77.16,https://riftbound.gg/decks/best-garen-vegas-t512-ojra2/
1635,riftboundgg,prismaticism-4-0-riftlab-clash-i-aug-22nd,Prismaticism: 4-0 - Riftlab Clash I (Aug 22nd),Teemo - Swift Scout,Legend,8.5008,103.54,144558.0,,263.43,https://riftbound.gg/decks/prismaticism-4-0-riftlab-clash-i-aug-22nd/
1636,piltoverarchive,7d9fefe1-0b90-448d-9d9a-cf7e571aaa01,Leona OGN,"Leona, Radiant Dawn",Legend,8.4905,48.53,1000.0,0,30.00,https://piltoverarchive.com/decks/view/7d9fefe1-0b90-448d-9d9a-cf7e571aaa01
1637,piltoverarchive,386c06a6-3bee-4390-a654-acec984ba643,Viktor Tournament PochiPoom,"Viktor, Herald of the Arcane",Legend,8.4794,17.85,5000.0,0,180.00,https://piltoverarchive.com/decks/view/386c06a6-3bee-4390-a654-acec984ba643
1638,piltoverarchive,0246b3a5-e6a3-4879-94fd-60d03986b104,Tempo Stun,"Leona, Radiant Dawn",Legend,8.4783,67.41,19200.0,5,240.00,https://piltoverarchive.com/decks/view/0246b3a5-e6a3-4879-94fd-60d03986b104
1639,piltoverarchive,c52bb4d0-c49a-4136-9f69-5c03636ac704,Leona Stun Update,"Leona, Radiant Dawn",Legend,8.4682,42.24,2800.0,0,30.00,https://piltoverarchive.com/decks/view/c52bb4d0-c49a-4136-9f69-5c03636ac704
1640,piltoverarchive,847ba9e2-f5b3-4a51-8a25-30f832e871fa,Yasuo Updated,"Yasuo, Unforgiven",Legend,8.4639,54.60,9800.0,2,30.00,https://piltoverarchive.com/decks/view/847ba9e2-f5b3-4a51-8a25-30f832e871fa
1641,riftboundgg,master-yi-wins-suzhou-regional-copy,Master Yi wins Suzhou Regional - copy,Master Yi - Wuju Bladesman,Legend,8.4623,73.73,12.0,,0.25,https://riftbound.gg/decks/master-yi-wins-suzhou-regional-copy/
1642,riftboundgg,teemo-scg-vegas-top-8,Teemo SCG Vegas Top 8,Teemo - Swift Scout,Legend,8.4374,97.90,15881.0,,175.09,https://riftbound.gg/decks/teemo-scg-vegas-top-8/
1643,piltoverarchive,be3487f5-e8cd-457e-8899-491a23169853,【City Challenge】Shanghai Station - #26,"Garen, Might of Demacia",Legend,8.4357,143.92,1300.0,0,60.00,https://piltoverarchive.com/decks/view/be3487f5-e8cd-457e-8899-491a23169853
1644,piltoverarchive,ac72f943-4e6a-4868-b613-88b81c550d04,Best Garen Shanghai National,"Garen, Might of Demacia",Legend,8.4284,149.80,3000.0,0,90.00,https://piltoverarchive.com/decks/view/ac72f943-4e6a-4868-b613-88b81c550d04
1645,riftboundgg,miss-fortune-top-16-at-suzhou-regional-copy-2,Miss Fortune Top 16 at Suzhou Regional - copy 2,Miss Fortune - Bounty Hunter,Legend,8.4263,182.69,16.0,,0.37,https://riftbound.gg/decks/miss-fortune-top-16-at-suzhou-regional-copy-2/
1646,riftboundgg,tof-toshiro-rose-weekly-riftbound-cr-unl,ToF Toshiro Rose - Weekly Riftbound CR - UNL,Miss Fortune - Bounty Hunter,Legend,8.4058,115.65,157.0,,0.81,https://riftbound.gg/decks/tof-toshiro-rose-weekly-riftbound-cr-unl/
1647,piltoverarchive,c1f55735-98a1-4eba-aa12-9547a0ecd947,A little gift to all Yasuo Players,"Yasuo, Unforgiven",Legend,8.3957,99.09,2400.0,0,120.00,https://piltoverarchive.com/decks/view/c1f55735-98a1-4eba-aa12-9547a0ecd947
1648,riftboundgg,jinx-loose-cannon-deck-xgb0k,Jinx - Loose Cannon Deck,Jinx - Loose Cannon,Legend,8.3943,729.03,2.0,,0.02,https://riftbound.gg/decks/jinx-loose-cannon-deck-xgb0k/
1649,riftboundgg,master-yi-wins-suzhou-regional-copy-0n1r7,Master Yi wins Suzhou Regional - copy,Master Yi - Wuju Bladesman,Legend,8.3941,72.42,15.0,,0.34,https://riftbound.gg/decks/master-yi-wins-suzhou-regional-copy-0n1r7/
1650,piltoverarchive,881e151d-3af2-4a7a-a401-262c0ecc8fcf,Budget Yasuo,"Yasuo, Unforgiven",Legend,8.3844,77.46,3400.0,0,60.00,https://piltoverarchive.com/decks/view/881e151d-3af2-4a7a-a401-262c0ecc8fcf
1651,piltoverarchive,4c7f66b8-7618-4f9f-92f6-b3d4626b7415,Renata with infinite interactions,"Renata Glasc, Chem-Baroness",Legend,8.3834,193.63,7500.0,7,60.00,https://piltoverarchive.com/decks/view/4c7f66b8-7618-4f9f-92f6-b3d4626b7415
1652,piltoverarchive,dd6d1068-55bc-41e2-9e18-4ada1d40e392,Leona Midrange stun (set 2),"Leona, Radiant Dawn",Legend,8.3725,48.78,2500.0,2,60.00,https://piltoverarchive.com/decks/view/dd6d1068-55bc-41e2-9e18-4ada1d40e392
1653,piltoverarchive,5583c4aa-466d-403b-97fb-f6707fb5e95b,kuvicope,"Master Yi, Wuju Bladesman",Legend,8.3622,34.62,5200.0,0,180.00,https://piltoverarchive.com/decks/view/5583c4aa-466d-403b-97fb-f6707fb5e95b
1654,piltoverarchive,f4bc425b-87c8-4e58-b39f-09605f9bf48a,Yasuo Top 8 split 1k @ Chupacabra Gaming,"Yasuo, Unforgiven",Legend,8.3584,65.09,1900.0,2,28.00,https://piltoverarchive.com/decks/view/f4bc425b-87c8-4e58-b39f-09605f9bf48a
1655,riftboundgg,lee-sin-city-challenge-top-4,Lee Sin City Challenge Top 4,Lee Sin - Blind Monk,Legend,8.3526,112.10,21783.0,,167.64,https://riftbound.gg/decks/lee-sin-city-challenge-top-4/
1656,piltoverarchive,fd41fbb1-cee6-4350-82db-55504403cc85,Leona v3,"Leona, Radiant Dawn",Legend,8.3503,45.09,1200.0,0,30.00,https://piltoverarchive.com/decks/view/fd41fbb1-cee6-4350-82db-55504403cc85
1657,piltoverarchive,93d0a0f2-04ab-4997-82b6-520b87ba2f84,Leona Budget - Golbez,"Leona, Radiant Dawn",Legend,8.3447,54.58,3000.0,0,90.00,https://piltoverarchive.com/decks/view/93d0a0f2-04ab-4997-82b6-520b87ba2f84
1658,piltoverarchive,f4ffd8d9-2275-40de-b306-98fd1054660d,Leona Combat Tricks,"Leona, Radiant Dawn",Legend,8.3391,45.77,5000.0,0,60.00,https://piltoverarchive.com/decks/view/f4ffd8d9-2275-40de-b306-98fd1054660d
1659,piltoverarchive,1f3f8e07-d066-4658-8ecf-d7db7697b22c,Frodan @ Houston Regionals 6-2-1,"Leona, Radiant Dawn",Legend,8.3274,37.94,25100.0,1,60.00,https://piltoverarchive.com/decks/view/1f3f8e07-d066-4658-8ecf-d7db7697b22c
1660,piltoverarchive,eed8b4af-21d7-4bcc-98b0-53c529b74d7f,Snack&#x27;s Rumble (Better than Yi),"Rumble, Mechanized Menace",Legend,8.3116,102.51,2600.0,0,60.00,https://piltoverarchive.com/decks/view/eed8b4af-21d7-4bcc-98b0-53c529b74d7f
1661,piltoverarchive,1dda9768-866b-4344-9f71-052f12b823f6,Hit&#x27;n Run Jinx,"Jinx, Loose Cannon",Legend,8.2992,104.01,3800.0,0,90.00,https://piltoverarchive.com/decks/view/1dda9768-866b-4344-9f71-052f12b823f6
1662,riftboundgg,renata-glasc-top-128-nanjing-regional,Renata Glasc Top 128 Nanjing Regional,Renata Glasc - Chem-Baroness,Legend,8.2988,210.26,50507.0,,1.54,https://riftbound.gg/decks/renata-glasc-top-128-nanjing-regional/
1663,piltoverarchive,1c268ab5-4693-4eab-b00c-080fe7a1c592,Yasuo skirmisher list,"Yasuo, Unforgiven",Legend,8.2844,64.99,2100.0,0,30.00,https://piltoverarchive.com/decks/view/1c268ab5-4693-4eab-b00c-080fe7a1c592
1664,riftboundgg,volibear-relentless-storm-deck-sjg0q,Volibear Relentless Storm Deck,Volibear - Relentless Storm,Legend,8.2834,84.55,33024.0,,293.65,https://riftbound.gg/decks/volibear-relentless-storm-deck-sjg0q/
1665,riftboundgg,sivir-battle-mistress-deck-ql9ks,Sivir - Battle Mistress Deck,Sivir - Battle Mistress,Legend,8.2822,145.35,8.0,,1.47,https://riftbound.gg/decks/sivir-battle-mistress-deck-ql9ks/
1666,piltoverarchive,34188806-cddd-4565-830d-851673fbdd86,Leona Radiant Dawn V1.4,"Leona, Radiant Dawn",Legend,8.2817,38.13,3500.0,0,30.00,https://piltoverarchive.com/decks/view/34188806-cddd-4565-830d-851673fbdd86
1667,piltoverarchive,a6177af3-89f3-442a-90a7-1cd22e430fcd,Miss Fortune Budget - Golbez,"Miss Fortune, Bounty Hunter",Legend,8.2714,25.80,7800.0,1,90.00,https://piltoverarchive.com/decks/view/a6177af3-89f3-442a-90a7-1cd22e430fcd
1668,piltoverarchive,235d5593-ee73-4760-89fd-461ff47765ab,5-0-1 Winning Yasuo Summ Skirmishes 12/7,"Yasuo, Unforgiven",Legend,8.2628,67.30,9800.0,1,60.00,https://piltoverarchive.com/decks/view/235d5593-ee73-4760-89fd-461ff47765ab
1669,piltoverarchive,b469a156-ddcf-4a3b-a23e-7ae03ebc4a94,Top 4 B2G Dubai Skirmish - Leona,"Leona, Radiant Dawn",Legend,8.2600,49.91,1600.0,0,60.00,https://piltoverarchive.com/decks/view/b469a156-ddcf-4a3b-a23e-7ae03ebc4a94
1670,piltoverarchive,af0aa56d-d834-485f-919c-14404ff9ff83,WillowCCG - Runes &amp; Rift Invitational,"Ornn, Fire Below the Mountain",Legend,8.2551,71.68,1000.0,0,30.00,https://piltoverarchive.com/decks/view/af0aa56d-d834-485f-919c-14404ff9ff83
1671,riftboundgg,master-yi-proving-grounds-deck,Master Yi Proving Grounds deck,Master Yi - Wuju Bladesman,Legend,8.2480,30.94,52592.0,,200.52,https://riftbound.gg/decks/master-yi-proving-grounds-deck/
1672,riftboundgg,master-yi-wuju-bladesman-starter-deck-1s1z3,Master Yi - Wuju Bladesman - Starter Deck,Master Yi - Wuju Bladesman,Legend,8.2451,47.77,211.0,,0.81,https://riftbound.gg/decks/master-yi-wuju-bladesman-starter-deck-1s1z3/
1673,riftboundgg,rumble-on-a-budget,Rumble On a budget,Rumble - Mechanized Menace,Legend,8.2420,95.25,15320.0,,86.34,https://riftbound.gg/decks/rumble-on-a-budget/
1674,piltoverarchive,2a9edee2-b5bd-40a6-9db9-d6b150325e4a,"Ornn, flexible one","Ornn, Fire Below the Mountain",Legend,8.2379,110.84,1200.0,0,1.00,https://piltoverarchive.com/decks/view/2a9edee2-b5bd-40a6-9db9-d6b150325e4a
1675,piltoverarchive,47d9fea3-24bd-4de3-a87a-7a026c9e5802,Nanjing City Challenge - 28th December - Top32 - 小神仙,"Yasuo, Unforgiven",Legend,8.2230,81.30,1200.0,0,60.00,https://piltoverarchive.com/decks/view/47d9fea3-24bd-4de3-a87a-7a026c9e5802
1676,piltoverarchive,12f02ab2-7e0e-49d6-9217-9baec19fee21,Leona Aggro,"Leona, Radiant Dawn",Legend,8.2212,43.96,860.0,0,27.00,https://piltoverarchive.com/decks/view/12f02ab2-7e0e-49d6-9217-9baec19fee21
1677,piltoverarchive,6b14c371-1e84-4d4a-b561-0e347c3c3130,Frodan&#x27;s Leona OGN,"Leona, Radiant Dawn",Legend,8.2210,36.66,3900.0,0,30.00,https://piltoverarchive.com/decks/view/6b14c371-1e84-4d4a-b561-0e347c3c3130
1678,riftboundgg,annie-scg-vegas-winner-copy-msyef,Annie SCG Vegas Winner - copy,Annie - Dark Child,Legend,8.2090,149.63,15.0,,1.60,https://riftbound.gg/decks/annie-scg-vegas-winner-copy-msyef/
1679,piltoverarchive,a0506e84-5d5d-4293-9fda-614000b14c85,Lucian 4pt&#x27;r,"Lucian, Purifier",Legend,8.2056,76.91,2400.0,0,60.00,https://piltoverarchive.com/decks/view/a0506e84-5d5d-4293-9fda-614000b14c85
1680,riftboundgg,leona-radiant-dawn-deck-cdw7g,Leona - Radiant Dawn Deck,Leona - Radiant Dawn,Legend,8.2006,568.21,0.0,,0.00,https://riftbound.gg/decks/leona-radiant-dawn-deck-cdw7g/
1681,piltoverarchive,ed0efc9a-2a1c-4bae-ba57-4f84d92f4829,Teemo (budget),"Teemo, Swift Scout",Legend,8.2002,68.98,870.0,0,30.00,https://piltoverarchive.com/decks/view/ed0efc9a-2a1c-4bae-ba57-4f84d92f4829
1682,piltoverarchive,875e5ebd-1ac9-4113-ab48-9073c1978ac5,Teemo Control | Disruption,"Teemo, Swift Scout",Legend,8.1998,83.97,2000.0,0,90.00,https://piltoverarchive.com/decks/view/875e5ebd-1ac9-4113-ab48-9073c1978ac5
1683,riftboundgg,cheap-miss-fortune-6exma,Cheap Miss Fortune,Miss Fortune - Bounty Hunter,Legend,8.1971,70.08,37920.0,,195.03,https://riftbound.gg/decks/cheap-miss-fortune-6exma/
1684,piltoverarchive,a6277ffe-6e5c-4dad-9c2f-9c9867a24d16,teemo,"Teemo, Swift Scout",Legend,8.1921,67.64,984.0,0,30.00,https://piltoverarchive.com/decks/view/a6277ffe-6e5c-4dad-9c2f-9c9867a24d16
1685,piltoverarchive,20db5532-a416-4f56-89d2-4ad6cdce7d47,Top 64 - 512 Player Regional China,"Lux, Lady of Luminosity",Legend,8.1896,87.21,6600.0,0,150.00,https://piltoverarchive.com/decks/view/20db5532-a416-4f56-89d2-4ad6cdce7d47
1686,piltoverarchive,31e5643d-db2f-4b04-af91-10224397d926,1st place Skirmish Control Teemo,"Teemo, Swift Scout",Legend,8.1860,71.40,2800.0,0,60.00,https://piltoverarchive.com/decks/view/31e5643d-db2f-4b04-af91-10224397d926
1687,riftboundgg,annie-dark-child-starter-spiritforged-nexus-night-promo-deck-3sqhw,Annie - Dark Child - Starter (Spiritforged Nexus Night Promo) Deck,Annie - Dark Child - Starter (Spiritforged Nexus Night Promo),Legend,8.1843,170.47,5.0,,1.43,https://riftbound.gg/decks/annie-dark-child-starter-spiritforged-nexus-night-promo-deck-3sqhw/
1688,piltoverarchive,cc131ebd-bbdd-4da2-8d81-7a14ae0787c7,【City Challenge】Chengdu Station - #47,"Yasuo, Unforgiven",Legend,8.1834,72.26,3200.0,0,60.00,https://piltoverarchive.com/decks/view/cc131ebd-bbdd-4da2-8d81-7a14ae0787c7
1689,piltoverarchive,069b0355-0223-4768-a05c-05997a261e39,IceCream Yasuo,"Yasuo, Unforgiven",Legend,8.1771,65.22,1500.0,0,30.00,https://piltoverarchive.com/decks/view/069b0355-0223-4768-a05c-05997a261e39
1690,riftboundgg,ornn-fire-below-the-mountain-deck-9t4dh,Ornn - Fire Below the Mountain Deck,Ornn - Fire Below the Mountain,Legend,8.1766,151.58,151.0,,0.97,https://riftbound.gg/decks/ornn-fire-below-the-mountain-deck-9t4dh/
1691,riftboundgg,garen-chinese-national-502nd,Garen Chinese National 502nd,Garen - Might of Demacia,Legend,8.1739,153.85,20698.0,,186.09,https://riftbound.gg/decks/garen-chinese-national-502nd/
1692,piltoverarchive,863243f3-8811-47aa-988a-4fac27203ec4,SCGCON Vegas 16th Place,"Teemo, Swift Scout",Legend,8.1663,74.02,7500.0,0,90.00,https://piltoverarchive.com/decks/view/863243f3-8811-47aa-988a-4fac27203ec4
1693,riftboundgg,miss-fortune-bounty-hunter-deck-2c8wi,Miss Fortune Bounty Hunter Deck,Miss Fortune - Bounty Hunter,Legend,8.1632,82.40,53980.0,,301.83,https://riftbound.gg/decks/miss-fortune-bounty-hunter-deck-2c8wi/
1694,piltoverarchive,08c27ad9-7b59-49b2-b701-301ab611464b,Teemo - v1.1,"Teemo, Swift Scout",Legend,8.1585,67.91,782.0,0,28.00,https://piltoverarchive.com/decks/view/08c27ad9-7b59-49b2-b701-301ab611464b
1695,piltoverarchive,f265e0aa-d4e8-4f5f-acca-205219293ec1,Top 64 Houston Yasuo - GhaelWinds,"Yasuo, Unforgiven",Legend,8.1560,45.75,76700.0,6,30.00,https://piltoverarchive.com/decks/view/f265e0aa-d4e8-4f5f-acca-205219293ec1
1696,piltoverarchive,f5483aed-7f60-477d-bee6-f58a6dd3cb24,Yasou Combo,"Yasuo, Unforgiven",Legend,8.1536,82.04,3000.0,0,90.00,https://piltoverarchive.com/decks/view/f5483aed-7f60-477d-bee6-f58a6dd3cb24
1697,piltoverarchive,3d2575c0-eeb2-4899-b141-d7b6e9d1de42,"Teemo, Swift Scout #1 Regionals #1 Pub stomper","Teemo, Swift Scout",Legend,8.1447,85.37,1300.0,0,90.00,https://piltoverarchive.com/decks/view/3d2575c0-eeb2-4899-b141-d7b6e9d1de42
1698,piltoverarchive,5f2464e8-6c83-4bfb-9b6c-97fd11c1559e,Mega Greedy Renata Test v1,"Renata Glasc, Chem-Baroness",Legend,8.1269,217.81,2200.0,0,60.00,https://piltoverarchive.com/decks/view/5f2464e8-6c83-4bfb-9b6c-97fd11c1559e
1699,piltoverarchive,3fda39e4-7d92-4c65-bbab-c4a7eb85f912,Renata THE WORLD,"Renata Glasc, Chem-Baroness",Legend,8.1083,179.85,2900.0,2,4.00,https://piltoverarchive.com/decks/view/3fda39e4-7d92-4c65-bbab-c4a7eb85f912
1700,riftboundgg,master-yi-wuju-master-deck-jksmm,Master Yi - Wuju Master Deck,Master Yi - Wuju Master,Legend,8.0997,58.58,31.0,,0.81,https://riftbound.gg/decks/master-yi-wuju-master-deck-jksmm/
1701,piltoverarchive,6603b288-a0eb-4e3b-8353-b0c2ae52830a,(Competitive) Lee Sin Buff,"Lee Sin, Blind Monk",Legend,8.0939,80.40,3900.0,0,60.00,https://piltoverarchive.com/decks/view/6603b288-a0eb-4e3b-8353-b0c2ae52830a
1702,piltoverarchive,5c8a8b08-e8bf-4baf-84a3-27a7997b975c,Top 64 Houston Regional,"Teemo, Swift Scout",Legend,8.0844,61.67,6700.0,1,60.00,https://piltoverarchive.com/decks/view/5c8a8b08-e8bf-4baf-84a3-27a7997b975c
1703,piltoverarchive,d2134147-e658-4a40-976d-e0eaa1a2aa36,"1st place Skirmish, Affordable Mid range Yasuo by Gehun (with strategies)","Yasuo, Unforgiven",Legend,8.0650,55.48,21100.0,0,60.00,https://piltoverarchive.com/decks/view/d2134147-e658-4a40-976d-e0eaa1a2aa36
1704,piltoverarchive,92e9dd3e-88e6-4aed-a12d-4b5f8379c096,Taste My Wind!,"Yasuo, Unforgiven",Legend,8.0586,51.00,5700.0,0,30.00,https://piltoverarchive.com/decks/view/92e9dd3e-88e6-4aed-a12d-4b5f8379c096
1705,riftboundgg,sett-top-16-at-sydney-regional-qualifier-copy-2-75ywg,Sett Top 16 at Sydney Regional Qualifier - copy 2,Sett - The Boss,Legend,8.0464,70.76,131.0,,0.13,https://riftbound.gg/decks/sett-top-16-at-sydney-regional-qualifier-copy-2-75ywg/
1706,piltoverarchive,4e9f192a-de1d-42e7-97a3-32d656c4a68a,Teemo Re 10k,"Teemo, Swift Scout",Legend,8.0307,64.63,778.0,0,28.00,https://piltoverarchive.com/decks/view/4e9f192a-de1d-42e7-97a3-32d656c4a68a
1707,riftboundgg,lux-v1,Lux v1,Lux - Lady of Luminosity,Legend,8.0245,89.65,91138.0,,284.15,https://riftbound.gg/decks/lux-v1/
1708,riftboundgg,yasuo-unforgiven-deck-tccud,Yasuo - Unforgiven Deck,Yasuo - Unforgiven,Legend,8.0188,189.78,16.0,,1.19,https://riftbound.gg/decks/yasuo-unforgiven-deck-tccud/
1709,riftboundgg,ahri-nine-tailed-fox-deck-1127j,Ahri - Nine-Tailed Fox Deck,Ahri - Nine-Tailed Fox,Legend,7.9959,178.38,4.0,,0.31,https://riftbound.gg/decks/ahri-nine-tailed-fox-deck-1127j/
1710,piltoverarchive,a958f790-9d69-47c1-b50d-9cc42ab74743,Skirmish teemo january 2026,"Teemo, Swift Scout",Legend,7.9884,63.93,3800.0,0,60.00,https://piltoverarchive.com/decks/view/a958f790-9d69-47c1-b50d-9cc42ab74743
1711,piltoverarchive,d24d53a6-a850-414d-9c9d-a310747b0375,Win From Base,"Renata Glasc, Chem-Baroness",Legend,7.9766,177.50,1300.0,0,30.00,https://piltoverarchive.com/decks/view/d24d53a6-a850-414d-9c9d-a310747b0375
1712,piltoverarchive,65f168c8-a507-40c3-8a31-470ac939daa2,"Green Lee (没有2费弱鸡 by 老默 3rd at Shenzen CC Nov 30, 2024)","Lee Sin, Blind Monk",Legend,7.9718,82.09,2100.0,0,60.00,https://piltoverarchive.com/decks/view/65f168c8-a507-40c3-8a31-470ac939daa2
1713,riftboundgg,renata-glasc-top-128-chengdu-regional,Renata Glasc Top 128 Chengdu Regional,Renata Glasc - Chem-Baroness,Legend,7.9702,213.34,18894.0,,116.13,https://riftbound.gg/decks/renata-glasc-top-128-chengdu-regional/
1714,riftboundgg,sprite-ornn-v2-copy,Sprite Ornn v2 - copy,Ornn - Fire Below the Mountain,Legend,7.9590,219.59,8.0,,0.39,https://riftbound.gg/decks/sprite-ornn-v2-copy/
1715,riftboundgg,yasuo-skirmish-winner,Yasuo Skirmish Winner,Yasuo - Unforgiven,Legend,7.9581,82.67,21814.0,,168.38,https://riftbound.gg/decks/yasuo-skirmish-winner/
1716,piltoverarchive,8f4b2618-4f42-42c7-ba31-af385ff64fc4,Leona Sum Skirmish 12-11-25 V1,"Leona, Radiant Dawn",Legend,7.9570,43.28,2200.0,0,60.00,https://piltoverarchive.com/decks/view/8f4b2618-4f42-42c7-ba31-af385ff64fc4
1717,piltoverarchive,e445db14-9d65-414c-bf9f-3cd25352355f,YXE Summoner Skirmish 1 – 2nd Place – Gravekeep,"Master Yi, Wuju Bladesman",Legend,7.9458,21.77,1600.0,0,90.00,https://piltoverarchive.com/decks/view/e445db14-9d65-414c-bf9f-3cd25352355f
1718,piltoverarchive,8825ee8c-965c-4e65-ac3c-de74a0d0989f,Multiple top 8 Skirmish Yasuo.,"Yasuo, Unforgiven",Legend,7.9397,52.55,2300.0,0,24.00,https://piltoverarchive.com/decks/view/8825ee8c-965c-4e65-ac3c-de74a0d0989f
1719,riot-bologna,riot-bologna-18-drinkmaker888,Bologna #18 - drinkmaker888,,,7.9307,229.45,,,210.35,https://riftbound.leagueoflegends.com/en-us/news/organizedplay/the-best-decks-out-of-bologna/
1720,piltoverarchive,77e7b81d-7d24-4db9-a090-f23363f47794,Tempo Rumble (WIP),"Rumble, Mechanized Menace",Legend,7.9231,84.14,3800.0,0,60.00,https://piltoverarchive.com/decks/view/77e7b81d-7d24-4db9-a090-f23363f47794
1721,piltoverarchive,e64a6f63-01ef-4483-b18f-e6bb8b2b338a,MAY_WE_RISE_ONTO_THE_CALL,"Ornn, Fire Below the Mountain",Legend,7.9204,64.59,3400.0,1,60.00,https://piltoverarchive.com/decks/view/e64a6f63-01ef-4483-b18f-e6bb8b2b338a
1722,piltoverarchive,af7d7c43-7ee0-4e5c-8ea2-6c6ea3ea31a9,Mundo Ride Teemo,"Teemo, Swift Scout",Legend,7.9185,68.93,1500.0,0,60.00,https://piltoverarchive.com/decks/view/af7d7c43-7ee0-4e5c-8ea2-6c6ea3ea31a9
1723,riftboundgg,annie-dark-child-starter-deck-rsg4r,Annie - Dark Child - Starter Deck,Annie - Dark Child,Legend,7.9177,94.07,197.0,,1.25,https://riftbound.gg/decks/annie-dark-child-starter-deck-rsg4r/
1724,piltoverarchive,a29626a2-78cd-4c5a-8596-6fd6dde8cd57,3rd place group B (Ascension League - Stage 5) - 20/10/2025,"Jinx, Loose Cannon",Legend,7.8972,101.49,2700.0,0,120.00,https://piltoverarchive.com/decks/view/a29626a2-78cd-4c5a-8596-6fd6dde8cd57
1725,piltoverarchive,a0495839-2435-488b-aef2-3017d3bce41a,Leona Stun,"Leona, Radiant Dawn",Legend,7.8962,39.01,970.0,0,30.00,https://piltoverarchive.com/decks/view/a0495839-2435-488b-aef2-3017d3bce41a
1726,piltoverarchive,003e5893-a341-478e-8e3f-c84fa9d2851e,Jinx December Skirmish (6/7 December),"Jinx, Loose Cannon",Legend,7.8918,78.39,3300.0,0,60.00,https://piltoverarchive.com/decks/view/003e5893-a341-478e-8e3f-c84fa9d2851e
1727,piltoverarchive,7bd7f878-dc5d-4f7d-b710-57c51f8a9c4f,Ian B. - SCGCON Vegas Riftbound 10k - Top 32,"Teemo, Swift Scout",Legend,7.8753,72.00,3000.0,0,90.00,https://piltoverarchive.com/decks/view/7bd7f878-dc5d-4f7d-b710-57c51f8a9c4f
1728,piltoverarchive,bb5b0d61-ce22-43c1-b9d5-bb485d84a025,Winter League Bologna - 01/10/26 - Top128 - thebiggek,"Leona, Radiant Dawn",Legend,7.8727,35.92,1500.0,1,30.00,https://piltoverarchive.com/decks/view/bb5b0d61-ce22-43c1-b9d5-bb485d84a025
1729,piltoverarchive,e3880c97-ed6b-4744-bd0b-c81c492466c7,Kurohitsuki&#x27;s Leona,"Leona, Radiant Dawn",Legend,7.8694,42.08,2100.0,0,60.00,https://piltoverarchive.com/decks/view/e3880c97-ed6b-4744-bd0b-c81c492466c7
1730,piltoverarchive,322013c4-9e31-4fa9-bcfb-261ce108e890,Teemo Secret by Prismaticism (1st at Runes &amp; Rift Cash Cup 2 by Runes And Rift on 2025-11-30),"Teemo, Swift Scout",Legend,7.8591,63.64,2500.0,0,60.00,https://piltoverarchive.com/decks/view/322013c4-9e31-4fa9-bcfb-261ce108e890
1731,riftboundgg,sett-the-boss-deck-henw4,Sett - The Boss Deck,Sett - The Boss,Legend,7.8544,90.59,11.0,,1.03,https://riftbound.gg/decks/sett-the-boss-deck-henw4/
1732,riftboundgg,master-yi-wuju-bladesman-deck-yjbnm,Master Yi Wuju Bladesman Deck,Master Yi - Wuju Bladesman,Legend,7.8520,29.52,85576.0,,270.32,https://riftbound.gg/decks/master-yi-wuju-bladesman-deck-yjbnm/
1733,riftboundgg,yasuo-unforgiven-deck-2acrq,Yasuo Unforgiven Deck,Yasuo - Unforgiven,Legend,7.8439,97.06,26788.0,,317.26,https://riftbound.gg/decks/yasuo-unforgiven-deck-2acrq/
1734,piltoverarchive,48ea0334-e1de-44e0-801f-228107f9971a,Renata Glasc Spiritforge,"Renata Glasc, Chem-Baroness",Legend,7.8396,193.47,1900.0,1,60.00,https://piltoverarchive.com/decks/view/48ea0334-e1de-44e0-801f-228107f9971a
1735,riftboundgg,cheap-sett,Cheap Sett,Sett - The Boss,Legend,7.8291,34.10,45857.0,,195.20,https://riftbound.gg/decks/cheap-sett/
1736,riftboundgg,lux-lady-of-luminosity-starter-spiritforged-nexus-night-promo-deck-fxjxn,Lux - Lady of Luminosity - Starter (Spiritforged Nexus Night Promo) Deck,Lux - Lady of Luminosity - Starter (Spiritforged Nexus Night Promo),Legend,7.8282,194.41,9.0,,0.32,https://riftbound.gg/decks/lux-lady-of-luminosity-starter-spiritforged-nexus-night-promo-deck-fxjxn/
1737,piltoverarchive,6ed227e5-9e3a-4feb-8d6a-dd40f6cd45b4,Leona Origins 2.0,"Leona, Radiant Dawn",Legend,7.8268,39.12,702.0,0,28.00,https://piltoverarchive.com/decks/view/6ed227e5-9e3a-4feb-8d6a-dd40f6cd45b4
1738,piltoverarchive,7a08c987-e058-485c-b17e-163872d542ed,Super Galaxy Rumble,"Rumble, Mechanized Menace",Legend,7.8158,78.17,1000.0,0,30.00,https://piltoverarchive.com/decks/view/7a08c987-e058-485c-b17e-163872d542ed
1739,piltoverarchive,559234c9-1b8b-4f17-ab8f-7c1d7cf83959,Lee Sin Stacks 2.0,"Lee Sin, Blind Monk",Legend,7.8120,79.98,1500.0,0,60.00,https://piltoverarchive.com/decks/view/559234c9-1b8b-4f17-ab8f-7c1d7cf83959
1740,piltoverarchive,43efb540-f59b-43ea-a8bb-88d47041621b,5-0 NEXUS NIGHT,"Lee Sin, Blind Monk",Legend,7.8101,77.80,7700.0,0,90.00,https://piltoverarchive.com/decks/view/43efb540-f59b-43ea-a8bb-88d47041621b
1741,riftboundgg,lux-lady-of-luminosity-deck-3taap,Lux Lady of Luminosity Deck,Lux - Lady of Luminosity,Legend,7.8085,85.51,62893.0,,295.41,https://riftbound.gg/decks/lux-lady-of-luminosity-deck-3taap/
1742,piltoverarchive,19796384-4ea5-4dc5-80c2-bbcd4b686ea5,Jim Davis - Arcane Academy - 6-3 Jinx Houston,"Jinx, Loose Cannon",Legend,7.8041,38.33,22100.0,6,60.00,https://piltoverarchive.com/decks/view/19796384-4ea5-4dc5-80c2-bbcd4b686ea5
1743,piltoverarchive,653feb68-93c1-4949-84ee-f1bd72b69753,Controlled Demolition (Devin&#x27;s Jinx List),"Jinx, Loose Cannon",Legend,7.8004,44.27,15600.0,11,0.04,https://piltoverarchive.com/decks/view/653feb68-93c1-4949-84ee-f1bd72b69753
1744,piltoverarchive,6f9e4be9-8b32-4bc4-ada4-46cf338fd8ab,BLIND MONK - COMPETITIVE BUFF TEMPO,"Lee Sin, Blind Monk",Legend,7.7972,80.66,5000.0,0,90.00,https://piltoverarchive.com/decks/view/6f9e4be9-8b32-4bc4-ada4-46cf338fd8ab
1745,riftboundgg,cheap-teemo,Cheap Teemo,Teemo - Swift Scout,Legend,7.7923,76.55,48475.0,,195.36,https://riftbound.gg/decks/cheap-teemo/
1746,piltoverarchive,8e8c21bd-925d-4c02-aa45-50eefdd9dce5,HOLD Lee Sin,"Lee Sin, Blind Monk",Legend,7.7897,54.56,4600.0,0,30.00,https://piltoverarchive.com/decks/view/8e8c21bd-925d-4c02-aa45-50eefdd9dce5
1747,piltoverarchive,157ef420-010b-43a0-b0b0-fdb701401676,Lux Top 8 Regional,"Lux, Lady of Luminosity",Legend,7.7838,77.99,4100.0,0,150.00,https://piltoverarchive.com/decks/view/157ef420-010b-43a0-b0b0-fdb701401676
1748,piltoverarchive,525c8ba1-e796-4ac5-af7f-20d3481a0bc0,Leo rifting turtle changed,"Leona, Radiant Dawn",Legend,7.7755,41.53,1700.0,0,60.00,https://piltoverarchive.com/decks/view/525c8ba1-e796-4ac5-af7f-20d3481a0bc0
1749,riftboundgg,lux-lady-of-luminosity-starter-deck-copy-9joln,Lux - Lady of Luminosity - Starter Deck - copy,Lux - Lady of Luminosity,Legend,7.7530,159.54,22.0,,0.97,https://riftbound.gg/decks/lux-lady-of-luminosity-starter-deck-copy-9joln/
1750,piltoverarchive,34751e92-6494-4812-88c5-a11d32080dc0,Jinx - Top8 Case Tournament - 4-0-2,"Jinx, Loose Cannon",Legend,7.7524,79.64,7000.0,0,90.00,https://piltoverarchive.com/decks/view/34751e92-6494-4812-88c5-a11d32080dc0
1751,piltoverarchive,82c351c6-5b89-463d-8ba2-5935cc87b403,Updated Yasuo,"Yasuo, Unforgiven",Legend,7.7459,64.28,7900.0,0,90.00,https://piltoverarchive.com/decks/view/82c351c6-5b89-463d-8ba2-5935cc87b403
1752,riftboundgg,lux-grapplr-xa32s,Lux - Grapplr,Lux - Lady of Luminosity,Legend,7.7414,162.10,16.0,,1.21,https://riftbound.gg/decks/lux-grapplr-xa32s/
1753,piltoverarchive,53235df2-7579-4ac3-80db-2ab96f82d216,BUDGET YASUO,"Yasuo, Unforgiven",Legend,7.7348,65.20,6500.0,0,90.00,https://piltoverarchive.com/decks/view/53235df2-7579-4ac3-80db-2ab96f82d216
1754,riftboundgg,lee-sin-on-a-budget,Lee Sin On a Budget,Lee Sin - Blind Monk,Legend,7.7327,69.13,15186.0,,86.32,https://riftbound.gg/decks/lee-sin-on-a-budget/
1755,riftboundgg,reksai-15th-s3-suzhou-city-challenge,Rek'Sai 15th S3 Suzhou City Challenge,Rek'Sai - Swarm Queen,Champion,7.7241,177.09,15.0,,1.28,https://riftbound.gg/decks/reksai-15th-s3-suzhou-city-challenge/
1756,piltoverarchive,0fbb0fae-91fa-4853-ae8b-320950e16dc0,"teemo nexus nights 1st, 2nd, 2nd. 3rd actulizado 25/11/25","Teemo, Swift Scout",Legend,7.7209,68.52,2700.0,0,90.00,https://piltoverarchive.com/decks/view/0fbb0fae-91fa-4853-ae8b-320950e16dc0
1757,piltoverarchive,baa1c26b-24c1-4070-95fe-3653b81a0cce,Lucian Attacks,"Lucian, Purifier",Legend,7.6977,46.45,5800.0,3,1.00,https://piltoverarchive.com/decks/view/baa1c26b-24c1-4070-95fe-3653b81a0cce
1758,piltoverarchive,39b84d27-cf32-47d4-9389-58a98d7dea99,Stun Draw Leona 14 Wins 2 Lose,"Leona, Radiant Dawn",Legend,7.6886,41.28,5000.0,0,90.00,https://piltoverarchive.com/decks/view/39b84d27-cf32-47d4-9389-58a98d7dea99
1759,piltoverarchive,1ef6892e-9eec-4ac5-83c0-ee125f3c09b1,Lux Ekko Control,"Lux, Lady of Luminosity",Legend,7.6866,52.47,1100.0,0,30.00,https://piltoverarchive.com/decks/view/1ef6892e-9eec-4ac5-83c0-ee125f3c09b1
1760,riftboundgg,master-yi-wuju-bladesman-starter-deck-nhvba,Master Yi - Wuju Bladesman - Starter Deck,Master Yi - Wuju Bladesman,Legend,7.6864,61.88,10.0,,0.26,https://riftbound.gg/decks/master-yi-wuju-bladesman-starter-deck-nhvba/
1761,piltoverarchive,0773f7f4-01d4-474d-8f05-a336b389016f,Leona - Best of Legend Shanghai National Open,"Leona, Radiant Dawn",Legend,7.6806,37.44,13800.0,0,90.00,https://piltoverarchive.com/decks/view/0773f7f4-01d4-474d-8f05-a336b389016f
1762,piltoverarchive,679a6b11-a6f5-44de-8140-901cb0f2e5e2,Leona deck - Top8 Regional Moulinsart,"Leona, Radiant Dawn",Legend,7.6801,40.03,1700.0,0,60.00,https://piltoverarchive.com/decks/view/679a6b11-a6f5-44de-8140-901cb0f2e5e2
1763,riftboundgg,cheap-ahri,Cheap Ahri,Ahri - Nine-Tailed Fox,Legend,7.6705,57.80,44975.0,,195.09,https://riftbound.gg/decks/cheap-ahri/
1764,piltoverarchive,a02573d0-4a5a-4e2a-8680-a6466fca0a4f,Leona with Ahri,"Leona, Radiant Dawn",Legend,7.6702,36.80,696.0,0,28.00,https://piltoverarchive.com/decks/view/a02573d0-4a5a-4e2a-8680-a6466fca0a4f
1765,piltoverarchive,0e68b33a-dd5c-4577-9fae-13c45bb5a79d,Budget Ahri,"Ahri, Nine-Tailed Fox",Legend,7.6513,50.51,4200.0,0,90.00,https://piltoverarchive.com/decks/view/0e68b33a-dd5c-4577-9fae-13c45bb5a79d
1766,riftboundgg,master-yi-wins-s3-guangzhou-city-challenge-copy-x0o2m,Master Yi Wins S3 Guangzhou City Challenge - copy,Master Yi - Wuju Bladesman,Legend,7.6419,49.25,26.0,,0.56,https://riftbound.gg/decks/master-yi-wins-s3-guangzhou-city-challenge-copy-x0o2m/
1767,piltoverarchive,1c2c2785-a4ca-4c18-869d-332af5ed9820,Ahri budget,"Ahri, Nine-Tailed Fox",Legend,7.6284,21.76,1200.0,0,19.00,https://piltoverarchive.com/decks/view/1c2c2785-a4ca-4c18-869d-332af5ed9820
1768,piltoverarchive,38b4a116-2e5f-4d0f-a9d8-657e5caa41ef,Jinx go fast and combo for win,"Jinx, Loose Cannon",Legend,7.6280,80.11,3900.0,0,90.00,https://piltoverarchive.com/decks/view/38b4a116-2e5f-4d0f-a9d8-657e5caa41ef
1769,riftboundgg,ahri-nine-tailed-fox-deck-2sdjr,Ahri Nine-Tailed Fox Deck,Ahri - Nine-Tailed Fox,Legend,7.6198,65.44,25831.0,,269.89,https://riftbound.gg/decks/ahri-nine-tailed-fox-deck-2sdjr/
1770,piltoverarchive,d7ab97f2-cf6a-458b-a87f-09062acf2b66,Voli Midrange Set 2,"Volibear, Relentless Storm",Legend,7.6173,35.54,2900.0,2,5.00,https://piltoverarchive.com/decks/view/d7ab97f2-cf6a-458b-a87f-09062acf2b66
1771,riftboundgg,151st-hangzhou-regionals-tournament-sep-2025,旋木怪兽的藻: 151st - Hangzhou Regionals Tournament (Sep 2025),Garen - Might of Demacia,Legend,7.6121,136.67,22710.0,,241.05,https://riftbound.gg/decks/151st-hangzhou-regionals-tournament-sep-2025/
1772,piltoverarchive,e8cfdd9c-5562-4c00-9ac0-c35990d20779,Creatureless Control (Spiritforge edition),"Lux, Lady of Luminosity",Legend,7.5902,57.39,1800.0,0,60.00,https://piltoverarchive.com/decks/view/e8cfdd9c-5562-4c00-9ac0-c35990d20779
1773,riftboundgg,cheap-garen,Cheap Garen,Garen - Might of Demacia,Legend,7.5790,121.92,34079.0,,196.37,https://riftbound.gg/decks/cheap-garen/
1774,piltoverarchive,aefa915d-a901-4d30-80ab-fb7861570d44,WIP Renata Hold Control,"Renata Glasc, Chem-Baroness",Legend,7.5501,165.24,2500.0,0,60.00,https://piltoverarchive.com/decks/view/aefa915d-a901-4d30-80ab-fb7861570d44
1775,riftboundgg,miss-fortune-bounty-hunter-deck-copy-qiic0,Miss Fortune Bounty Hunter Deck - copy,Miss Fortune - Bounty Hunter,Legend,7.5469,59.36,12651.0,,310.15,https://riftbound.gg/decks/miss-fortune-bounty-hunter-deck-copy-qiic0/
1776,piltoverarchive,c7dc2373-dab5-4758-bbaf-538d766534fb,Frodan Houston 6-2-1 list,"Leona, Radiant Dawn",Legend,7.5399,37.88,1700.0,0,60.00,https://piltoverarchive.com/decks/view/c7dc2373-dab5-4758-bbaf-538d766534fb
1777,piltoverarchive,877671b2-1071-4e85-9ff0-d69c7fd93a28,C2R Teemo 1.0 (Spiritforged),"Teemo, Swift Scout",Legend,7.5373,40.85,1600.0,0,30.00,https://piltoverarchive.com/decks/view/877671b2-1071-4e85-9ff0-d69c7fd93a28
1778,piltoverarchive,8bd2e597-6644-450c-9809-9bdf73969bce,"1st - Summoner Skirmish - Scots Toys, MI","Yasuo, Unforgiven",Legend,7.5330,56.12,2900.0,0,60.00,https://piltoverarchive.com/decks/view/8bd2e597-6644-450c-9809-9bdf73969bce
1779,piltoverarchive,7c53f579-52e2-48e4-848d-a8a46c7e1a2b,SFC Pre Launch Tournament (1st Place),"Master Yi, Wuju Bladesman",Legend,7.5122,23.93,6200.0,0,210.00,https://piltoverarchive.com/decks/view/7c53f579-52e2-48e4-848d-a8a46c7e1a2b
1780,piltoverarchive,04533920-a054-4215-9cf5-b69d68f07a72,#2 TEEMO 12-23-25,"Teemo, Swift Scout",Legend,7.5115,60.10,1200.0,0,60.00,https://piltoverarchive.com/decks/view/04533920-a054-4215-9cf5-b69d68f07a72
1781,riftboundgg,lux-at-top-8-final-liga-spiritforged-pura-vida-rift-copy,Lux at Top 8 Final Liga Spiritforged Pura Vida Rift - copy,Lux - Lady of Luminosity,Legend,7.5095,96.79,210.0,,1.54,https://riftbound.gg/decks/lux-at-top-8-final-liga-spiritforged-pura-vida-rift-copy/
1782,riftboundgg,best-origins-yasuo,Best Origins Yasuo,Yasuo - Unforgiven,Legend,7.5006,64.33,27656.0,,145.51,https://riftbound.gg/decks/best-origins-yasuo/
1783,piltoverarchive,15cfafca-b37a-422e-9eb6-8f1ff5834dab,Mono Blue War Crimes,"Renata Glasc, Chem-Baroness",Legend,7.4978,167.22,1900.0,0,60.00,https://piltoverarchive.com/decks/view/15cfafca-b37a-422e-9eb6-8f1ff5834dab
1784,piltoverarchive,85c3d2d1-bd3e-473f-b09c-782ed8bc33df,"Leona v5 (Tanks, Stuns n Buffs)","Leona, Radiant Dawn",Legend,7.4917,40.77,2500.0,0,90.00,https://piltoverarchive.com/decks/view/85c3d2d1-bd3e-473f-b09c-782ed8bc33df
1785,piltoverarchive,1b7ae605-0028-4f0d-b0fd-f7e41c90cd9f,Ahri Top 16 Changchun City Challenge,"Ahri, Nine-Tailed Fox",Legend,7.4899,44.17,2100.0,0,60.00,https://piltoverarchive.com/decks/view/1b7ae605-0028-4f0d-b0fd-f7e41c90cd9f
1786,riot-bologna,riot-bologna-403-riftboundtee,Bologna #403 - RiftboundTee,"Garen, Might of Demacia",Legend,7.4856,107.93,,,210.35,https://riftbound.leagueoflegends.com/en-us/news/organizedplay/the-best-decks-out-of-bologna/
1787,riftboundgg,yasuo-tl,Yasuo TL,Yasuo - Unforgiven,Legend,7.4754,73.58,28566.0,,206.51,https://riftbound.gg/decks/yasuo-tl/
1788,riftboundgg,rumble-top-256-chengdu-regional,Rumble Top 256 Chengdu Regional,Rumble - Mechanized Menace,Legend,7.4467,79.26,13304.0,,116.11,https://riftbound.gg/decks/rumble-top-256-chengdu-regional/
1789,piltoverarchive,64be162c-646f-47af-aa38-8440f2c0339c,Ahri 1st Budget,"Ahri, Nine-Tailed Fox",Legend,7.4359,50.28,552.0,0,60.00,https://piltoverarchive.com/decks/view/64be162c-646f-47af-aa38-8440f2c0339c
1790,riftboundgg,lux-on-a-budget,Lux on a budget,Lux - Lady of Luminosity,Legend,7.4230,48.63,15118.0,,86.33,https://riftbound.gg/decks/lux-on-a-budget/
1791,piltoverarchive,246d756f-7153-4e3f-a8d1-ea5d20a7458a,Leona Midrange,"Leona, Radiant Dawn",Legend,7.4217,37.88,4100.0,0,90.00,https://piltoverarchive.com/decks/view/246d756f-7153-4e3f-a8d1-ea5d20a7458a
1792,piltoverarchive,87492796-76c9-469e-a08c-5480ff895c49,Summoner Skirmish 04-01-2026 (finished 6 out of 8),"Jinx, Loose Cannon",Legend,7.4076,30.82,2300.0,0,30.00,https://piltoverarchive.com/decks/view/87492796-76c9-469e-a08c-5480ff895c49
1793,piltoverarchive,8abd506e-2aa4-440b-b7b9-d5385e46eafb,Top 4 - Riftlab Contenders: London - Ollie&#x27;s Yasuo,"Yasuo, Unforgiven",Legend,7.3799,40.10,20300.0,1,60.00,https://piltoverarchive.com/decks/view/8abd506e-2aa4-440b-b7b9-d5385e46eafb
1794,piltoverarchive,efd36f0c-1560-424f-90a1-f9c69241fcfa,Yasuo Nexus Night Undefeated 3 - 0,"Yasuo, Unforgiven",Legend,7.3624,58.65,4000.0,0,90.00,https://piltoverarchive.com/decks/view/efd36f0c-1560-424f-90a1-f9c69241fcfa
1795,piltoverarchive,3e848647-3721-49bf-93e4-b13336d0e7ec,Ghael&#x27;s Budget Jinx,"Jinx, Loose Cannon",Legend,7.3500,35.45,47600.0,18,120.00,https://piltoverarchive.com/decks/view/3e848647-3721-49bf-93e4-b13336d0e7ec
1796,piltoverarchive,15d06f0c-fce9-492c-a832-f65d54718c95,Nothing is Free (Control Renata),"Renata Glasc, Chem-Baroness",Legend,7.3452,128.39,6500.0,1,60.00,https://piltoverarchive.com/decks/view/15d06f0c-fce9-492c-a832-f65d54718c95
1797,piltoverarchive,df535f0d-491c-45ba-8a21-5b6ebfccbe7f,Midrange Jinx,"Jinx, Loose Cannon",Legend,7.3377,44.36,1100.0,0,29.00,https://piltoverarchive.com/decks/view/df535f0d-491c-45ba-8a21-5b6ebfccbe7f
1798,piltoverarchive,18b722e1-d302-4296-a894-d7d86db78c8f,Budget Ahri Deck!!,"Ahri, Nine-Tailed Fox",Legend,7.3363,37.92,7800.0,0,90.00,https://piltoverarchive.com/decks/view/18b722e1-d302-4296-a894-d7d86db78c8f
1799,riftboundgg,garen-top-256-fuzhou-regional,Garen Top 256 Fuzhou Regional,Garen - Might of Demacia,Legend,7.3326,91.77,19539.0,,121.06,https://riftbound.gg/decks/garen-top-256-fuzhou-regional/
1800,piltoverarchive,829e37de-3ad7-49d5-b860-6f44e12f3b1f,Spinning Rumble,"Rumble, Mechanized Menace",Legend,7.3268,47.91,4700.0,0,30.00,https://piltoverarchive.com/decks/view/829e37de-3ad7-49d5-b860-6f44e12f3b1f
1801,piltoverarchive,7697320a-d2a5-41d5-b845-e3984d1ded50,Jinx 0,"Jinx, Loose Cannon",Legend,7.3090,35.22,1100.0,0,25.00,https://piltoverarchive.com/decks/view/7697320a-d2a5-41d5-b845-e3984d1ded50
1802,piltoverarchive,18285cba-367f-4c89-ae74-7eef849c9c6f,Yasuo Top 2 Win-a-box Micelion,"Yasuo, Unforgiven",Legend,7.2978,60.06,2400.0,0,90.00,https://piltoverarchive.com/decks/view/18285cba-367f-4c89-ae74-7eef849c9c6f
1803,riot-bologna,riot-bologna-183-justsr,Bologna #183 - JustSR,"Renata Glasc, Chem-Baroness",Legend,7.2958,177.21,,,210.35,https://riftbound.leagueoflegends.com/en-us/news/organizedplay/the-best-decks-out-of-bologna/
1804,piltoverarchive,46ef280e-4f16-4485-80aa-bbf4822bd6b0,Leona Skirmish Control,"Leona, Radiant Dawn",Legend,7.2713,38.01,2100.0,0,90.00,https://piltoverarchive.com/decks/view/46ef280e-4f16-4485-80aa-bbf4822bd6b0
1805,riftboundgg,blanket-6th-maxtapera-tournament,Blanket: 6th - MaxTapera Tournament,Lux - Lady of Luminosity,Legend,7.2670,61.07,3432220.0,,265.70,https://riftbound.gg/decks/blanket-6th-maxtapera-tournament/
1806,piltoverarchive,eec091b4-13ac-4f11-a50b-3256ba00f847,leona,"Leona, Radiant Dawn",Legend,7.2645,33.11,8400.0,0,90.00,https://piltoverarchive.com/decks/view/eec091b4-13ac-4f11-a50b-3256ba00f847
1807,riftboundgg,reksai-2nd-at-reapers-games-skirmish-copy,Rek'Sai 2nd at Reapers Games Skirmish - copy,Rek'Sai - Void Burrower,Legend,7.2639,109.96,93.0,,1.54,https://riftbound.gg/decks/reksai-2nd-at-reapers-games-skirmish-copy/
1808,riftboundgg,teemo-swift-scout-deck-02fwy,Teemo - Swift Scout Deck,Teemo - Swift Scout,Legend,7.2633,164.27,8.0,,0.64,https://riftbound.gg/decks/teemo-swift-scout-deck-02fwy/
1809,piltoverarchive,c01c9392-c1f5-4e38-9552-2e7096fb749e,Rek Sai Rush,"Rek'Sai, Void Burrower",Legend,7.2533,46.96,673.0,1,29.00,https://piltoverarchive.com/decks/view/c01c9392-c1f5-4e38-9552-2e7096fb749e
1810,riftboundgg,ornn-2nd-at-ronin-games-az-1k-copy-hgitt,Ornn 2nd at Ronin Games AZ 1K - copy,Ornn - Fire Below the Mountain,Legend,7.2442,104.79,105.0,,1.54,https://riftbound.gg/decks/ornn-2nd-at-ronin-games-az-1k-copy-hgitt/
1811,riftboundgg,sett-top-8-at-atlanta-rq-copy-3,Sett Top 8 at Atlanta RQ - copy 3,Sett - The Boss,Legend,7.2421,66.85,15.0,,1.75,https://riftbound.gg/decks/sett-top-8-at-atlanta-rq-copy-3/
1812,riftboundgg,losingduck-ahri-deck-v2,LosingDuck Ahri Deck v2,Ahri - Nine-Tailed Fox,Legend,7.2375,101.52,19.0,,1.74,https://riftbound.gg/decks/losingduck-ahri-deck-v2/
1813,riftboundgg,volibear-on-a-budget,Volibear On a budget,Volibear - Relentless Storm,Legend,7.2330,37.35,15069.0,,85.96,https://riftbound.gg/decks/volibear-on-a-budget/
1814,piltoverarchive,42959a9f-75a3-4af7-afdb-65d5583739fa,Lee Sin Set 2 WIP,"Lee Sin, Blind Monk",Legend,7.2147,53.64,965.0,0,30.00,https://piltoverarchive.com/decks/view/42959a9f-75a3-4af7-afdb-65d5583739fa
1815,piltoverarchive,938bbb8a-2c9e-414f-929e-aee475a98b2d,Ghael Yasuo - Skirmish 13/12/25,"Yasuo, Unforgiven",Legend,7.2126,46.25,4300.0,0,60.00,https://piltoverarchive.com/decks/view/938bbb8a-2c9e-414f-929e-aee475a98b2d
1816,riftboundgg,lee-sin-top-4-chongqing-city-challenge,Lee Sin Top 4 Chongqing City Challenge,Lee Sin - Blind Monk,Legend,7.1971,65.50,29167.0,,142.12,https://riftbound.gg/decks/lee-sin-top-4-chongqing-city-challenge/
1817,piltoverarchive,1d06dc11-f45b-4e73-beaf-4df89f14d5c5,Leona | Competitive | Midrange/Control,"Leona, Radiant Dawn",Legend,7.1863,36.57,2200.0,0,90.00,https://piltoverarchive.com/decks/view/1d06dc11-f45b-4e73-beaf-4df89f14d5c5
1818,piltoverarchive,a0bd53ba-1498-49e3-be94-cf78ff5f74d0,Teemo Budget,"Teemo, Swift Scout",Legend,7.1831,43.59,9100.0,0,90.00,https://piltoverarchive.com/decks/view/a0bd53ba-1498-49e3-be94-cf78ff5f74d0
1819,piltoverarchive,bac183a8-6daf-4258-9c52-933ca3a5be9d,The Renata-Hook-Jayce-Heimer-Ekko-Combo-Deck,"Renata Glasc, Chem-Baroness",Legend,7.1776,150.71,1300.0,0,60.00,https://piltoverarchive.com/decks/view/bac183a8-6daf-4258-9c52-933ca3a5be9d
1820,piltoverarchive,a1675331-2e4b-48b4-846c-7db06d4373eb,Yasuo (Nocturne &amp; Rhasa),"Yasuo, Unforgiven",Legend,7.1577,43.19,5900.0,0,60.00,https://piltoverarchive.com/decks/view/a1675331-2e4b-48b4-846c-7db06d4373eb
1821,riftboundgg,rumble-top-16-jinan-city-challenge,Rumble Top 16 Jinan City Challenge,Rumble - Mechanized Menace,Legend,7.1465,69.29,23218.0,,128.35,https://riftbound.gg/decks/rumble-top-16-jinan-city-challenge/
1822,riftboundgg,volibear-top-128-at-sydney-regional-qualifier-copy-nnu18,Volibear Top 128 at Sydney Regional Qualifier - copy,Volibear - Relentless Storm,Legend,7.1220,109.42,17.0,,0.91,https://riftbound.gg/decks/volibear-top-128-at-sydney-regional-qualifier-copy-nnu18/
1823,piltoverarchive,2f472f80-e8fb-4a8b-86e3-ecfd39735aba,Budget Lux by Badtreeman,"Lux, Lady of Luminosity",Legend,7.1151,51.83,2700.0,0,90.00,https://piltoverarchive.com/decks/view/2f472f80-e8fb-4a8b-86e3-ecfd39735aba
1824,riftboundgg,presto-4-0-riftlab-clash-i-aug-22nd,Presto: 4-0 - Riftlab Clash I (Aug 22nd),Lee Sin - Blind Monk,Legend,7.1007,64.89,2943424.0,,266.09,https://riftbound.gg/decks/presto-4-0-riftlab-clash-i-aug-22nd/
1825,piltoverarchive,6535834e-3f25-45a4-8d6c-eccf7b87f2fc,Fatigue But With Cute Girl Instead of Dumb Man,"Lux, Lady of Luminosity",Legend,7.0865,48.58,1200.0,0,60.00,https://piltoverarchive.com/decks/view/6535834e-3f25-45a4-8d6c-eccf7b87f2fc
1826,piltoverarchive,011ca970-4932-44c2-b176-684d8be33b3c,Budget Nexus Night Killer,"Yasuo, Unforgiven",Legend,7.0834,30.35,3300.0,0,30.00,https://piltoverarchive.com/decks/view/011ca970-4932-44c2-b176-684d8be33b3c
1827,riftboundgg,lucian-purifier-deck-v72ua,Lucian - Purifier Deck,Lucian - Purifier,Legend,7.0660,183.34,4.0,,0.19,https://riftbound.gg/decks/lucian-purifier-deck-v72ua/
1828,riftboundgg,reksai-void-burrower-deck-clwex,Rek'Sai - Void Burrower Deck,Rek'Sai - Void Burrower,Legend,7.0621,184.86,4.0,,0.12,https://riftbound.gg/decks/reksai-void-burrower-deck-clwex/
1829,piltoverarchive,3af174e2-a8e2-4988-bcaf-d401a30efc99,Super Budget Teemo!!,"Teemo, Swift Scout",Legend,7.0600,44.25,13100.0,1,90.00,https://piltoverarchive.com/decks/view/3af174e2-a8e2-4988-bcaf-d401a30efc99
1830,mobalytics-tournament,garen-might-of-demacia-houston-regional-qualifier-best-of-riftboundtee,"Garen, Might of Demacia: Houston Regional Qualifier Best-Of (RiftboundTee)","Garen, Might of Demacia",Legend,7.0555,179.96,,,153.77,https://mobalytics.gg/riftbound/decks/garen-might-of-demacia-houston-regional-qualifier-best-of-riftboundtee
1831,piltoverarchive,62aa0e2a-09ad-4ee2-98cc-6f1be92206ae,Yasuo - 1st Place 07-10 Shenzhen City Challenge,"Yasuo, Unforgiven",Legend,7.0427,55.01,6400.0,0,120.00,https://piltoverarchive.com/decks/view/62aa0e2a-09ad-4ee2-98cc-6f1be92206ae
1832,riftboundgg,lux-proving-grounds-deck,Lux Proving Grounds deck,Lux - Lady of Luminosity,Legend,7.0401,55.44,54222.0,,200.54,https://riftbound.gg/decks/lux-proving-grounds-deck/
1833,riftboundgg,yasuo-chinese-national-71st,Yasuo Chinese national 71st,Yasuo - Unforgiven,Legend,7.0372,58.67,48979.0,,197.54,https://riftbound.gg/decks/yasuo-chinese-national-71st/
1834,piltoverarchive,5a53c623-8a69-4a90-8f04-c98525f315c8,Discard rule abuse,"Jinx, Loose Cannon",Legend,7.0364,37.52,2600.0,0,60.00,https://piltoverarchive.com/decks/view/5a53c623-8a69-4a90-8f04-c98525f315c8
1835,riftboundgg,renata-glasc-on-a-budget,Renata Glasc On a Budget,Renata Glasc - Chem-Baroness,Legend,7.0274,117.31,15257.0,,85.26,https://riftbound.gg/decks/renata-glasc-on-a-budget/
1836,piltoverarchive,bd768840-cefe-4062-a399-b5ee34493745,Skirmish Jinx - 4/1/2,"Jinx, Loose Cannon",Legend,7.0196,31.27,3000.0,1,60.00,https://piltoverarchive.com/decks/view/bd768840-cefe-4062-a399-b5ee34493745
1837,riftboundgg,annie-dark-child-starter-deck-zd3h0,Annie - Dark Child - Starter Deck,Annie - Dark Child,Legend,7.0033,99.41,22.0,,0.99,https://riftbound.gg/decks/annie-dark-child-starter-deck-zd3h0/
1838,piltoverarchive,4c27eb4a-ebf1-4884-a4bb-8bdce886113f,0 to 8 Point Renata Combo 11/26/25,"Renata Glasc, Chem-Baroness",Legend,6.9774,137.59,4100.0,1,90.00,https://piltoverarchive.com/decks/view/4c27eb4a-ebf1-4884-a4bb-8bdce886113f
1839,riftboundgg,yasuo-oakville-2nd,Yasuo Oakville 2nd,Yasuo - Unforgiven,Legend,6.9758,58.84,14392.0,,175.08,https://riftbound.gg/decks/yasuo-oakville-2nd/
1840,riftboundgg,curr-sprite-ornn,CURR Sprite Ornn,Ornn - Fire Below the Mountain,Legend,6.9717,158.21,7.0,,0.52,https://riftbound.gg/decks/curr-sprite-ornn/
1841,riftboundgg,cheap-darius,Cheap Darius,Darius - Hand of Noxus,Legend,6.9557,71.86,35149.0,,195.03,https://riftbound.gg/decks/cheap-darius/
1842,piltoverarchive,de2b4e72-4258-4ff2-a435-1f48120efaa7,BEST YASUO LIST NO JOKE,"Yasuo, Unforgiven",Legend,6.9381,44.41,2200.0,0,60.00,https://piltoverarchive.com/decks/view/de2b4e72-4258-4ff2-a435-1f48120efaa7
1843,piltoverarchive,bfad797d-dc40-4cd4-a7e6-9cfea2407b69,Volibear Dragon Rampage,"Volibear, Relentless Storm",Legend,6.9376,19.89,994.0,0,30.00,https://piltoverarchive.com/decks/view/bfad797d-dc40-4cd4-a7e6-9cfea2407b69
1844,riftboundgg,garen-might-of-demacia-deck-bk53t,Garen Might of Demacia Deck,Garen - Might of Demacia,Legend,6.9363,110.57,25718.0,,286.19,https://riftbound.gg/decks/garen-might-of-demacia-deck-bk53t/
1845,riftboundgg,aggro-ornn-copy-vdohz,Aggro Ornn - copy,Ornn - Fire Below the Mountain,Legend,6.9322,141.38,11.0,,0.60,https://riftbound.gg/decks/aggro-ornn-copy-vdohz/
1846,piltoverarchive,6068213e-f52a-4138-af1f-9e48a8ab9ed3,STUN_GOES_BONK,"Leona, Radiant Dawn",Legend,6.9294,35.59,2900.0,0,120.00,https://piltoverarchive.com/decks/view/6068213e-f52a-4138-af1f-9e48a8ab9ed3
1847,piltoverarchive,fcdde5ed-4a46-4983-bf49-269f31616d07,Yasuo Nexus Night -  Icecreaam,"Yasuo, Unforgiven",Legend,6.9200,48.65,3400.0,1,90.00,https://piltoverarchive.com/decks/view/fcdde5ed-4a46-4983-bf49-269f31616d07
1848,piltoverarchive,ca362b45-b65f-4ccb-8adc-12202bae368d,I will find a way to play Nocturne istg,"Yasuo, Unforgiven",Legend,6.9121,41.24,763.0,0,30.00,https://piltoverarchive.com/decks/view/ca362b45-b65f-4ccb-8adc-12202bae368d
1849,riftboundgg,master-yi-hold-unleashed-copy,Master Yi - Hold Unleashed - copy,Master Yi - Wuju Bladesman,Legend,6.9052,52.64,5.0,,0.14,https://riftbound.gg/decks/master-yi-hold-unleashed-copy/
1850,piltoverarchive,0f775837-e2d3-4d49-bc17-583205ec5441,Voli Auroraless Auroa,"Volibear, Relentless Storm",Legend,6.8895,16.82,979.0,1,30.00,https://piltoverarchive.com/decks/view/0f775837-e2d3-4d49-bc17-583205ec5441
1851,riftboundgg,cheap-lux,Cheap Lux,Lux - Lady of Luminosity,Legend,6.8860,52.95,33104.0,,195.05,https://riftbound.gg/decks/cheap-lux/
1852,piltoverarchive,60186588-b3a9-4c75-b94f-0b838cfcfd45,"Rumble Mechrange (WIP, Updated 12/16/25)","Rumble, Mechanized Menace",Legend,6.8717,48.72,5700.0,0,60.00,https://piltoverarchive.com/decks/view/60186588-b3a9-4c75-b94f-0b838cfcfd45
1853,piltoverarchive,ee3dca02-e055-4861-b9dd-9bb9c37d7ab0,Ahri $50 - RuneFlare,"Ahri, Nine-Tailed Fox",Legend,6.8542,22.82,2700.0,0,90.00,https://piltoverarchive.com/decks/view/ee3dca02-e055-4861-b9dd-9bb9c37d7ab0
1854,piltoverarchive,f567b115-5e70-4d6b-82e0-d3a0f635c296,CSG Tampa Skirmish Top 8 Yasuo - William Westlake,"Yasuo, Unforgiven",Legend,6.8521,41.76,10900.0,0,90.00,https://piltoverarchive.com/decks/view/f567b115-5e70-4d6b-82e0-d3a0f635c296
1855,riftboundgg,miss-fortune-bounty-hunter-deck-xf5fg,Miss Fortune - Bounty Hunter Deck,Miss Fortune - Bounty Hunter,Legend,6.8420,93.50,17.0,,1.68,https://riftbound.gg/decks/miss-fortune-bounty-hunter-deck-xf5fg/
1856,riftboundgg,volibear-top-256-chengdu-regional,Volibear Top 256 Chengdu Regional,Volibear - Relentless Storm,Legend,6.8129,36.16,13278.0,,116.12,https://riftbound.gg/decks/volibear-top-256-chengdu-regional/
1857,riftboundgg,rumble-top-8-in-city-league-fujian-grand-final-copy-rei4t,Rumble Top 8 in City League: Fujian - Grand Final - copy,Rumble - Mechanized Menace,Legend,6.8122,114.07,103.0,,1.54,https://riftbound.gg/decks/rumble-top-8-in-city-league-fujian-grand-final-copy-rei4t/
1858,piltoverarchive,f2a10539-0fa8-40c2-b9db-f0b14657c076,Wind Rider,"Yasuo, Unforgiven",Legend,6.8109,47.04,3200.0,0,90.00,https://piltoverarchive.com/decks/view/f2a10539-0fa8-40c2-b9db-f0b14657c076
1859,riftboundgg,yasuo-unforgiven-deck-q55vd,Yasuo - Unforgiven Deck,Yasuo - Unforgiven,Legend,6.8031,128.45,14.0,,0.93,https://riftbound.gg/decks/yasuo-unforgiven-deck-q55vd/
1860,piltoverarchive,765f8626-c24c-4716-b379-2e4ddb1f1408,Leona Caitlyn Fort,"Leona, Radiant Dawn",Legend,6.7906,30.79,7800.0,0,120.00,https://piltoverarchive.com/decks/view/765f8626-c24c-4716-b379-2e4ddb1f1408
1861,piltoverarchive,8bc7ccb9-cc06-4b69-89a9-bd0066dc2e5b,Mono Red Jinx (22/11 Weekly Nexus Night 3-1),"Jinx, Loose Cannon",Legend,6.7864,44.51,2800.0,0,90.00,https://piltoverarchive.com/decks/view/8bc7ccb9-cc06-4b69-89a9-bd0066dc2e5b
1862,riftboundgg,voli-spark-ramp,Voli Spark Ramp,Volibear - Relentless Storm,Legend,6.7770,52.39,17167.0,,313.37,https://riftbound.gg/decks/voli-spark-ramp/
1863,piltoverarchive,1d031ae7-9025-4081-bd71-526b0205786b,Yasuo the deck checker updated,"Yasuo, Unforgiven",Legend,6.7691,44.44,1200.0,0,60.00,https://piltoverarchive.com/decks/view/1d031ae7-9025-4081-bd71-526b0205786b
1864,piltoverarchive,44e0ae1a-c1ef-450a-98a1-51fc62c0d7d3,RENATA GOOD DECK,"Renata Glasc, Chem-Baroness",Legend,6.7417,95.35,1100.0,0,30.00,https://piltoverarchive.com/decks/view/44e0ae1a-c1ef-450a-98a1-51fc62c0d7d3
1865,riftboundgg,spiritforged-rumble-champion-deck,Spiritforged Rumble Champion Deck,Rumble - Mechanized Menace,Legend,6.7367,61.67,41756.0,,0.02,https://riftbound.gg/decks/spiritforged-rumble-champion-deck/
1866,piltoverarchive,7658647f-f185-4e32-8034-24490894fe59,2nd Place - TBZ December Summoner Skirmish 12/20/25,"Yasuo, Unforgiven",Legend,6.7336,40.74,2000.0,0,60.00,https://piltoverarchive.com/decks/view/7658647f-f185-4e32-8034-24490894fe59
1867,piltoverarchive,1c2afa11-8793-4621-8451-eb2decd0d660,Best-Of Renata - 215th Place - Fuzhou Regional Open,"Renata Glasc, Chem-Baroness",Legend,6.6959,94.33,790.0,1,27.00,https://piltoverarchive.com/decks/view/1c2afa11-8793-4621-8451-eb2decd0d660
1868,piltoverarchive,30a45318-7c61-42a4-b455-93668fc3b1ec,testing teemo (lead bandle tree),"Teemo, Swift Scout",Legend,6.6807,43.92,362.0,0,60.00,https://piltoverarchive.com/decks/view/30a45318-7c61-42a4-b455-93668fc3b1ec
1869,riftboundgg,cheap-yasuo,Cheap Yasuo,Yasuo - Unforgiven,Legend,6.6796,51.84,27994.0,,195.02,https://riftbound.gg/decks/cheap-yasuo/
1870,riftboundgg,master-yi-wins-s3-guangzhou-city-challenge-copy-innev,Master Yi Wins S3 Guangzhou City Challenge - copy,Master Yi - Wuju Bladesman,Legend,6.6758,50.31,4.0,,0.05,https://riftbound.gg/decks/master-yi-wins-s3-guangzhou-city-challenge-copy-innev/
1871,piltoverarchive,c619d990-2d31-488c-bb2c-dc4ad1d7d157,Yasuo - Comp,"Yasuo, Unforgiven",Legend,6.6724,27.17,1100.0,0,29.00,https://piltoverarchive.com/decks/view/c619d990-2d31-488c-bb2c-dc4ad1d7d157
1872,riftboundgg,teemo-swift-scout-deck-xamvj,Teemo - Swift Scout Deck,Teemo - Swift Scout,Legend,6.6680,142.65,6.0,,0.24,https://riftbound.gg/decks/teemo-swift-scout-deck-xamvj/
1873,riftboundgg,leona-top-64-chengdu-regional-copy-67ouq,Leona Top 64 Chengdu Regional - copy,Fiora - Victorious,Champion,6.6664,52.24,12.0,,0.53,https://riftbound.gg/decks/leona-top-64-chengdu-regional-copy-67ouq/
1874,riftboundgg,annie-dark-child-starter-deck-zcadn,Annie - Dark Child - Starter Deck,Annie - Dark Child,Legend,6.6390,93.30,9.0,,1.09,https://riftbound.gg/decks/annie-dark-child-starter-deck-zcadn/
1875,piltoverarchive,387419a9-20eb-4f23-bc16-fd63f293c246,Love Death Robots,"Renata Glasc, Chem-Baroness",Legend,6.6313,90.48,923.0,0,28.00,https://piltoverarchive.com/decks/view/387419a9-20eb-4f23-bc16-fd63f293c246
1876,piltoverarchive,7f2cba96-ff7a-486f-821a-def2ab92139f,Shanghai 6th,"Rumble, Mechanized Menace",Legend,6.6257,29.28,5800.0,2,30.00,https://piltoverarchive.com/decks/view/7f2cba96-ff7a-486f-821a-def2ab92139f
1877,piltoverarchive,c469b71b-b87c-40f0-b118-432065537642,Warwick Delivery System,"Volibear, Relentless Storm",Legend,6.6232,20.41,1500.0,0,60.00,https://piltoverarchive.com/decks/view/c469b71b-b87c-40f0-b118-432065537642
1878,riftboundgg,volibear-relentless-storm-deck-v94o7,Volibear Relentless Storm Deck,Volibear - Relentless Storm,Legend,6.6141,43.24,83503.0,,272.32,https://riftbound.gg/decks/volibear-relentless-storm-deck-v94o7/
1879,piltoverarchive,954cbbc1-ae78-41cb-b659-0328c7815206,Renata/Heimer (RiftboundTCG Approved),"Renata Glasc, Chem-Baroness",Legend,6.6076,82.33,7800.0,0,60.00,https://piltoverarchive.com/decks/view/954cbbc1-ae78-41cb-b659-0328c7815206
1880,riftboundgg,sett-top-16-at-sydney-regional-qualifier-copy-3,Sett Top 16 at Sydney Regional Qualifier - copy 3,Sett - The Boss,Legend,6.5988,68.44,6.0,,0.27,https://riftbound.gg/decks/sett-top-16-at-sydney-regional-qualifier-copy-3/
1881,riftboundgg,teemo-swift-scout-deck-ui6m9,Teemo Swift Scout Deck,Teemo - Swift Scout,Legend,6.5726,58.14,18004.0,,290.89,https://riftbound.gg/decks/teemo-swift-scout-deck-ui6m9/
1882,riftboundgg,unleashed-master-yi-top-64-sydney-regional-copy,Unleashed Master Yi top 64 Sydney Regional - copy,Master Yi - Wuju Master,Legend,6.5633,31.08,32.0,,0.21,https://riftbound.gg/decks/unleashed-master-yi-top-64-sydney-regional-copy/
1883,piltoverarchive,a4cb1ee8-9655-4ea9-80f0-b8b27056e7c8,1st Place Multiverse Geek House Entroncamento Nexus Night 08/11/25,"Jinx, Loose Cannon",Legend,6.5612,26.66,2900.0,0,90.00,https://piltoverarchive.com/decks/view/a4cb1ee8-9655-4ea9-80f0-b8b27056e7c8
1884,riftboundgg,howtosurvive-5th-maxtapera-tournament,Howtosurvive: 5th - MaxTapera Tournament,Lee Sin - Blind Monk,Legend,6.5343,55.25,3359149.0,,290.17,https://riftbound.gg/decks/howtosurvive-5th-maxtapera-tournament/
1885,riftboundgg,lux-lady-of-luminosity-starter-deck-copy-iyxt6,Lux - Lady of Luminosity - Starter Deck - copy,Lux - Lady of Luminosity,Legend,6.5192,108.55,10.0,,1.40,https://riftbound.gg/decks/lux-lady-of-luminosity-starter-deck-copy-iyxt6/
1886,riftboundgg,karl-boran-garen,karl boran garen,Garen - Might of Demacia,Legend,6.5173,140.17,90.0,,0.63,https://riftbound.gg/decks/karl-boran-garen/
1887,riftboundgg,renata-glasc-top-8-zhengzhou-city-challenge,Renata Glasc Top 8  Zhengzhou City Challenge,Renata Glasc - Chem-Baroness,Legend,6.5116,109.65,25380.0,,135.12,https://riftbound.gg/decks/renata-glasc-top-8-zhengzhou-city-challenge/
1888,piltoverarchive,5b998db6-770f-4f36-90c8-2fa3ea445a6b,Rumble v3,"Rumble, Mechanized Menace",Legend,6.5065,32.22,3200.0,0,30.00,https://piltoverarchive.com/decks/view/5b998db6-770f-4f36-90c8-2fa3ea445a6b
1889,piltoverarchive,93e3944e-01b6-47f7-8b0c-d4d7eb1e56aa,2nd/24 Place Skirmish 12/13,"Lee Sin, Blind Monk",Legend,6.4997,35.63,5900.0,0,60.00,https://piltoverarchive.com/decks/view/93e3944e-01b6-47f7-8b0c-d4d7eb1e56aa
1890,riftboundgg,lux-lady-of-luminosity-deck-kpqt5,Lux Lady of Luminosity Deck,Lux - Lady of Luminosity,Legend,6.4912,54.87,26090.0,,312.43,https://riftbound.gg/decks/lux-lady-of-luminosity-deck-kpqt5/
1891,piltoverarchive,69b938cd-e4a1-41a2-9541-db31e0126e8c,Midrange Lee Sin Ideas SET1,"Lee Sin, Blind Monk",Legend,6.4849,35.75,1000.0,0,28.00,https://piltoverarchive.com/decks/view/69b938cd-e4a1-41a2-9541-db31e0126e8c
1892,piltoverarchive,59b443a2-9dde-4200-b8a2-7589076039f4,Enter the Battlefield 5k Tournament- Matthew Symington 2nd,"Yasuo, Unforgiven",Legend,6.4799,40.27,3100.0,0,90.00,https://piltoverarchive.com/decks/view/59b443a2-9dde-4200-b8a2-7589076039f4
1893,piltoverarchive,ffbf70b7-e65b-4bf0-9606-1a30961b12f9,Gilbert Summoner Skirmish 4th Place Lee Sin,"Lee Sin, Blind Monk",Legend,6.4712,42.50,1700.0,0,60.00,https://piltoverarchive.com/decks/view/ffbf70b7-e65b-4bf0-9606-1a30961b12f9
1894,piltoverarchive,88b6b9c2-a41c-4892-9bfd-64c3054622da,Mecha Zero Battering Ram,"Rumble, Mechanized Menace",Legend,6.4615,44.83,2300.0,0,60.00,https://piltoverarchive.com/decks/view/88b6b9c2-a41c-4892-9bfd-64c3054622da
1895,riftboundgg,best-reksai-from-lille-regional-qualifier-copy-spbpn,Best Rek'sai from Lille Regional Qualifier - copy,Rek'Sai - Void Burrower,Legend,6.3905,107.68,19.0,,0.03,https://riftbound.gg/decks/best-reksai-from-lille-regional-qualifier-copy-spbpn/
1896,riftboundgg,cheap-volibear,Cheap Volibear,Volibear - Relentless Storm,Legend,6.3757,28.06,37760.0,,186.13,https://riftbound.gg/decks/cheap-volibear/
1897,riftboundgg,yasuo-unforgiven-deck-yo40h,Yasuo Unforgiven Deck,Yasuo - Unforgiven,Legend,6.3594,53.26,25450.0,,286.47,https://riftbound.gg/decks/yasuo-unforgiven-deck-yo40h/
1898,riftboundgg,master-yi-wuju-master-deck-xd0mq,Master Yi - Wuju Master Deck,Master Yi - Wuju Master,Legend,6.3179,44.07,4.0,,0.12,https://riftbound.gg/decks/master-yi-wuju-master-deck-xd0mq/
1899,piltoverarchive,ddcd1e4d-14e2-44ce-91d2-cb53cf45a14e,Rumble Theory,"Rumble, Mechanized Menace",Legend,6.2930,35.07,1300.0,0,4.00,https://piltoverarchive.com/decks/view/ddcd1e4d-14e2-44ce-91d2-cb53cf45a14e
1900,piltoverarchive,5ff27e1f-2984-4a8a-b2a2-2cb8c237d7ee,RUMBLEEEEE,"Rumble, Mechanized Menace",Legend,6.2382,29.60,9400.0,3,60.00,https://piltoverarchive.com/decks/view/5ff27e1f-2984-4a8a-b2a2-2cb8c237d7ee
1901,riftboundgg,ornn-fire-below-the-mountain-deck-xhk8z,Ornn - Fire Below the Mountain Deck,Ornn - Fire Below the Mountain,Legend,6.2382,112.17,11.0,,0.41,https://riftbound.gg/decks/ornn-fire-below-the-mountain-deck-xhk8z/
1902,riftboundgg,master-yi-wuju-master-deck-jcap3,Master Yi - Wuju Master Deck,Master Yi - Wuju Master,Legend,6.2198,13.59,56.0,,1.38,https://riftbound.gg/decks/master-yi-wuju-master-deck-jcap3/
1903,riftboundgg,darius-hand-of-noxus-deck-eyegl,Darius Hand of Noxus Deck,Darius - Hand of Noxus,Legend,6.2058,62.46,26347.0,,294.88,https://riftbound.gg/decks/darius-hand-of-noxus-deck-eyegl/
1904,riftboundgg,diana-wins-s3-shenzhen-city-challenge-tournament,Diana Wins S3 Shenzhen City Challenge tournament,Diana - Scorn of the Moon,Legend,6.1994,217.06,14168.0,,16.65,https://riftbound.gg/decks/diana-wins-s3-shenzhen-city-challenge-tournament/
1905,piltoverarchive,4ace9bac-8e20-4a23-b88e-d4d8f1fa510e,Jinx Legion,"Jinx, Loose Cannon",Legend,6.1930,12.96,704.0,0,60.00,https://piltoverarchive.com/decks/view/4ace9bac-8e20-4a23-b88e-d4d8f1fa510e
1906,riftboundgg,diana-wins-s3-suzhou-city-challenge,Diana Wins S3 Suzhou City Challenge,Diana - Scorn of the Moon,Legend,6.1897,215.76,13961.0,,0.32,https://riftbound.gg/decks/diana-wins-s3-suzhou-city-challenge/
1907,riftboundgg,renata-glasc-chem-baroness-deck-e0ehk,Renata Glasc - Chem-Baroness Deck,Renata Glasc - Chem-Baroness,Legend,6.1803,924.02,20.0,,0.80,https://riftbound.gg/decks/renata-glasc-chem-baroness-deck-e0ehk/
1908,piltoverarchive,91124f2f-a4e7-4781-b52f-9bb5c5b0cf11,Summoner Skirmish Nov Decklist - Yas- Bennet,"Yasuo, Unforgiven",Legend,6.1801,36.46,2000.0,0,90.00,https://piltoverarchive.com/decks/view/91124f2f-a4e7-4781-b52f-9bb5c5b0cf11
1909,piltoverarchive,f9d0eaab-3000-4617-86bb-454b1a0a05c2,Renata combo control,"Renata Glasc, Chem-Baroness",Legend,6.1764,54.71,1800.0,3,30.00,https://piltoverarchive.com/decks/view/f9d0eaab-3000-4617-86bb-454b1a0a05c2
1910,riftboundgg,unleashed-yi-top-4-at-city-challenge-pudong-copy-snb3d,Unleashed Yi Top 4 at City Challenge — Pudong - copy,Master Yi - Wuju Master,Legend,6.1708,34.80,12.0,,0.48,https://riftbound.gg/decks/unleashed-yi-top-4-at-city-challenge-pudong-copy-snb3d/
1911,riftboundgg,master-yi-wuju-master-deck-kusns,Master Yi - Wuju Master Deck,Master Yi - Wuju Master,Legend,6.1545,44.31,2.0,,0.24,https://riftbound.gg/decks/master-yi-wuju-master-deck-kusns/
1912,piltoverarchive,b472d56c-9305-4c10-b784-28132f4795a4,【City Challenge】Chengdu Station - #18,"Rumble, Mechanized Menace",Legend,6.1465,41.13,1300.0,0,60.00,https://piltoverarchive.com/decks/view/b472d56c-9305-4c10-b784-28132f4795a4
1913,riftboundgg,ornn-k82m2,Ornn?,Ornn - Fire Below the Mountain,Legend,6.1360,96.83,10.0,,1.64,https://riftbound.gg/decks/ornn-k82m2/
1914,piltoverarchive,80a55ff3-f745-4c94-b875-a332ad0cc5f4,Best-Of Rumble - 129th Place - Fuzhou Regional Open,"Rumble, Mechanized Menace",Legend,6.1305,29.30,1400.0,0,27.00,https://piltoverarchive.com/decks/view/80a55ff3-f745-4c94-b875-a332ad0cc5f4
1915,riftboundgg,cheap-lee-sin,Cheap Lee Sin,Lee Sin - Blind Monk,Legend,6.0801,44.41,38070.0,,195.10,https://riftbound.gg/decks/cheap-lee-sin/
1916,piltoverarchive,8c45a2ef-9336-4015-a9d2-b6765113180c,Lee Sin budget aggro (origins),"Lee Sin, Blind Monk",Legend,6.0643,24.86,1600.0,0,30.00,https://piltoverarchive.com/decks/view/8c45a2ef-9336-4015-a9d2-b6765113180c
1917,riftboundgg,yasuo-nexus-night-winner,Yasuo Nexus Night Winner,Yasuo - Unforgiven (Origins Release Event Promo),Legend,6.0508,39.98,14095.0,,189.46,https://riftbound.gg/decks/yasuo-nexus-night-winner/
1918,piltoverarchive,94a79ec5-a409-4a3c-a96a-dd8585d83d74,Max Tapera - Houston Lee Sin,"Lee Sin, Blind Monk",Legend,6.0160,22.99,6800.0,2,60.00,https://piltoverarchive.com/decks/view/94a79ec5-a409-4a3c-a96a-dd8585d83d74
1919,riftboundgg,volibear-relentless-storm-deck-1sk4b,Volibear Relentless Storm Deck,Volibear - Relentless Storm,Legend,6.0049,31.85,55208.0,,299.62,https://riftbound.gg/decks/volibear-relentless-storm-deck-1sk4b/
1920,riftboundgg,vex-top-8-at-city-challenge-wuhan,Vex Top 8 at City Challenge — Wuhan,Vex - Gloomist,Legend,5.9747,219.59,12701.0,,0.96,https://riftbound.gg/decks/vex-top-8-at-city-challenge-wuhan/
1921,riftboundgg,garen-on-a-budget,Garen On a Budget,Garen - Might of Demacia,Legend,5.9623,32.49,15086.0,,85.95,https://riftbound.gg/decks/garen-on-a-budget/
1922,piltoverarchive,beb6139b-11f2-4db7-bbf5-3b4a67a1b449,Jinx Starter Deck,"Jinx, Loose Cannon",Legend,5.9590,10.24,4200.0,0,120.00,https://piltoverarchive.com/decks/view/beb6139b-11f2-4db7-bbf5-3b4a67a1b449
1923,piltoverarchive,08a33baa-66b3-43e6-bb8a-95f30cf6d1e6,Nece&#x27;s DRAGON Voli 🐉⚡,"Volibear, Relentless Storm",Legend,5.9343,26.58,7500.0,5,240.00,https://piltoverarchive.com/decks/view/08a33baa-66b3-43e6-bb8a-95f30cf6d1e6
1924,riftboundgg,renata-glasc-top-64-at-s3-beijing-city-challenge-copy,Renata Glasc top 64 at S3 Beijing City Challenge - copy,Renata Glasc - Chem-Baroness,Legend,5.9220,258.80,24.0,,1.34,https://riftbound.gg/decks/renata-glasc-top-64-at-s3-beijing-city-challenge-copy/
1925,riftboundgg,lee-sin-was-in-city-league-fujian-grand-final-copy,Lee Sin was in City League: Fujian - Grand Final - copy,Lee Sin - Blind Monk,Legend,5.9186,58.01,151.0,,1.54,https://riftbound.gg/decks/lee-sin-was-in-city-league-fujian-grand-final-copy/
1926,riftboundgg,renata-glasc-chem-baroness-deck-yjjrz,Renata Glasc - Chem-Baroness Deck,Renata Glasc - Chem-Baroness,Legend,5.9130,272.23,21.0,,1.47,https://riftbound.gg/decks/renata-glasc-chem-baroness-deck-yjjrz/
1927,piltoverarchive,4e878c3f-5b54-4988-8a11-a7f7b2d729cc,Zhengzhou 8th,"Renata Glasc, Chem-Baroness",Legend,5.9061,46.53,2000.0,0,30.00,https://piltoverarchive.com/decks/view/4e878c3f-5b54-4988-8a11-a7f7b2d729cc
1928,piltoverarchive,aa6328b1-d7ad-43b5-9dce-b5c6836c3a2d,New Skirmish Recrod,"Lee Sin, Blind Monk",Legend,5.9014,33.83,969.0,0,60.00,https://piltoverarchive.com/decks/view/aa6328b1-d7ad-43b5-9dce-b5c6836c3a2d
1929,riftboundgg,garen-was-in-city-league-fujian-grand-final-copy-rk4c5,Garen was in City League: Fujian - Grand Final - copy,Garen - Might of Demacia,Legend,5.8958,92.40,79.0,,0.09,https://riftbound.gg/decks/garen-was-in-city-league-fujian-grand-final-copy-rk4c5/
1930,piltoverarchive,f6deb881-6eaf-4eb1-b334-c473ecaa78f5,Nece&#x27;s Volibear FULL RAMP,"Volibear, Relentless Storm",Legend,5.8847,15.13,23600.0,9,240.00,https://piltoverarchive.com/decks/view/f6deb881-6eaf-4eb1-b334-c473ecaa78f5
1931,piltoverarchive,33a0cdb5-b912-46e0-985b-dcbca5c16090,Long Range Lee Sin,"Lee Sin, Blind Monk",Legend,5.8666,14.56,1800.0,0,30.00,https://piltoverarchive.com/decks/view/33a0cdb5-b912-46e0-985b-dcbca5c16090
1932,piltoverarchive,17bda140-e937-48a1-9a73-6f7c234b2f66,3-0 Locals Garen,"Garen, Might of Demacia",Legend,5.8524,30.47,3000.0,0,60.00,https://piltoverarchive.com/decks/view/17bda140-e937-48a1-9a73-6f7c234b2f66
1933,piltoverarchive,e4b86c7d-8d03-4b95-b97c-1e1ee7248412,Renata,"Renata Glasc, Chem-Baroness",Legend,5.8011,42.78,2000.0,0,30.00,https://piltoverarchive.com/decks/view/e4b86c7d-8d03-4b95-b97c-1e1ee7248412
1934,riftboundgg,garen-might-of-demacia-deck-first-deck,Garen Might of Demacia Deck First Deck,Garen - Might of Demacia,Legend,5.7970,67.38,15229.0,,288.22,https://riftbound.gg/decks/garen-might-of-demacia-deck-first-deck/
1935,riftboundgg,yasuo-unforgiven-deck-8sjsh,Yasuo - Unforgiven Deck,Yasuo - Unforgiven,Legend,5.7885,44.44,154.0,,1.75,https://riftbound.gg/decks/yasuo-unforgiven-deck-8sjsh/
1936,riftboundgg,volibear-relentless-storm-deck-vmpma,Volibear - Relentless Storm Deck,Volibear - Relentless Storm,Legend,5.7443,63.14,15.0,,0.81,https://riftbound.gg/decks/volibear-relentless-storm-deck-vmpma/
1937,riftboundgg,vex-top-8-at-s3-zhongshan-city-challenge,Vex Top 8 at S3 Zhongshan City Challenge,Vex - Gloomist,Legend,5.7442,89.44,12723.0,,0.40,https://riftbound.gg/decks/vex-top-8-at-s3-zhongshan-city-challenge/
1938,piltoverarchive,72ba12f8-2ff7-4908-84e3-4a40774d43c1,Lee &quot;Kai&#x27;Sa Slayer&quot; Sin UAE Nexus Nights 2-0-2 (TECHNICALLY UNDEFATED RAHHHH),"Lee Sin, Blind Monk",Legend,5.7120,27.62,6400.0,0,90.00,https://piltoverarchive.com/decks/view/72ba12f8-2ff7-4908-84e3-4a40774d43c1
1939,riftboundgg,lee-sin-premade-origins-champion-deck,Lee Sin Premade Origins Champion Deck,Lee Sin - Blind Monk,Legend,5.6968,36.55,50292.0,,198.64,https://riftbound.gg/decks/lee-sin-premade-origins-champion-deck/
1940,piltoverarchive,2ea305e0-4aa0-4ba0-93de-5550561c3914,1st Place Arzu Nexus Night 11/9/25 Budget Lee Sin,"Lee Sin, Blind Monk",Legend,5.6882,22.01,10800.0,1,90.00,https://piltoverarchive.com/decks/view/2ea305e0-4aa0-4ba0-93de-5550561c3914
1941,riftboundgg,renata-glasc-chem-baroness-deck-abhmk,Renata Glasc - Chem-Baroness Deck,Renata Glasc - Chem-Baroness,Legend,5.6682,297.18,12.0,,1.19,https://riftbound.gg/decks/renata-glasc-chem-baroness-deck-abhmk/
1942,piltoverarchive,d107f5a4-3372-4251-a9f9-d908bf2bc9e1,Rumble Starter Deck,"Rumble, Mechanized Menace",Legend,5.6398,17.64,4100.0,1,30.00,https://piltoverarchive.com/decks/view/d107f5a4-3372-4251-a9f9-d908bf2bc9e1
1943,riftboundgg,lee-attack,Lee Attack,Lee Sin - Blind Monk,Legend,5.5744,127.01,2.0,,0.33,https://riftbound.gg/decks/lee-attack/
1944,piltoverarchive,c4edaee3-62ed-422a-b876-1d73785a798d,Wuhan City Challenge - 27th December - Top32 -猛猛,"Rumble, Mechanized Menace",Legend,5.5602,25.63,2400.0,0,60.00,https://piltoverarchive.com/decks/view/c4edaee3-62ed-422a-b876-1d73785a798d
1945,riftboundgg,renata-glasc-top-256-suzhou-regional-copy-ewk19,Renata Glasc Top 256 Suzhou Regional - copy,Renata Glasc - Chem-Baroness,Legend,5.5506,217.18,12.0,,1.22,https://riftbound.gg/decks/renata-glasc-top-256-suzhou-regional-copy-ewk19/
1946,riftboundgg,lee-sin-blind-monk-deck-hnva7,Lee Sin Blind Monk Deck,Lee Sin - Blind Monk,Legend,5.5360,42.35,22825.0,,290.67,https://riftbound.gg/decks/lee-sin-blind-monk-deck-hnva7/
1947,riftboundgg,ornn-best-of-sydney-rq,Ornn Best of Sydney RQ,Ornn - Fire Below the Mountain,Legend,5.5330,68.04,17.0,,0.07,https://riftbound.gg/decks/ornn-best-of-sydney-rq/
1948,piltoverarchive,85f58587-0939-45b9-bdbf-5fb25005ef5c,Lee Sin Caitlyn,"Lee Sin, Blind Monk",Legend,5.5309,18.85,2000.0,0,60.00,https://piltoverarchive.com/decks/view/85f58587-0939-45b9-bdbf-5fb25005ef5c
1949,riftboundgg,rumble-meck-your-world,Rumble - meck your world,Rumble - Mechanized Menace,Legend,5.5298,94.30,13.0,,1.23,https://riftbound.gg/decks/rumble-meck-your-world/
1950,piltoverarchive,162ec4b6-ec4d-4f93-8081-ebb7cbd8c016,Caitlyn goes pew | 2 - 1 Nexus night,"Lee Sin, Blind Monk",Legend,5.5278,14.78,2900.0,0,60.00,https://piltoverarchive.com/decks/view/162ec4b6-ec4d-4f93-8081-ebb7cbd8c016
1951,riftboundgg,unleashed-vi-champion-deck,Unleashed Vi Champion Deck,Vi - Destructive,Legend,5.5237,165.20,20856.0,,0.59,https://riftbound.gg/decks/unleashed-vi-champion-deck/
1952,riftboundgg,master-yi-wuju-master-deck-mb2yr,Master Yi - Wuju Master Deck,Master Yi - Wuju Master,Legend,5.5091,6.48,19.0,,1.18,https://riftbound.gg/decks/master-yi-wuju-master-deck-mb2yr/
1953,riftboundgg,lux-lady-of-luminosity-starter-deck-1veec,Lux - Lady of Luminosity - Starter Deck,Lux - Lady of Luminosity,Legend,5.4885,49.65,73.0,,0.35,https://riftbound.gg/decks/lux-lady-of-luminosity-starter-deck-1veec/
1954,riftboundgg,unleashed-yi-top-4-odified,Unleashed Yi Top 4 odified,Master Yi - Wuju Master,Legend,5.4641,16.86,11.0,,0.47,https://riftbound.gg/decks/unleashed-yi-top-4-odified/
1955,riftboundgg,renata-glasc-chem-baroness-deck-bwwxo,Renata Glasc - Chem-Baroness Deck,Renata Glasc - Chem-Baroness,Legend,5.4612,393.26,10.0,,0.02,https://riftbound.gg/decks/renata-glasc-chem-baroness-deck-bwwxo/
1956,riftboundgg,unleashed-yi-top-8-at-s3-zhongshan-city-challenge-copy-8nstq,Unleashed Yi Top 8 at S3 Zhongshan City Challenge - copy,Master Yi - Wuju Master,Legend,5.4586,25.22,8.0,,0.08,https://riftbound.gg/decks/unleashed-yi-top-8-at-s3-zhongshan-city-challenge-copy-8nstq/
1957,riftboundgg,leblanc-wins-s3-zhongshan-city-challenge,LeBlanc Wins S3 Zhongshan City Challenge,LeBlanc - Deceiver,Legend,5.4566,44.27,14019.0,,0.07,https://riftbound.gg/decks/leblanc-wins-s3-zhongshan-city-challenge/
1958,mobalytics-tournament,leona-radiant-dawn-houston-regional-qualifier-best-of-frodan,"Leona, Radiant Dawn: Houston Regional Qualifier Best-Of (Frodan)","Leona, Radiant Dawn",Legend,5.4498,37.94,,,153.77,https://mobalytics.gg/riftbound/decks/leona-radiant-dawn-houston-regional-qualifier-best-of-frodan
1959,piltoverarchive,869cbd65-8eb1-4f17-b9ba-f312ec91fb7e,Scrapyard Aggro,"Rumble, Mechanized Menace",Legend,5.4407,24.25,1800.0,0,60.00,https://piltoverarchive.com/decks/view/869cbd65-8eb1-4f17-b9ba-f312ec91fb7e
1960,piltoverarchive,05ff8ee9-92a4-4f90-afb5-0361d965de29,4-0 Riftlab Trials 23/08/2025,"Lee Sin, Blind Monk",Legend,5.3675,34.88,4200.0,0,180.00,https://piltoverarchive.com/decks/view/05ff8ee9-92a4-4f90-afb5-0361d965de29
1961,riftboundgg,volibear-relentless-storm-deck-jr3fa,Volibear - Relentless Storm Deck,Volibear - Relentless Storm,Legend,5.3569,30.15,72.0,,1.26,https://riftbound.gg/decks/volibear-relentless-storm-deck-jr3fa/
1962,piltoverarchive,22489bb0-9fec-40e5-aa02-b3f005d1b737,Yasuo Control,"Yasuo, Unforgiven",Legend,5.3531,21.56,8000.0,2,240.00,https://piltoverarchive.com/decks/view/22489bb0-9fec-40e5-aa02-b3f005d1b737
1963,riftboundgg,aggro-rumble,Aggro Rumble,Rumble - Mechanized Menace,Legend,5.3492,84.14,12.0,,1.56,https://riftbound.gg/decks/aggro-rumble/
1964,piltoverarchive,e1597899-d28a-4bd9-96ad-595ec0e1d1b5,Renata V2,"Renata Glasc, Chem-Baroness",Legend,5.3211,40.84,2500.0,0,60.00,https://piltoverarchive.com/decks/view/e1597899-d28a-4bd9-96ad-595ec0e1d1b5
1965,riftboundgg,garen-proving-grounds-deck,Garen Proving Grounds deck,Garen - Might of Demacia,Legend,5.2744,32.92,53282.0,,200.51,https://riftbound.gg/decks/garen-proving-grounds-deck/
1966,piltoverarchive,7f43960e-8c0b-485c-b55c-9000a7eef93c,Buff tempo lee sin 4/0 nexus night,"Lee Sin, Blind Monk",Legend,5.2707,17.62,3100.0,0,90.00,https://piltoverarchive.com/decks/view/7f43960e-8c0b-485c-b55c-9000a7eef93c
1967,riftboundgg,the-dawn-has-arrived-k0ita,The Dawn Has Arrived,Leona - Radiant Dawn (Origins Release Event Promo),Legend,5.2595,46.54,6.0,,0.90,https://riftbound.gg/decks/the-dawn-has-arrived-k0ita/
1968,riftboundgg,the-dawn-has-arrived-copy,The Dawn Has Arrived - copy,Leona - Radiant Dawn (Origins Release Event Promo),Legend,5.2391,43.32,9.0,,0.78,https://riftbound.gg/decks/the-dawn-has-arrived-copy/
1969,riftboundgg,leblanc-wins-city-challenge-changzhou,LeBlanc wins City Challenge — Changzhou,LeBlanc - Deceiver,Legend,5.2365,40.78,14545.0,,23.39,https://riftbound.gg/decks/leblanc-wins-city-challenge-changzhou/
1970,riftboundgg,lux-lady-of-luminosity-starter-deck-caa1y,Lux - Lady of Luminosity - Starter Deck,Lux - Lady of Luminosity,Legend,5.2320,69.31,6.0,,0.87,https://riftbound.gg/decks/lux-lady-of-luminosity-starter-deck-caa1y/
1971,riftboundgg,zrob-saturday-riftbound-tournament-copy-2t9jm,Zrob  - Saturday Riftbound Tournament - copy,Lee Sin - Blind Monk,Legend,5.2216,72.31,10.0,,1.64,https://riftbound.gg/decks/zrob-saturday-riftbound-tournament-copy-2t9jm/
1972,riftboundgg,lee-sin-blind-monk-deck-5udmq,Lee Sin - Blind Monk Deck,Lee Sin - Blind Monk,Legend,5.2129,73.63,13.0,,0.87,https://riftbound.gg/decks/lee-sin-blind-monk-deck-5udmq/
1973,piltoverarchive,0175fe8c-ed60-4ef0-b028-567f961ed687,UNLEASHIN DA LEE SIN! - Lee Sin Tempo Midrange Deck,"Lee Sin, Blind Monk",Legend,5.2075,17.73,7900.0,0,120.00,https://piltoverarchive.com/decks/view/0175fe8c-ed60-4ef0-b028-567f961ed687
1974,piltoverarchive,4e644f0e-dd99-49f0-9bf3-cfd8d7678f36,UPGRADED - Lee Sin (Precon),"Lee Sin, Blind Monk",Legend,5.1834,24.41,3500.0,0,120.00,https://piltoverarchive.com/decks/view/4e644f0e-dd99-49f0-9bf3-cfd8d7678f36
1975,riftboundgg,rumble-champion-deck-copy-6h77p,Rumble Champion Deck - copy,Rumble - Mechanized Menace,Legend,5.1534,81.29,15.0,,0.38,https://riftbound.gg/decks/rumble-champion-deck-copy-6h77p/
1976,piltoverarchive,234638f0-5e4d-48ac-8cc1-d1de923ddf22,leeSin  preCon Upgrade,"Lee Sin, Blind Monk",Legend,5.1123,11.68,3400.0,0,90.00,https://piltoverarchive.com/decks/view/234638f0-5e4d-48ac-8cc1-d1de923ddf22
1977,piltoverarchive,33158c6b-893b-43b1-959f-dd8707ab64ae,Kha&#x27;Zix,Kha'Zix - Voidreaver,Legend,5.0957,250.69,1400.0,0,30.00,https://piltoverarchive.com/decks/view/33158c6b-893b-43b1-959f-dd8707ab64ae
1978,riftboundgg,bear-imagines-dragons,Bear Imagines Dragons,Volibear - Relentless Storm,Legend,5.0664,48.82,8.0,,1.16,https://riftbound.gg/decks/bear-imagines-dragons/
1979,piltoverarchive,4c83cd08-1db8-419a-af7b-37e084edc4d8,President Lee,"Lee Sin, Blind Monk",Legend,5.0076,23.27,4100.0,1,150.00,https://piltoverarchive.com/decks/view/4c83cd08-1db8-419a-af7b-37e084edc4d8
1980,riftboundgg,lee-sin-nexus-night-winner,Lee Sin Nexus Night Winner,Lee Sin - Blind Monk (Origins Release Event Promo),Legend,4.9581,22.08,14215.0,,189.46,https://riftbound.gg/decks/lee-sin-nexus-night-winner/
1981,riftboundgg,renata-glasc-chem-baroness-deck-8nsfo,Renata Glasc - Chem-Baroness Deck,Renata Glasc - Chem-Baroness,Legend,4.9250,262.19,3.0,,0.05,https://riftbound.gg/decks/renata-glasc-chem-baroness-deck-8nsfo/
1982,riftboundgg,darius-hand-of-noxus-deck-vmdaw,Darius - Hand of Noxus Deck,Darius - Hand of Noxus,Legend,4.9095,37.59,25.0,,1.43,https://riftbound.gg/decks/darius-hand-of-noxus-deck-vmdaw/
1983,riftboundgg,volibear-relentless-storm-deck-xpxir,Volibear - Relentless Storm Deck,Volibear - Relentless Storm,Legend,4.8548,40.36,11.0,,1.22,https://riftbound.gg/decks/volibear-relentless-storm-deck-xpxir/
1984,riftboundgg,renata-glasc-top-256-suzhou-regional-copy-qgc7c,Renata Glasc Top 256 Suzhou Regional - copy,Renata Glasc - Chem-Baroness,Legend,4.8426,188.59,6.0,,0.06,https://riftbound.gg/decks/renata-glasc-top-256-suzhou-regional-copy-qgc7c/
1985,riftboundgg,volibear-relentless-storm-deck-1dvgi,Volibear - Relentless Storm Deck,Volibear - Relentless Storm,Legend,4.7278,26.94,14.0,,1.66,https://riftbound.gg/decks/volibear-relentless-storm-deck-1dvgi/
1986,riftboundgg,darkcuzer-weekly-riftbound-cr-unl,DarkCuzer - Weekly Riftbound CR - UNL,Fizz - Trickster,Champion,4.7266,540.87,218.0,,0.81,https://riftbound.gg/decks/darkcuzer-weekly-riftbound-cr-unl/
1987,riftboundgg,garen-might-of-demacia-deck-copy-2,Garen Might of Demacia Deck - copy 2,Garen - Might of Demacia,Legend,4.7113,24.14,40540.0,,286.95,https://riftbound.gg/decks/garen-might-of-demacia-deck-copy-2/
1988,riftboundgg,renata-glasc-chem-baroness-deck-copy-qeeki,Renata Glasc - Chem-Baroness Deck - copy,Renata Glasc - Chem-Baroness,Legend,4.7083,140.14,10.0,,0.83,https://riftbound.gg/decks/renata-glasc-chem-baroness-deck-copy-qeeki/
1989,riftboundgg,renata-glasc-chem-baroness-deck-p3vf6,Renata Glasc - Chem-Baroness Deck,Renata Glasc - Chem-Baroness,Legend,4.7054,139.63,7.0,,1.63,https://riftbound.gg/decks/renata-glasc-chem-baroness-deck-p3vf6/
1990,riftboundgg,volibear-relentless-storm-deck-mshqz,Volibear - Relentless Storm Deck,Volibear - Relentless Storm,Legend,4.6929,32.92,15.0,,0.86,https://riftbound.gg/decks/volibear-relentless-storm-deck-mshqz/
1991,riftboundgg,unleashed-vex-champion-deck,Unleashed Vex Champion Deck,Vex - Cheerless,Legend,4.6815,26.40,21098.0,,1.22,https://riftbound.gg/decks/unleashed-vex-champion-deck/
1992,riftboundgg,volibear-relentless-dragon-storm,Volibear - Relentless Dragon Storm,Volibear - Relentless Storm,Legend,4.6624,40.41,9.0,,0.52,https://riftbound.gg/decks/volibear-relentless-dragon-storm/
1993,riftboundgg,jose-schofield-weekly-riftbound-cr-unl-5jpqz,Jose Schofield  - Weekly Riftbound CR - UNL,Akshan - Mischievous,Champion,4.5895,439.23,186.0,,0.81,https://riftbound.gg/decks/jose-schofield-weekly-riftbound-cr-unl-5jpqz/
1994,riftboundgg,garen-might-of-demacia-deck-8r45z,Garen Might of Demacia Deck,Garen - Might of Demacia,Legend,4.4931,14.40,21098.0,,267.24,https://riftbound.gg/decks/garen-might-of-demacia-deck-8r45z/
1995,riftboundgg,vi-spell-heavy,Vi - Spell Heavy,Vayne - Hunter,Champion,4.4204,558.08,201.0,,1.13,https://riftbound.gg/decks/vi-spell-heavy/
1996,riftboundgg,vi-spell-heavy-deck,Vi- spell heavy deck,Vayne - Hunter,Champion,4.4154,558.08,198.0,,1.14,https://riftbound.gg/decks/vi-spell-heavy-deck/
1997,riftboundgg,vex-gloomist-deck-ilrye,Vex - Gloomist Deck,Vex - Gloomist,Legend,4.2592,633.33,113.0,,1.35,https://riftbound.gg/decks/vex-gloomist-deck-ilrye/
1998,riftboundgg,starter-deck-lee-sin-copy-bfkzq,Starter Deck Lee Sin - copy,Lee Sin - Blind Monk,Legend,4.1916,38.89,14.0,,0.51,https://riftbound.gg/decks/starter-deck-lee-sin-copy-bfkzq/
1999,riftboundgg,bruce-lee-aura,BRUCE LEE AURA,Lee Sin - Blind Monk,Legend,4.1177,40.64,11.0,,0.23,https://riftbound.gg/decks/bruce-lee-aura/
2000,riftboundgg,new-deck-s78p7,New Deck,Rengar - Pridestalker,Legend,4.0731,259.72,173.0,,1.00,https://riftbound.gg/decks/new-deck-s78p7/
2001,riftboundgg,renata-glasc-chem-baroness-deck-r1uqm,Renata Glasc - Chem-Baroness Deck,Renata Glasc - Chem-Baroness,Legend,4.0155,107.94,5.0,,0.24,https://riftbound.gg/decks/renata-glasc-chem-baroness-deck-r1uqm/
2002,riftboundgg,new-deck-copy-46rkv,New Deck - copy,Pyke - Bloodharbor Ripper,Legend,4.0083,190.34,198.0,,0.91,https://riftbound.gg/decks/new-deck-copy-46rkv/
2003,riftboundgg,volis-dragons,Volis dragons,Volibear - Relentless Storm (Origins Release Event Promo),Legend,3.9840,9.05,6.0,,1.25,https://riftbound.gg/decks/volis-dragons/
2004,riftboundgg,luis-cajiao-weekly-riftbound-cr-unl-fijfr,Luis Cajiao - Weekly Riftbound CR - UNL,Blitzcrank - Impassive,Champion,3.9388,755.82,23.0,,0.81,https://riftbound.gg/decks/luis-cajiao-weekly-riftbound-cr-unl-fijfr/
2005,riftboundgg,lillia-bashful-bloom-deck-copy-4,Lillia - Bashful Bloom Deck - copy 4,Lillia - Bashful Bloom,Legend,3.9351,232.54,127.0,,1.21,https://riftbound.gg/decks/lillia-bashful-bloom-deck-copy-4/
2006,riftboundgg,durin-weekly-riftbound-cr-unl,Durin - Weekly Riftbound CR - UNL,Fizz - Trickster,Champion,3.9239,630.48,26.0,,0.81,https://riftbound.gg/decks/durin-weekly-riftbound-cr-unl/
2007,riftboundgg,diana-sydney-dhawally-copy,Diana - Sydney Dhаwаlly - copy,Diana - Scorn of the Moon,Legend,3.9069,210.46,136.0,,1.04,https://riftbound.gg/decks/diana-sydney-dhawally-copy/
2008,riftboundgg,khazix-voidreaver-deck-trkci,Kha'Zix - Voidreaver Deck,Kha'Zix - Voidreaver,Legend,3.8793,1806.87,20.0,,0.97,https://riftbound.gg/decks/khazix-voidreaver-deck-trkci/
2009,riftboundgg,diana-scorn-of-the-moon-deck-mz7z3,Diana - Scorn of the Moon Deck,Diana - Scorn of the Moon,Legend,3.8581,435.71,81.0,,0.34,https://riftbound.gg/decks/diana-scorn-of-the-moon-deck-mz7z3/
2010,riftboundgg,poppy-keeper-of-the-hammer-deck-sxt8f,Poppy - Keeper of the Hammer Deck,,,3.8500,132.74,174.0,,1.07,https://riftbound.gg/decks/poppy-keeper-of-the-hammer-deck-sxt8f/
2011,riftboundgg,vi-top-16-at-s3-suzhou-city-challenge-copy-kk7th,Vi Top 16 at S3 Suzhou City Challenge - copy,Vi - Piltover Enforcer,Legend,3.8385,262.35,94.0,,1.09,https://riftbound.gg/decks/vi-top-16-at-s3-suzhou-city-challenge-copy-kk7th/
2012,riftboundgg,rengar-2nd-at-city-challenge-taiyuan-copy-xqmxd,Rengar 2nd at City Challenge — Taiyuan - copy,Rengar - Pridestalker,Legend,3.7969,86.38,193.0,,1.10,https://riftbound.gg/decks/rengar-2nd-at-city-challenge-taiyuan-copy-xqmxd/
2013,riftboundgg,renata-dfznf,Renata??,Renata Glasc - Chem-Baroness,Legend,3.7560,98.31,2.0,,1.25,https://riftbound.gg/decks/renata-dfznf/
2014,riftboundgg,ivern-green-father-deck-4yu02,Ivern - Green Father Deck,Ivern - Green Father,Legend,3.7499,126.23,171.0,,0.46,https://riftbound.gg/decks/ivern-green-father-deck-4yu02/
2015,riftboundgg,vex-control-copy-f7l94,Vex Control - copy,Vex - Gloomist,Legend,3.7369,137.99,137.0,,0.83,https://riftbound.gg/decks/vex-control-copy-f7l94/
2016,riftboundgg,ivern-green-father-deck-uxjog,Ivern - Green Father Deck,Ivern - Green Father,Legend,3.7033,306.34,64.0,,0.82,https://riftbound.gg/decks/ivern-green-father-deck-uxjog/
2017,riftboundgg,lillia-bashful-bloom-deck-7xu2f,Lillia - Bashful Bloom Deck,Lillia - Bashful Bloom,Legend,3.6983,119.80,129.0,,0.90,https://riftbound.gg/decks/lillia-bashful-bloom-deck-7xu2f/
2018,riftboundgg,rengar-pridestalker-deck-tk7h8,Rengar - Pridestalker Deck,,,3.6975,446.64,53.0,,0.34,https://riftbound.gg/decks/rengar-pridestalker-deck-tk7h8/
2019,riftboundgg,jose-madriz-weekly-riftbound-cr-unl-czuq7,Jose Madriz  - Weekly Riftbound CR - UNL,Sona - Harmonious,Champion,3.6353,315.75,23.0,,0.81,https://riftbound.gg/decks/jose-madriz-weekly-riftbound-cr-unl-czuq7/
2020,riftboundgg,vex-gloomist-deck-4c1vx,Vex - Gloomist Deck,Vex - Gloomist,Legend,3.6312,57.10,185.0,,1.51,https://riftbound.gg/decks/vex-gloomist-deck-4c1vx/
2021,riftboundgg,vex-gloomist-deck-dlqf5,Vex - Gloomist Deck,Vex - Gloomist,Legend,3.6101,48.90,210.0,,1.33,https://riftbound.gg/decks/vex-gloomist-deck-dlqf5/
2022,riftboundgg,vex-gloomist-deck-xauze,Vex - Gloomist Deck,Vex - Gloomist,Legend,3.5722,71.78,132.0,,1.51,https://riftbound.gg/decks/vex-gloomist-deck-xauze/
2023,riftboundgg,leblanc-deceiver-deck-zqghu,LeBlanc - Deceiver Deck,LeBlanc - Deceiver,Legend,3.5575,51.00,171.0,,1.49,https://riftbound.gg/decks/leblanc-deceiver-deck-zqghu/
2024,riftboundgg,rengar-pridestalker-deck-jflhl,Rengar - Pridestalker Deck,Qiyana - Victorious,Champion,3.4891,535.40,18.0,,1.63,https://riftbound.gg/decks/rengar-pridestalker-deck-jflhl/
2025,riftboundgg,jhin-virtuoso-deck-bn2yf,Jhin - Virtuoso Deck,Jhin - Virtuoso,Legend,3.4120,113.05,89.0,,0.13,https://riftbound.gg/decks/jhin-virtuoso-deck-bn2yf/
2026,riftboundgg,khazix-2nd-at-s3-zhongshan-city-challenge-copy-lgw11,Kha'Zix 2nd at S3 Zhongshan City Challenge - copy,Kha'Zix - Voidreaver,Legend,3.3920,346.97,24.0,,0.27,https://riftbound.gg/decks/khazix-2nd-at-s3-zhongshan-city-challenge-copy-lgw11/
2027,riftboundgg,fun-no,fun? no.,Pyke - Bloodharbor Ripper,Legend,3.3756,944.45,9.0,,1.22,https://riftbound.gg/decks/fun-no/
2028,riftboundgg,diana-top-8-at-sydney-regional-qualifier-copy-2-563eo,Diana Top 8 at Sydney Regional Qualifier - copy 2,Diana - Scorn of the Moon,Legend,3.3372,263.18,30.0,,0.28,https://riftbound.gg/decks/diana-top-8-at-sydney-regional-qualifier-copy-2-563eo/
2029,riftboundgg,jhin-top-256-at-sydney-regional-qualifiier-copy-smoe9,Jhin Top 256 at Sydney Regional Qualifiier - copy,Jhin - Virtuoso,Legend,3.3170,209.47,32.0,,0.27,https://riftbound.gg/decks/jhin-top-256-at-sydney-regional-qualifiier-copy-smoe9/
2030,riftboundgg,diana-top-4-at-sydney-regional-qualifier-copy-2-jknok,Diana Top 4 at Sydney Regional Qualifier - copy 2,Diana - Scorn of the Moon,Legend,3.2710,198.66,30.0,,0.58,https://riftbound.gg/decks/diana-top-4-at-sydney-regional-qualifier-copy-2-jknok/
2031,riftboundgg,diana-w6hjt,Diana,Fizz - Trickster,Champion,3.2688,400.05,16.0,,1.01,https://riftbound.gg/decks/diana-w6hjt/
2032,riftboundgg,vex-gloomist-deck-k3r5w,Vex - Gloomist Deck,Vex - Gloomist,Legend,3.2368,24.33,209.0,,0.09,https://riftbound.gg/decks/vex-gloomist-deck-k3r5w/
2033,riftboundgg,poppy-keeper-of-the-hammer-deck-jucdx,Poppy - Keeper of the Hammer Deck,Poppy - Keeper of the Hammer,Legend,3.2133,386.56,15.0,,0.84,https://riftbound.gg/decks/poppy-keeper-of-the-hammer-deck-jucdx/
2034,riftboundgg,vex-16th-sydney-rq,Vex 16th Sydney RQ,Vex - Gloomist,Legend,3.2021,457.01,11.0,,1.28,https://riftbound.gg/decks/vex-16th-sydney-rq/
2035,riftboundgg,khazix-top-china,Kha'Zix - top china,Kha'Zix - Voidreaver,Legend,3.1769,42.22,109.0,,0.26,https://riftbound.gg/decks/khazix-top-china/
2036,riftboundgg,rengar-pridestalker-deck-u4h5l,Rengar - Pridestalker Deck,Rengar - Pridestalker,Legend,3.1698,355.81,14.0,,0.95,https://riftbound.gg/decks/rengar-pridestalker-deck-u4h5l/
2037,riftboundgg,pyke-bloodharbor-ripper-deck-ncxi2,Pyke - Bloodharbor Ripper Deck,Fizz - Trickster,Champion,3.1594,416.93,14.0,,0.35,https://riftbound.gg/decks/pyke-bloodharbor-ripper-deck-ncxi2/
2038,riftboundgg,vex-gloomist-deck-ohpry,Vex - Gloomist Deck,Vex - Cheerless,Legend,3.1423,26.88,135.0,,0.55,https://riftbound.gg/decks/vex-gloomist-deck-ohpry/
2039,riftboundgg,pyke-74th-sydney-rq,Pyke 74th Sydney RQ,Pyke - Bloodharbor Ripper,Legend,3.1308,205.58,19.0,,1.26,https://riftbound.gg/decks/pyke-74th-sydney-rq/
2040,riftboundgg,lillia-best-of-sydney-rq-copy,Lillia Best of Sydney RQ - copy,Lillia - Bashful Bloom,Legend,3.1303,90.53,43.0,,0.51,https://riftbound.gg/decks/lillia-best-of-sydney-rq-copy/
2041,riftboundgg,vi-top-128-at-sydney-regional-qualifier-copy-q37zz,Vi Top 128 at Sydney Regional Qualifier - copy,Vi - Piltover Enforcer,Legend,3.1299,168.97,20.0,,1.14,https://riftbound.gg/decks/vi-top-128-at-sydney-regional-qualifier-copy-q37zz/
2042,riftboundgg,lillia-bashful-bloom-deck-07k6s,Lillia - Bashful Bloom Deck,Lillia - Bashful Bloom,Legend,3.1110,221.96,18.0,,1.03,https://riftbound.gg/decks/lillia-bashful-bloom-deck-07k6s/
2043,riftboundgg,vex-top-4-at-sydney-regional-qualifier-copy-zcyuz,Vex Top 4 at Sydney Regional Qualifier - copy,Vex - Gloomist,Legend,3.1055,27.17,133.0,,0.04,https://riftbound.gg/decks/vex-top-4-at-sydney-regional-qualifier-copy-zcyuz/
2044,riftboundgg,rengar-pridestalker-deck-ks081,Rengar - Pridestalker Deck,Rengar - Pridestalker,Legend,3.0986,264.25,15.0,,0.05,https://riftbound.gg/decks/rengar-pridestalker-deck-ks081/
2045,riftboundgg,pyke-bloodharbor-ripper-deck-6pxdr,Pyke - Bloodharbor Ripper Deck,Fizz - Trickster,Champion,3.0795,195.48,16.0,,1.61,https://riftbound.gg/decks/pyke-bloodharbor-ripper-deck-6pxdr/
2046,riftboundgg,khazix-voidreaver-deck-kmbri,Kha'Zix - Voidreaver Deck,Kha'Zix - Voidreaver,Legend,3.0367,15.43,167.0,,0.46,https://riftbound.gg/decks/khazix-voidreaver-deck-kmbri/
2047,riftboundgg,diana-blue,Diana - Blue,Diana - Scorn of the Moon,Legend,3.0323,339.12,10.0,,1.01,https://riftbound.gg/decks/diana-blue/
2048,riftboundgg,leblanc-deceiver-deck-7wief,LeBlanc - Deceiver Deck,LeBlanc - Deceiver,Legend,3.0171,174.98,18.0,,0.93,https://riftbound.gg/decks/leblanc-deceiver-deck-7wief/
2049,riftboundgg,khazix-voidreaver-deck-vszf8,Kha'Zix - Voidreaver Deck,Kha'Zix - Voidreaver,Legend,3.0156,391.70,9.0,,0.75,https://riftbound.gg/decks/khazix-voidreaver-deck-vszf8/
2050,riftboundgg,ivern-green-father-deck-h7ucf,Ivern - Green Father Deck,Ivern - Green Father,Legend,2.9829,15.56,122.0,,1.21,https://riftbound.gg/decks/ivern-green-father-deck-h7ucf/
2051,riftboundgg,leblanc-deceiver-deck-uo7uz,LeBlanc - Deceiver Deck,LeBlanc - Deceiver,Legend,2.9763,243.83,11.0,,1.25,https://riftbound.gg/decks/leblanc-deceiver-deck-uo7uz/
2052,riftboundgg,vex-gloomist-deck-4fswg,Vex - Gloomist Deck,,,2.9537,526.33,5.0,,1.17,https://riftbound.gg/decks/vex-gloomist-deck-4fswg/
2053,riftboundgg,jhin-virtuoso-deck-131z3,Jhin - Virtuoso Deck,Jhin - Virtuoso,Legend,2.9533,220.13,10.0,,1.74,https://riftbound.gg/decks/jhin-virtuoso-deck-131z3/
2054,riftboundgg,diana-scorn-of-the-moon-deck-uu7gt,Diana - Scorn of the Moon Deck,Diana - Scorn of the Moon,Legend,2.9525,217.87,11.0,,1.41,https://riftbound.gg/decks/diana-scorn-of-the-moon-deck-uu7gt/
2055,riftboundgg,ivern-top-64-at-s3-beijing-city-challenge-copy-6grti,Ivern Top 64 at S3 Beijing City Challenge - copy,Ivern - Green Father,Legend,2.9470,13.57,132.0,,0.96,https://riftbound.gg/decks/ivern-top-64-at-s3-beijing-city-challenge-copy-6grti/
2056,riftboundgg,jhin-virtuoso-deck-copy-25lal,Jhin - Virtuoso Deck - copy,Jhin - Virtuoso,Legend,2.9468,179.38,13.0,,1.40,https://riftbound.gg/decks/jhin-virtuoso-deck-copy-25lal/
2057,riftboundgg,ivern-green-father-deck-z0xme,Ivern - Green Father Deck,Ivern - Green Father,Legend,2.9400,13.38,131.0,,0.97,https://riftbound.gg/decks/ivern-green-father-deck-z0xme/
2058,riftboundgg,new-deck-xci56,New Deck,Diana - Scorn of the Moon,Legend,2.9007,258.63,11.0,,0.30,https://riftbound.gg/decks/new-deck-xci56/
2059,riftboundgg,pyke-rage,Pyke Rage,Pyke - Bloodharbor Ripper,Legend,2.8943,107.27,19.0,,1.20,https://riftbound.gg/decks/pyke-rage/
2060,riftboundgg,lillia-cook,Lillia Cook,Lillia - Bashful Bloom,Legend,2.8925,100.62,18.0,,1.64,https://riftbound.gg/decks/lillia-cook/
2061,riftboundgg,leblanc-top-8-at-sydney-regional-qualifier-copy-cnxph,LeBlanc Top 8 at Sydney Regional Qualifier - copy,LeBlanc - Deceiver,Legend,2.8801,109.66,22.0,,0.39,https://riftbound.gg/decks/leblanc-top-8-at-sydney-regional-qualifier-copy-cnxph/
2062,riftboundgg,poppy-keeper-of-the-hammer-deck-po1o5,Poppy - Keeper of the Hammer Deck,Karthus - Eternal,Champion,2.8704,119.37,15.0,,1.52,https://riftbound.gg/decks/poppy-keeper-of-the-hammer-deck-po1o5/
2063,riftboundgg,ivern-green-father-deck-mckn1,Ivern - Green Father Deck,Ivern - Green Father,Legend,2.8679,9.35,148.0,,0.89,https://riftbound.gg/decks/ivern-green-father-deck-mckn1/
2064,riftboundgg,vi-piltover-enforcer-deck-8b1mt,Vi - Piltover Enforcer Deck,Vi - Piltover Enforcer,Legend,2.8485,246.12,8.0,,1.12,https://riftbound.gg/decks/vi-piltover-enforcer-deck-8b1mt/
2065,riftboundgg,jhin-virtuoso-deck-2dndt,Jhin - Virtuoso Deck,Janna - Savior,Champion,2.8402,373.73,5.0,,1.25,https://riftbound.gg/decks/jhin-virtuoso-deck-2dndt/
2066,riftboundgg,jhin-virtuoso-deck-upwsz,Jhin - Virtuoso Deck,Jhin - Virtuoso,Legend,2.8323,169.57,12.0,,0.74,https://riftbound.gg/decks/jhin-virtuoso-deck-upwsz/
2067,riftboundgg,vex-gloomist-deck-k9bj6,Vex - Gloomist Deck,Vex - Cheerless,Legend,2.8212,624.54,4.0,,0.04,https://riftbound.gg/decks/vex-gloomist-deck-k9bj6/
2068,riftboundgg,new-deck-vzlhn,New Deck,Vex - Cheerless,Champion,2.8158,283.38,8.0,,0.30,https://riftbound.gg/decks/new-deck-vzlhn/
2069,riftboundgg,vex-ojamaboy,Vex - Ojamaboy,Vex - Gloomist,Legend,2.8065,48.64,29.0,,1.42,https://riftbound.gg/decks/vex-ojamaboy/
2070,riftboundgg,khazix-voidreaver-deck-uzgiy,Kha'Zix - Voidreaver Deck,Kha'Zix - Voidreaver,Legend,2.8058,5.32,190.0,,0.99,https://riftbound.gg/decks/khazix-voidreaver-deck-uzgiy/
2071,riftboundgg,diana-scorn-of-the-moon-deck-xu0cb,Diana - Scorn of the Moon Deck,Diana - Scorn of the Moon,Legend,2.8001,192.68,9.0,,1.06,https://riftbound.gg/decks/diana-scorn-of-the-moon-deck-xu0cb/
2072,riftboundgg,diana-scorn-of-the-moon-deck-copy-nfakk,Diana - Scorn of the Moon Deck - copy,Fizz - Trickster,Champion,2.7976,468.71,5.0,,0.04,https://riftbound.gg/decks/diana-scorn-of-the-moon-deck-copy-nfakk/
2073,riftboundgg,vex-gloomist-deck-ok0mt,Vex - Gloomist Deck,Vex - Gloomist,Legend,2.7939,19.73,60.0,,1.46,https://riftbound.gg/decks/vex-gloomist-deck-ok0mt/
2074,riftboundgg,khazix-voidreaver-deck-4nypb,Kha'Zix - Voidreaver Deck,Kha'Zix - Voidreaver,Legend,2.7853,194.33,10.0,,0.47,https://riftbound.gg/decks/khazix-voidreaver-deck-4nypb/
2075,riftboundgg,jhin-virtuoso-deck-ff0md,Jhin - Virtuoso Deck,Jhin - Virtuoso,Legend,2.7759,292.44,7.0,,0.27,https://riftbound.gg/decks/jhin-virtuoso-deck-ff0md/
2076,riftboundgg,lillia-bashful-bloom-deck-vvjhp,Lillia - Bashful Bloom Deck,Lillia - Bashful Bloom,Legend,2.7755,55.40,24.0,,1.41,https://riftbound.gg/decks/lillia-bashful-bloom-deck-vvjhp/
2077,riftboundgg,diana-xz7gf,Diana,Diana - Scorn of the Moon,Legend,2.7604,199.87,10.0,,0.12,https://riftbound.gg/decks/diana-xz7gf/
2078,riftboundgg,rengar-pridestalker-deck-r6512,Rengar - Pridestalker Deck,,,2.7597,121.51,13.0,,0.87,https://riftbound.gg/decks/rengar-pridestalker-deck-r6512/
2079,riftboundgg,pyke-bloodharbor-ripper-deck-5wmaf,Pyke - Bloodharbor Ripper Deck,Pyke - Bloodharbor Ripper,Legend,2.7559,129.23,11.0,,1.28,https://riftbound.gg/decks/pyke-bloodharbor-ripper-deck-5wmaf/
2080,riftboundgg,pyke-bloodharbor-ripper-deck-q80ns,Pyke - Bloodharbor Ripper Deck,Pyke - Bloodharbor Ripper,Legend,2.7537,93.85,15.0,,1.18,https://riftbound.gg/decks/pyke-bloodharbor-ripper-deck-q80ns/
2081,riftboundgg,vi-cook,Vi Cook,Vi - Piltover Enforcer,Legend,2.7442,208.13,9.0,,0.21,https://riftbound.gg/decks/vi-cook/
2082,riftboundgg,irelia-wins-sydney-regional-qualifier-copy-p9f8d,Irelia wins Sydney Regional Qualifier - copy,Fizz - Trickster,Champion,2.7397,327.20,6.0,,0.06,https://riftbound.gg/decks/irelia-wins-sydney-regional-qualifier-copy-p9f8d/
2083,riftboundgg,lillia-army,Lillia Army,Lillia - Bashful Bloom,Legend,2.7317,136.39,10.0,,1.20,https://riftbound.gg/decks/lillia-army/
2084,riftboundgg,vi-piltover-enforcer-deck-tw25y,Vi - Piltover Enforcer Deck,Vi - Piltover Enforcer,Legend,2.7241,99.56,12.0,,1.58,https://riftbound.gg/decks/vi-piltover-enforcer-deck-tw25y/
2085,riftboundgg,pyke-bloodharbor-ripper-deck-ffed3,Pyke - Bloodharbor Ripper Deck,Pyke - Bloodharbor Ripper,Legend,2.7164,62.08,20.0,,1.12,https://riftbound.gg/decks/pyke-bloodharbor-ripper-deck-ffed3/
2086,riftboundgg,vi-piltover-enforcer-deck-h53wz,Vi - Piltover Enforcer Deck,Vi - Piltover Enforcer,Legend,2.7155,195.12,9.0,,0.13,https://riftbound.gg/decks/vi-piltover-enforcer-deck-h53wz/
2087,riftboundgg,vi-top-128-at-sydney-regional-qualifier-copy-1ytm3,Vi Top 128 at Sydney Regional Qualifier - copy,Vi - Piltover Enforcer,Legend,2.7136,170.05,8.0,,1.07,https://riftbound.gg/decks/vi-top-128-at-sydney-regional-qualifier-copy-1ytm3/
2088,riftboundgg,pyke-bloodharbor-ripper-deck-g7utq,Pyke - Bloodharbor Ripper Deck,Pyke - Bloodharbor Ripper,Legend,2.7090,104.69,11.0,,1.58,https://riftbound.gg/decks/pyke-bloodharbor-ripper-deck-g7utq/
2089,riftboundgg,diana-top-4-at-sydney-regional-qualifier-copy-hyexf,Diana Top 4 at Sydney Regional Qualifier - copy,Diana - Scorn of the Moon,Legend,2.6961,82.29,15.0,,1.05,https://riftbound.gg/decks/diana-top-4-at-sydney-regional-qualifier-copy-hyexf/
2090,riftboundgg,leblanc-leblanc-leblanc-leblanc,LEBLANC LEBLANC LEBLANC LEBLANC,LeBlanc - Deceiver,Legend,2.6930,203.00,8.0,,0.20,https://riftbound.gg/decks/leblanc-leblanc-leblanc-leblanc/
2091,riftboundgg,lillia-bashful-bloom-deck-h32oi,Lillia - Bashful Bloom Deck,Lillia - Bashful Bloom,Legend,2.6911,63.06,17.0,,1.49,https://riftbound.gg/decks/lillia-bashful-bloom-deck-h32oi/
2092,riftboundgg,vex-gloomist-deck-x3vmc,Vex - Gloomist Deck,Vex - Gloomist,Legend,2.6894,44.46,23.0,,1.50,https://riftbound.gg/decks/vex-gloomist-deck-x3vmc/
2093,riftboundgg,pyke-bloodharbor-ripper-deck-7tvs7,Pyke - Bloodharbor Ripper Deck,Pyke - Bloodharbor Ripper,Legend,2.6708,95.32,12.0,,1.15,https://riftbound.gg/decks/pyke-bloodharbor-ripper-deck-7tvs7/
2094,riftboundgg,jhin-virtuoso-deck-y3esy,Jhin - Virtuoso Deck,Jhin - Virtuoso,Legend,2.6703,76.99,17.0,,0.49,https://riftbound.gg/decks/jhin-virtuoso-deck-y3esy/
2095,riftboundgg,jhin-virtuoso-deck-3qdg6,Jhin - Virtuoso Deck,Jhin - Virtuoso,Legend,2.6426,87.09,12.0,,1.19,https://riftbound.gg/decks/jhin-virtuoso-deck-3qdg6/
2096,riftboundgg,vex-gloomist-deck-tuby5,Vex - Gloomist Deck,Vex - Gloomist,Legend,2.6384,182.08,6.0,,1.12,https://riftbound.gg/decks/vex-gloomist-deck-tuby5/
2097,riftboundgg,vex-v2,Vex V2,Vex - Gloomist,Legend,2.6286,82.25,12.0,,1.26,https://riftbound.gg/decks/vex-v2/
2098,riftboundgg,lillia-bashful-bloom-deck-copy-rqajg,Lillia - Bashful Bloom Deck - copy,Lillia - Bashful Bloom,Legend,2.6256,114.68,11.0,,0.31,https://riftbound.gg/decks/lillia-bashful-bloom-deck-copy-rqajg/
2099,riftboundgg,leblanc-deceiver-deck-copy-i2gkx,LeBlanc - Deceiver Deck - copy,LeBlanc - Deceiver,Legend,2.6244,111.09,8.0,,1.75,https://riftbound.gg/decks/leblanc-deceiver-deck-copy-i2gkx/
2100,riftboundgg,rengar-pridestalker-deck-rc8rs,Rengar - Pridestalker Deck,Rengar - Pridestalker,Legend,2.6140,165.98,7.0,,0.60,https://riftbound.gg/decks/rengar-pridestalker-deck-rc8rs/
2101,riftboundgg,lilia-wins-s3-shanghai-city-challenge-copy-qcxz0,Lilia wins S3 Shanghai City Challenge - copy,Lillia - Bashful Bloom,Legend,2.6087,85.54,14.0,,0.23,https://riftbound.gg/decks/lilia-wins-s3-shanghai-city-challenge-copy-qcxz0/
2102,riftboundgg,vex-improved,vex improved,Vex - Gloomist,Legend,2.6046,91.63,11.0,,0.93,https://riftbound.gg/decks/vex-improved/
2103,riftboundgg,vex-gloomist-deck-3xfqm,Vex - Gloomist Deck,Vex - Gloomist,Legend,2.5982,16.49,50.0,,0.73,https://riftbound.gg/decks/vex-gloomist-deck-3xfqm/
2104,riftboundgg,jhin-virtuoso-deck-ocnut,Jhin - Virtuoso Deck,Jhin - Virtuoso,Legend,2.5779,23.59,39.0,,0.27,https://riftbound.gg/decks/jhin-virtuoso-deck-ocnut/
2105,riftboundgg,leblanc-deceiver-deck-copy-wwow3,LeBlanc - Deceiver Deck - copy,LeBlanc - Deceiver,Legend,2.5700,52.51,14.0,,1.72,https://riftbound.gg/decks/leblanc-deceiver-deck-copy-wwow3/
2106,riftboundgg,pyke-top-16-suzhou,Pyke Top 16 Suzhou,Pyke - Bloodharbor Ripper,Legend,2.5622,48.24,20.0,,0.34,https://riftbound.gg/decks/pyke-top-16-suzhou/
2107,riftboundgg,ivern-green-father-deck-cjcet,Ivern - Green Father Deck,Ivern - Green Father,Legend,2.5429,33.04,22.0,,1.20,https://riftbound.gg/decks/ivern-green-father-deck-cjcet/
2108,riftboundgg,lillia-bashful-bloom-deck-copy-203j5,Lillia - Bashful Bloom Deck - copy,Lillia - Bashful Bloom,Legend,2.5389,77.78,11.0,,0.83,https://riftbound.gg/decks/lillia-bashful-bloom-deck-copy-203j5/
2109,riftboundgg,ivern-draw-hold,Ivern - Draw Hold,Ivern - Green Father,Legend,2.5333,15.44,40.0,,1.30,https://riftbound.gg/decks/ivern-draw-hold/
2110,riftboundgg,lillia-bashful-bloom-deck-asf64,Lillia - Bashful Bloom Deck,Lillia - Bashful Bloom,Legend,2.5042,70.43,10.0,,1.25,https://riftbound.gg/decks/lillia-bashful-bloom-deck-asf64/
2111,riftboundgg,vex-starter-deck-copy-qsefp,vex starter deck - copy,Vex - Cheerless,Legend,2.4894,26.88,24.0,,0.45,https://riftbound.gg/decks/vex-starter-deck-copy-qsefp/
2112,riftboundgg,pyke-bloodharbor-ripper-deck-5i4de,Pyke - Bloodharbor Ripper Deck,Fizz - Trickster,Champion,2.4848,58.02,11.0,,1.40,https://riftbound.gg/decks/pyke-bloodharbor-ripper-deck-5i4de/
2113,riftboundgg,vex-irl-crafting-it8th,Vex👻 (irl crafting),Vex - Gloomist,Legend,2.4815,26.83,21.0,,1.55,https://riftbound.gg/decks/vex-irl-crafting-it8th/
2114,riftboundgg,pyke-deck-copy-8y9ri,Pyke deck - copy,,,2.4727,50.50,15.0,,0.40,https://riftbound.gg/decks/pyke-deck-copy-8y9ri/
2115,riftboundgg,diana-scorn-of-the-moon-deck-opolq,Diana - Scorn of the Moon Deck,Diana - Scorn of the Moon,Legend,2.4597,35.72,18.0,,0.82,https://riftbound.gg/decks/diana-scorn-of-the-moon-deck-opolq/
2116,riftboundgg,pyke-release-copy-br2r0,Pyke Release - copy,Pyke - Bloodharbor Ripper,Legend,2.4462,50.92,14.0,,0.36,https://riftbound.gg/decks/pyke-release-copy-br2r0/
2117,riftboundgg,khazix-voidreaver-deck-0fjaa,Kha'Zix - Voidreaver Deck,Kha'Zix - Voidreaver,Legend,2.4347,44.39,15.0,,0.47,https://riftbound.gg/decks/khazix-voidreaver-deck-0fjaa/
2118,riftboundgg,vex-ojamaboy-0fc9e,Vex - OjamaBoy,Vex - Gloomist,Legend,2.4166,63.40,10.0,,0.63,https://riftbound.gg/decks/vex-ojamaboy-0fc9e/
2119,riftboundgg,leblanc-deceiver-deck-copy-6j32v,LeBlanc - Deceiver Deck - copy,LeBlanc - Deceiver,Legend,2.4060,145.43,5.0,,0.07,https://riftbound.gg/decks/leblanc-deceiver-deck-copy-6j32v/
2120,riftboundgg,leblanc-deceiver-deck-x72t5,LeBlanc - Deceiver Deck,Karthus - Eternal,Champion,2.3938,6.51,70.0,,0.13,https://riftbound.gg/decks/leblanc-deceiver-deck-x72t5/
2121,riftboundgg,vex-gloomist-deck-pm2x3,Vex - Gloomist Deck,Vex - Gloomist,Legend,2.3787,29.88,18.0,,0.55,https://riftbound.gg/decks/vex-gloomist-deck-pm2x3/
2122,riftboundgg,poppy-keeper-of-the-hammer-deck-b5j12,Poppy - Keeper of the Hammer Deck,Shen - Kinkou,Champion,2.3640,297.45,2.0,,0.01,https://riftbound.gg/decks/poppy-keeper-of-the-hammer-deck-b5j12/
2123,riftboundgg,new-deck-z63w4,New Deck,Lillia - Bashful Bloom,Legend,2.3606,85.68,7.0,,0.28,https://riftbound.gg/decks/new-deck-z63w4/
2124,riftboundgg,khazix-voidreaver-deck-1wcig,Kha'Zix - Voidreaver Deck,Kha'Zix - Voidreaver,Legend,2.3543,41.47,13.0,,0.42,https://riftbound.gg/decks/khazix-voidreaver-deck-1wcig/
2125,riftboundgg,khazix-voidreaver-deck-2ha8y,Kha'Zix - Voidreaver Deck,Kha'Zix - Voidreaver,Legend,2.3426,61.29,8.0,,0.87,https://riftbound.gg/decks/khazix-voidreaver-deck-2ha8y/
2126,riftboundgg,lillia-bashful-bloom-deck-lex3p,Lillia - Bashful Bloom Deck,Lillia - Bashful Bloom,Legend,2.3337,61.74,8.0,,0.73,https://riftbound.gg/decks/lillia-bashful-bloom-deck-lex3p/
2127,riftboundgg,ivern-green-father-deck-hya06,Ivern - Green Father Deck,Ivern - Green Father,Legend,2.3278,20.00,23.0,,0.39,https://riftbound.gg/decks/ivern-green-father-deck-hya06/
2128,riftboundgg,vex-gloomist-deck-64p1z,Vex - Gloomist Deck,Vex - Gloomist,Legend,2.3163,37.74,11.0,,1.15,https://riftbound.gg/decks/vex-gloomist-deck-64p1z/
2129,riftboundgg,vex-gloomist-deck-zsok2,Vex - Gloomist Deck,Vex - Gloomist,Legend,2.3018,73.17,7.0,,0.21,https://riftbound.gg/decks/vex-gloomist-deck-zsok2/
2130,riftboundgg,leblanc-deceiver-deck-rbfrx,LeBlanc - Deceiver Deck,LeBlanc - Deceiver,Legend,2.2897,52.60,8.0,,0.86,https://riftbound.gg/decks/leblanc-deceiver-deck-rbfrx/
2131,riftboundgg,pyke-bloodharbor-ripper-deck-dx8gk,Pyke - Bloodharbor Ripper Deck,Pyke - Bloodharbor Ripper,Legend,2.2762,29.18,15.0,,0.23,https://riftbound.gg/decks/pyke-bloodharbor-ripper-deck-dx8gk/
2132,riftboundgg,aggro-khazix-5g9c9,Aggro Kha'Zix,Kha'Zix - Voidreaver,Legend,2.2739,49.78,9.0,,0.35,https://riftbound.gg/decks/aggro-khazix-5g9c9/
2133,riftboundgg,vex-jesusbechillin-deck,Vex - Jesusbechillin Deck,Vex - Cheerless,Legend,2.2456,26.88,14.0,,0.53,https://riftbound.gg/decks/vex-jesusbechillin-deck/
2134,riftboundgg,poor-mans-jhin,Poor mans Jhin,Jhin - Virtuoso,Legend,2.2367,17.56,16.0,,1.66,https://riftbound.gg/decks/poor-mans-jhin/
2135,riftboundgg,vex-gloomist-deck-19msd,Vex - Gloomist Deck,Vex - Cheerless,Legend,2.2323,20.16,16.0,,0.96,https://riftbound.gg/decks/vex-gloomist-deck-19msd/
2136,riftboundgg,vex-upgraded,Vex upgraded,Vex - Gloomist,Legend,2.2250,52.36,8.0,,0.05,https://riftbound.gg/decks/vex-upgraded/
2137,riftboundgg,vi-champion-deck,Vi Champion Deck,Vi - Destructive,Legend,2.2135,23.05,13.0,,1.18,https://riftbound.gg/decks/vi-champion-deck/
2138,riftboundgg,vex-gloomist-deck-ly1h0,Vex - Gloomist Deck,Vex - Gloomist,Legend,2.2028,23.77,13.0,,0.89,https://riftbound.gg/decks/vex-gloomist-deck-ly1h0/
2139,riftboundgg,lillia-bashful-bloom-deck-4m3ok,Lillia - Bashful Bloom Deck,Lillia - Bashful Bloom,Legend,2.2016,13.79,21.0,,0.80,https://riftbound.gg/decks/lillia-bashful-bloom-deck-4m3ok/
2140,riftboundgg,vexmaw,Vexmaw,Sona - Harmonious,Champion,2.1973,37.29,8.0,,1.21,https://riftbound.gg/decks/vexmaw/
2141,riftboundgg,vex-gloomist-deck-copy-o6b3v,Vex - Gloomist Deck - copy,Vex - Gloomist,Legend,2.1946,45.19,6.0,,1.68,https://riftbound.gg/decks/vex-gloomist-deck-copy-o6b3v/
2142,riftboundgg,vex-gloomist-deck-qa6q0,Vex - Gloomist Deck,Vex - Gloomist,Legend,2.1915,44.42,8.0,,0.33,https://riftbound.gg/decks/vex-gloomist-deck-qa6q0/
2143,riftboundgg,diana-scorn-of-the-moon-deck-0r4uf,Diana - Scorn of the Moon Deck,Lillia - Bashful Bloom,Legend,2.1636,32.00,8.0,,1.47,https://riftbound.gg/decks/diana-scorn-of-the-moon-deck-0r4uf/
2144,riftboundgg,ivern-budget,Ivern Budget,Ivern - Green Father,Legend,2.1530,11.74,20.0,,0.19,https://riftbound.gg/decks/ivern-budget/
2145,riftboundgg,jhin,Jhin,Jhin - Virtuoso,Legend,2.1459,21.94,13.0,,0.47,https://riftbound.gg/decks/jhin/
2146,riftboundgg,leblanc-deceiver-deck-he6yf,LeBlanc - Deceiver Deck,LeBlanc - Deceiver,Legend,2.1334,10.67,21.0,,1.01,https://riftbound.gg/decks/leblanc-deceiver-deck-he6yf/
2147,riftboundgg,unleashed-vex-champion-deck-copy-ymvw8,Unleashed Vex Champion Deck - copy,Vex - Cheerless,Champion,2.1333,14.47,16.0,,1.11,https://riftbound.gg/decks/unleashed-vex-champion-deck-copy-ymvw8/
2148,riftboundgg,poppy-midrange-copy,poppy midrange - copy,Poppy - Keeper of the Hammer,Legend,2.1268,9.04,23.0,,1.16,https://riftbound.gg/decks/poppy-midrange-copy/
2149,riftboundgg,ivern-green-father-deck-w2mhw,Ivern - Green Father Deck,Ivern - Green Father,Legend,2.1142,11.83,17.0,,1.46,https://riftbound.gg/decks/ivern-green-father-deck-w2mhw/
2150,riftboundgg,jhin-virtuoso-deck-iqpul,Jhin - Virtuoso Deck,Jhin - Virtuoso,Legend,2.1123,97.84,3.0,,0.09,https://riftbound.gg/decks/jhin-virtuoso-deck-iqpul/
2151,riftboundgg,lillia-bashful-bloom-deck-rogfc,Lillia - Bashful Bloom Deck,Lillia - Bashful Bloom,Legend,2.1079,16.90,14.0,,0.75,https://riftbound.gg/decks/lillia-bashful-bloom-deck-rogfc/
2152,riftboundgg,poppy-keeper-of-the-hammer-deck-blex3,Poppy - Keeper of the Hammer Deck,Poppy - Keeper of the Hammer,Legend,2.1056,13.83,15.0,,1.29,https://riftbound.gg/decks/poppy-keeper-of-the-hammer-deck-blex3/
2153,riftboundgg,lillia-bashful-bloom-deck-96vzs,Lillia - Bashful Bloom Deck,Lillia - Bashful Bloom,Legend,2.1034,22.51,11.0,,0.63,https://riftbound.gg/decks/lillia-bashful-bloom-deck-96vzs/
2154,riftboundgg,leblanc-deceiver-deck-69vmb,LeBlanc - Deceiver Deck,LeBlanc - Deceiver,Legend,2.1022,16.20,12.0,,1.74,https://riftbound.gg/decks/leblanc-deceiver-deck-69vmb/
2155,riftboundgg,unleashed-vex-champion-deck-o6f63,Unleashed Vex Champion Deck,Vex - Cheerless,Legend,2.0888,14.73,14.0,,1.13,https://riftbound.gg/decks/unleashed-vex-champion-deck-o6f63/
2156,riftboundgg,vex-gloomist-deck-47ofw,Vex - Gloomist Deck,Vex - Gloomist,Legend,2.0825,31.17,7.0,,1.14,https://riftbound.gg/decks/vex-gloomist-deck-47ofw/
2157,riftboundgg,jhin-top-32-at-s3-foshan-city-challenge-copy-zt27d,Jhin top 32 at S3 Foshan City Challenge - copy,Jhin - Virtuoso,Legend,2.0703,18.75,12.0,,0.55,https://riftbound.gg/decks/jhin-top-32-at-s3-foshan-city-challenge-copy-zt27d/
2158,riftboundgg,master-yi-wuju-master-deck-8fydh,Master Yi - Wuju Master Deck,,,2.0618,11.66,16.0,,1.10,https://riftbound.gg/decks/master-yi-wuju-master-deck-8fydh/
2159,riftboundgg,poppy-keeper-of-the-hammer-deck-hk3ql,Poppy - Keeper of the Hammer Deck,Poppy - Keeper of the Hammer,Legend,2.0605,16.09,13.0,,0.70,https://riftbound.gg/decks/poppy-keeper-of-the-hammer-deck-hk3ql/
2160,riftboundgg,ivern-green-father-deck-8or19,Ivern - Green Father Deck,Janna - Savior,Champion,2.0561,17.25,11.0,,1.23,https://riftbound.gg/decks/ivern-green-father-deck-8or19/
2161,riftboundgg,khazix-irelia-like,Kha'Zix - Irelia like,Kha'Zix - Voidreaver,Legend,2.0503,54.66,4.0,,0.70,https://riftbound.gg/decks/khazix-irelia-like/
2162,riftboundgg,vex-gloomist-deck-spmhn,Vex - Gloomist Deck,Vex - Gloomist,Legend,2.0207,26.69,8.0,,0.31,https://riftbound.gg/decks/vex-gloomist-deck-spmhn/
2163,riftboundgg,vex-wgrsp,Vex,Vex - Gloomist,Legend,2.0184,27.52,7.0,,0.82,https://riftbound.gg/decks/vex-wgrsp/
2164,riftboundgg,vex-gloomist-deck-l7hhb,Vex - Gloomist Deck,Vex - Gloomist,Legend,2.0143,27.10,8.0,,0.14,https://riftbound.gg/decks/vex-gloomist-deck-l7hhb/
2165,riftboundgg,vex-gloomist-deck-czoxe,Vex - Gloomist Deck,Vex - Gloomist,Legend,2.0103,25.56,8.0,,0.36,https://riftbound.gg/decks/vex-gloomist-deck-czoxe/
2166,riftboundgg,lillia-bashful-bloom-deck-dp4qx,Lillia - Bashful Bloom Deck,Lillia - Bashful Bloom,Legend,1.9777,20.13,8.0,,1.06,https://riftbound.gg/decks/lillia-bashful-bloom-deck-dp4qx/
2167,riftboundgg,jhin-virtuoso-deck-ftbua,Jhin - Virtuoso Deck,Jhin - Virtuoso,Legend,1.9606,9.59,14.0,,1.31,https://riftbound.gg/decks/jhin-virtuoso-deck-ftbua/
2168,riftboundgg,leblanc-deceiver-deck-9z5q6,LeBlanc - Deceiver Deck,LeBlanc - Deceiver,Legend,1.9462,59.31,3.0,,0.11,https://riftbound.gg/decks/leblanc-deceiver-deck-9z5q6/
2169,riftboundgg,diana-scorn-of-the-moon-deck-aylzp,Diana - Scorn of the Moon Deck,Diana - Scorn of the Moon,Legend,1.9183,21.48,6.0,,1.41,https://riftbound.gg/decks/diana-scorn-of-the-moon-deck-aylzp/
2170,riftboundgg,vex-gloomist-deck-87887,Vex - Gloomist Deck,Vex - Cheerless,Legend,1.8942,15.09,8.0,,1.26,https://riftbound.gg/decks/vex-gloomist-deck-87887/
2171,riftboundgg,diana-scorn-of-the-moon-deck-0d0hu,Diana - Scorn of the Moon Deck,Diana - Scorn of the Moon,Legend,1.8871,8.96,13.0,,0.93,https://riftbound.gg/decks/diana-scorn-of-the-moon-deck-0d0hu/
2172,riftboundgg,leblanc-deceiver-deck-zn11i,LeBlanc - Deceiver Deck,LeBlanc - Deceiver,Legend,1.8721,32.09,4.0,,0.73,https://riftbound.gg/decks/leblanc-deceiver-deck-zn11i/
2173,riftboundgg,vex-champion-deck-copy,Vex Champion Deck - copy,Vex - Cheerless,Legend,1.8353,60.90,2.0,,0.05,https://riftbound.gg/decks/vex-champion-deck-copy/
2174,riftboundgg,lillia-bashful-bloom-deck-74mvx,Lillia - Bashful Bloom Deck,Lillia - Bashful Bloom,Legend,1.8340,11.56,8.0,,1.73,https://riftbound.gg/decks/lillia-bashful-bloom-deck-74mvx/
2175,riftboundgg,khazix-voidreaver-deck-jnhmb,Kha'Zix - Voidreaver Deck,Kha'Zix - Voidreaver,Legend,1.8338,14.78,7.0,,1.18,https://riftbound.gg/decks/khazix-voidreaver-deck-jnhmb/
2176,riftboundgg,vex-gloomist-deck-wfjys,Vex - Gloomist Deck,Vex - Gloomist,Legend,1.8281,25.48,5.0,,0.09,https://riftbound.gg/decks/vex-gloomist-deck-wfjys/
2177,riftboundgg,rengar-pridestalker-deck-cr31x,Rengar - Pridestalker Deck,Rengar - Pouncing,Legend,1.8113,8.40,11.0,,1.06,https://riftbound.gg/decks/rengar-pridestalker-deck-cr31x/
2178,riftboundgg,ivern-cook,Ivern Cook,Ivern - Green Father,Legend,1.7557,13.97,7.0,,0.18,https://riftbound.gg/decks/ivern-cook/
2179,riftboundgg,ivern-green-father-deck-gij67,Ivern - Green Father Deck,Ivern - Green Father,Legend,1.7262,15.11,5.0,,1.25,https://riftbound.gg/decks/ivern-green-father-deck-gij67/
2180,riftboundgg,kha-zix-theory-craft,Kha Zix Theory craft,Kha'Zix - Voidreaver,Legend,1.6861,9.10,8.0,,0.49,https://riftbound.gg/decks/kha-zix-theory-craft/
2181,riftboundgg,leblanc-deceiver-deck-nppmg,LeBlanc - Deceiver Deck,LeBlanc - Deceiver,Legend,1.6729,10.93,7.0,,0.09,https://riftbound.gg/decks/leblanc-deceiver-deck-nppmg/
2182,riftboundgg,holding-vex,Holding vex,Vex - Gloomist,Legend,1.6378,17.56,4.0,,0.14,https://riftbound.gg/decks/holding-vex/
2183,riftboundgg,suicide-leblanc,Suicide LeBlanc,LeBlanc - Deceiver,Legend,1.5814,14.14,4.0,,0.38,https://riftbound.gg/decks/suicide-leblanc/
2184,riftboundgg,vex-gloomist-deck-1q36g,Vex - Gloomist Deck,Vex - Gloomist,Legend,1.5691,27.11,2.0,,0.06,https://riftbound.gg/decks/vex-gloomist-deck-1q36g/
2185,riftboundgg,ivern-green-father-deck-e6jhe,Ivern - Green Father Deck,Ivern - Green Father,Legend,1.4254,16.39,2.0,,0.44,https://riftbound.gg/decks/ivern-green-father-deck-e6jhe/
2186,riftboundgg,poppy-keeper-of-the-hammer-deck-nvx3g,Poppy - Keeper of the Hammer Deck,Poppy - Keeper of the Hammer,Legend,1.4079,8.49,4.0,,0.10,https://riftbound.gg/decks/poppy-keeper-of-the-hammer-deck-nvx3g/
2187,riftboundgg,vex-gloomist-deck-xzvmd,Vex - Gloomist Deck,Vex - Cheerless,Legend,1.3713,14.68,2.0,,0.06,https://riftbound.gg/decks/vex-gloomist-deck-xzvmd/
2188,riftboundgg,lillia-bashful-bloom-deck-vmm67,Lillia - Bashful Bloom Deck,Lillia - Bashful Bloom,Legend,1.3569,23.30,1.0,,0.05,https://riftbound.gg/decks/lillia-bashful-bloom-deck-vmm67/
2189,riftboundgg,khazix-voidreaver-deck-2kl48,Kha'Zix - Voidreaver Deck,Kha'Zix - Voidreaver,Legend,1.3101,,22.0,,1.58,https://riftbound.gg/decks/khazix-voidreaver-deck-2kl48/
2190,riftboundgg,jhin-virtuoso-deck-yedxd,Jhin - Virtuoso Deck,,,1.2125,,18.0,,1.06,https://riftbound.gg/decks/jhin-virtuoso-deck-yedxd/
2191,riftboundgg,vex-precon-copy-qncdh,Vex Precon - copy,Vex - Cheerless,Legend,1.1239,26.88,0.0,,0.00,https://riftbound.gg/decks/vex-precon-copy-qncdh/
2192,riftboundgg,vi-piltover-enforcer-deck-85qwn,Vi - Piltover Enforcer Deck,Vi - Piltover Enforcer,Legend,1.0692,,13.0,,0.48,https://riftbound.gg/decks/vi-piltover-enforcer-deck-85qwn/
2193,riftboundgg,vi-piltover-enforcer-deck-28j2l,Vi - Piltover Enforcer Deck,Vi - Piltover Enforcer,Legend,1.0396,,11.0,,1.62,https://riftbound.gg/decks/vi-piltover-enforcer-deck-28j2l/
